제품명,공급자,분류,id
(주)교문사 고등 정보 AI 디지털 교육자료,,,696eccfe97b8176b176040c0
(주)교문사 중등 정보 AI 디지털 교육자료,,,696ec8d697b8176b176040ad
10대를 위한 데이터 과학 with 파이썬,,,6984269f7bd5ca9bd889df44
10대를 위한 데이터과학 with 엔트리,,,698424717bd5ca9bd889df1c
121종 리딩캣 패키지 명작고전/위인,,,68a4423196a5de5e42f48b8e
124종 리딩캣 패키지 전세계 수상작,,,68a4487496a5de5e42f48b9d
1gram 저작도구,,,68b67774e10f7f3e4fdb6e8a
365PLAY 학교 전인교육 솔루션,,,69a6a845b8e6b26815aa7428
3D 스팀펜,,,680997a3d0a3cd71055a8c93
56종 리딩캣 패키지 읽기창작,,,68a4414b96a5de5e42f48b86
AI 505_Body 포즈인식 로봇,,,69d704772d46b7aaee7a267a
AI 505_Face 얼굴인식 로봇,,,69d7014c2d46b7aaee7a264d
AI BMI & 악력,,,697b1095096c78cea1177211
AI CRAFT,,,697ad17f5c793e86194d3804
AI Class(AI 클래스),,,697e00da359ffe1a40a9c4d3
AI Edu Class,,,69aa919c3e9f180457dc34ff
AI Feel,,,69897af233ca3c467bb15927
AI SPEAK 2.0 영어,,,697206989ff4c52617c5bca5
AI SPEAK 2.0 한국어,,,6967367beb0770c9a00e311b
AI 과제탐구 프로그램,,,698c24e0dca5e0f3eb20e715
AI 금쪽이 스피커,,,6978428ef24923a0075abc3a
AI 나눔이,,,689456f35ee33869679fa2fc
AI 도면 탐험대 시리즈 8종 세트,,,689982e2d69dd2c77647e050
AI 레몬톡,,,68624ceada873807c1638639
AI 로봇 자동차,,,69e16db08db8e4908fe3ac0b
AI 바이브 코딩 파이드림,,,69a812bf3e9f180457dc2e12
AI 보이스_음성인식 기초,,,69d707422d46b7aaee7a2694
AI 브레인 문해력,,,6981c2f57bd5ca9bd889cfc7
AI 삐리릭,,,6899816ad69dd2c77647e044
AI 상담실 (MIND:ROOM),,,692500dd2d502605860490e9
AI 수시면접 코치,,,69dcf1032d46b7aaee7a3426
AI 스마트 놀이터 로로큐브,,,698006701890f80654fba3b4
AI 스포츠 올인원 A 1.0,,,697b0c8f096c78cea11771e5
AI 스포츠 올인원 B 1.0,,,697b0df8096c78cea11771f7
AI 아바타 코딩,,,6a5795f5f552bd176d3b2bf3
AI 에듀케어봇,,,6a17cffe5a2ee7c772402713
AI 역사 인물 인터뷰,,,69b7e9b81336c87112797506
AI 영어 지문 마스터,,,696dc74397b8176b17603fe2
AI 온북,,,689966d7a6b44535eb4b2221
AI 웹앱 서비스(마이크로비트 연동),,,698030dd178c67925cee6b26
AI 음성인식 - 푸리에 LAB [교재+SW 이용권],,,6997ef0e8b4a97fbefc05ca2
"AI 음악코딩 놀이, 허밍블럭스",,,698ec27de0048a6e2a83fc27
AI 인강학습 도우미 GPTalk(지피톡),,,69ba3b46a77899efee2552a0
AI 인공지능 바둑·오목 로봇 센스로봇 GO,,,691679ef9cac974e827c840f
AI 자리배치 클래스메트리,,,69c37a6734e49888c77d217e
AI 진로 교육,,,698329057bd5ca9bd889d921
AI 천체망원경 (베스페라),,,68076f7589080a9922af84d2
AI 초이스_최적화 실험실,,,69d708832d46b7aaee7a26a5
AI 초피티,,,6899839ed69dd2c77647e061
AI 코딩과 전통 공연,,,698598e033ca3c467bb14e0d
AI 탐봇,,,6808adf8d0a3cd71055a8c5f
AI 탐사로봇 테크노시아 행성을 재건하라,,,69806693752a317e61067fa0
AI 토리드론,,,69800365c4facce2c442ede9
AI 토핑독서,,,680749bb89080a9922af84b7
AI 펭톡,,,6976c478d198ec24b3c96b07
AI 플레도,,,688828671086cf1012ab1056
AI 한자몬,,,6960c817981cd95d142ccbf3
AICE,,,69aa83ed3e9f180457dc3494
AICE Associate,,,689c3f984294a269477e629e
AICE BASIC,,,689c3bcb4294a269477e6272
AIoT 스마트시티 만들기 (홈/팜/주차장/모빌리티등),,,688b249f5ce9ffc1219fef26
AI기반 질문생성훈련 콘텐츠,,,68a1a27ea1b50d7344e44f5e
AI로봇 아티보,,,67ed518a8f91a9e4a5725ee7
AI로봇집게,,,69b8bfaca77899efee254d1b
AI마타수학,,,68307ddd09fd0d85a1954587
AI매직포유,,,69b79cbb1336c871127973aa
AI사장님 클래스,,,6a4350dbaa50d9f07e76153e
AI스토리교실,,,69858f5d33ca3c467bb14d06
AI스포츠박스,,,697b0953096c78cea11771ad
AI이거다,,,6830749909fd0d85a1954570
AI잇플레이와 사회정서학습 [교재+키트],,,697c0b5b460d28f6bf981280
AI최적요리사 - 떡볶이 대결,,,69d70f0a2d46b7aaee7a26e3
AI클래스,,,68341a61d87c1dc60de5ac71
AI튜터,,,689ac373efa6880bd4dc4759
AI포니봇(마이크로비트 기반),,,68491db8343c149ea3c95ff8
AI학교생활기록부,,,698c2a78dca5e0f3eb20e74b
AI헬피챗,,,695f4377981cd95d142ccb00
ALC 학습분석 스테이션 v2,,,6a5f2f87b2d5b0f07d77889e
AR 핑거스토리,,,683408bcd87c1dc60de5ac54
AREX CLIMB,,,6a2bbcac2bcdfc70f75d5570
AR창의융합영어미술 아토리,,,68a8100b4e409908a93dcee1
Abled pingpong App,,,697d85126bb1f9052ab4067e
Agency Workspace,,,69ce12ab5bc27f7d82715389
Aivy(에이비) 창의 서비스 제작 플랫폼,,,69b7c4401336c87112797498
Ai영어쌤,,,6979c8e45c793e86194d34d9
Alan (Alan for Education),,,69c1eb9134e49888c77d1bf4
AllBody (AI 체력측정 & 체력향상),,,689992abd69dd2c77647e0c2
AllviA,,,69687a54eb0770c9a00e31b7
Ally Class,,,69269fad2d50260586049307
Arkain,,,697ad7165c793e86194d382a
Arpe,,,69a31656b8e6b26815aa707e
BIKO,,,697c53d80ee4b35f68df2572
CCT 진로역량검사,,,699b71bdf85a8ae0b1134cbf
CKPASS,,,68a3ceea18079bf29023c0b7
CLASSVR,,,698d5edcdca5e0f3eb20ec41
Class i,,,688c46b3c234a0247e645302
Class1234 & ClassPay,,,696fd6ac7bcaeb4e0d1dd06a
DBT(식행동 검사),,,69c0bf5434e49888c77d18f2
DIT(식생활 섭취 검사),,,69c1e94234e49888c77d1bd8
DIY 2관절 로봇암,,,689c0266547b0d35df0aac1e
DIY 무드등,,,69e16e788db8e4908fe3ac10
DIY 종이드론 교육 키트,,,6a101f2d5a2ee7c772401bd9
DIYGO 시리즈,,,6807539e89080a9922af84be
DST(식생활 스크리닝 검사),,,698c00bbdca5e0f3eb20e58b
Devth,,,697acc865c793e86194d37d8
EBS AI 단추플러스,,,69785f5ef24923a0075abcd1
EBS 교재사이트 및 EBS eBook APP 서비스,,,697b0d6e096c78cea11771eb
EBS 직업,,,69ce08b45bc27f7d82715367
EBS 진로탐색검사,,,69a90e1e3e9f180457dc2fe0
EBS 초등,,,69786178f24923a0075abce6
EBSMath,,,697737e3f24923a0075abaaa
EBSi (EBS 고교강의 사이트),,,69785ed9f24923a0075abccf
ELECTION MANAGER 전자선거/전자투표시스템,,,69aacc67a444d268925308d6
EPAPS,,,69a04d8d83e5e79acc2b5845
ERS v1.0,,,698a94de271b2b60d3e76daa
ERS-i v1.0,,,698992fa33ca3c467bb15a91
ET-Craft (AI 영어 문항 생성기),,,699bfba1f85a8ae0b1134ed9
EduEnuSpace,,,6809a9add0a3cd71055a8cac
FOX vClass,,,699d403bf85a8ae0b11352b5
Fusion360 with 아두이노 실전편,,,69842aef7bd5ca9bd889df8e
FusionSnow Suite,,,6a572345f552bd176d3b2724
G-레이서,,,69b0d80c66d190b7ca04b370
GXLearning,,,68099261d0a3cd71055a8c8d
G봇,,,69b0d3b566d190b7ca04b35d
G큐브-핑퐁로봇,,,67ed45dd8f91a9e4a5725edc
HELP! 전자공학 아두이노 실습 키트,,,698d1b6cdca5e0f3eb20ea69
Hamster Soccer - 햄스터 축구 조이스틱,,,698190a48ce64a7c4f0f9554
ICT 나도작곡가,,,6971da1f5a62a0d14d2fa00b
INFODASH,,,6a256836424771ad0223db54
JCT  기초적성검사,,,699c6b39f85a8ae0b1134fa9
JCT 인성역량검사,,,699c7d90f85a8ae0b1134fc4
JCT 직무적성검사,,,699c714cf85a8ae0b1134fb2
K-오픈배지,,,68304f4409fd0d85a1954548
K1-(만4세) 놀이공원에 왔어요!,,,689d42894294a269477e6346
K1-(만4세) 디코 프렌즈 맵,,,689d43bd4294a269477e634a
K1-(만4세) 반복(1)과 아이템 가져오기,,,689d45c04294a269477e6352
K1-(만4세) 봄이 왔어요!,,,689d40604294a269477e633f
K1-(만4세) 실생활 알고리즘(잼 토스트),,,689d482f4294a269477e635b
K1-(만4세) 실생활 알고리즘(치카치카),,,689d44bb4294a269477e634e
K1-(만4세) 아티스트 선 그리기(1),,,689d47014294a269477e6357
K1-(만4세) 아티스트 선 그리기(2),,,689d493f4294a269477e6360
K1-(만4세) 우리반에 디코가 찾아왔어요!,,,689d3cbf4294a269477e6338
K2-(만5세) 도시 놀이 게임,,,689d4a644294a269477e6365
K2-(만5세) 도장 찍기 놀이,,,689d4fef4294a269477e6386
K2-(만5세) 디코 DDR 리듬 게임,,,689d51264294a269477e638d
K2-(만5세) 디코 댄스 파티,,,689d4d914294a269477e6377
K2-(만5세) 디코 두더지 게임,,,689d55104294a269477e63b0
K2-(만5세) 디코 신디사이저,,,689d52694294a269477e63a0
K2-(만5세) 상상의 문을 열어라,,,689d57824294a269477e63c0
K2-(만5세) 우리 동네 택배 아저씨,,,689d4c164294a269477e636d
K2-(만5세) 우주 괴물 슈팅 게임,,,689d4ebd4294a269477e637c
K2-(만5세) 우주 탐험가 디코,,,689d56284294a269477e63bc
K2-(만5세) 좋은 에너지 먹기,,,689d53a44294a269477e63a9
KIS-PTZ v1.0,,,6989918433ca3c467bb15a75
KIS-PZ120 v1.0,,,688c499fc234a0247e64530c
KIS-VR1010,,,688c48e4c234a0247e64530a
KISVR-FE,,,688c4780c234a0247e645304
KISVR-TV,,,69a7ca663e9f180457dc2ce9
KREDI 독서능력진단검사,,,69a7b2683e9f180457dc2c29
KSD300 조립드론,,,689b01f839870a52ed045aff
KT AI Codiny,,,69aa8b0f3e9f180457dc34d8
KT AI IoT 키트,,,699e993c52f9fb53e4d5be9f
KT AI Studio,,,699ff8d9c1b69b77315588c2
KT 비즈메카EZ,,,699fdf38c1b69b77315587f7
LAT 생활적응검사,,,699b5262f85a8ae0b1134c9b
LCSI 성격검사,,,69cb5252ba9cde4594a4e9d6
LCT 학습역량검사,,,699b6662f85a8ae0b1134cb1
LITHO MASKLESS,,,69b90a32a77899efee254f79
LoroTOPIK,,,6a4de79ca8c837d1d3e5509d
M-AI 과학,,,69b2201c1336c87112796a0f
M-AI 코딩,,,69b217601336c871127969dd
M-AI 파이썬코딩,,,69b220dc1336c87112796a20
M-AI 학습플랫폼,,,6830a4cc09fd0d85a195458d
MET 계열탐색검사,,,698ebd93e0048a6e2a83fc0b
METAWARE Edu School,,,6979d8c75c793e86194d3545
MMS 마이미션스튜디오,,,68940edf22d35e74572081f5
MS.CBT,,,69d36a916550f5213d28a15b
MS.OLP,,,69d365756550f5213d28a150
MS.SIM,,,69d366c46550f5213d28a157
MS.SMT,,,69d35f266550f5213d28a13c
Mai-22AI,,,689b118e39870a52ed045b8e
Mai-22AIW,,,689b12bc39870a52ed045b9c
Mai-22AIWR,,,689b13dc39870a52ed045bb2
Mai-22AIWS,,,689b136239870a52ed045ba6
Mai-22DW,,,689b17fc39870a52ed045bcf
Mai-22DWA,,,689b173d39870a52ed045bc4
Mai-22STA,,,689b1af339870a52ed045bd9
Mai-270SP,,,689af6a2214dff74e65d4b57
Mai-Hyper 86E,,,689aef86214dff74e65d4b1d
Mai-Hyper 86QC,,,689ae39a214dff74e65d4a44
Mai-Phoenix 75A,,,689b09f139870a52ed045b23
Mai-Phoenix 75B,,,689b0a6739870a52ed045b2b
Mai-Phoenix 86A,,,689b0bd839870a52ed045b3d
Mai-Phoenix 86B,,,689b0c4f39870a52ed045b51
Mai-Phoenix 86C,,,689b0ca139870a52ed045b5d
Mai-Phoenix 86D,,,689b0cfb39870a52ed045b6a
Mai-Phoenix 86E,,,689b0d3539870a52ed045b76
Makers지능형과학VR,,,69b1084e66d190b7ca04b480
Math Alive,,,696d74ca97b8176b17603f3f
Math in Math (웹버전),,,69797e2c5c793e86194d32b1
Math41,,,69ac1e0ca444d26892530968
MazM 스튜디오,,,69b7d1b91336c871127974d8
N.A.V.I,,,69e5b05c4bac026aed4638d6
NAVER 웨일 TOSEL 진단-학습-기록 플랫폼,,,69ca084fba9cde4594a4e6eb
NE_Times,,,697fe5cb67acd13bae027646
NLG - 넘버렛츠고,,,68db705cd01fd67b8ec9bf61
New_아이온(AiON),,,689ade13214dff74e65d4a1e
OCT 직무역량검사,,,699c8550f85a8ae0b1134fd3
OSUN 4.0,,,6981a5c38ce64a7c4f0f96fc
Oxford Discover,,,696d775897b8176b17603f47
Oxford Discover Futures,,,696d7c7297b8176b17603f62
PCT 인성역량검사,,,699b5a89f85a8ae0b1134ca6
PI Class 파이클래스,,,69e834cc4bac026aed46400d
PLAGE,,,6830b24409fd0d85a19545a8
PST 성격강점검사,,,699b45b2f85a8ae0b1134c81
PageBuilder,,,6a4700ce954d75daa142d61a
Perso AI (Alan for Education),,,69c1f1a634e49888c77d1c19
Phedy Labs,,,697d6759f30497644c573ec3
Pio Play - 삐오 플레이,,,698192908ce64a7c4f0f9577
Proteus Design Suite,,,69b220da1336c87112796a1b
Quik,,,6982d4f87bd5ca9bd889d613
ROS2 로봇SW 직접 만들고 코딩하자,,,69842e977bd5ca9bd889dfbd
RSPT,,,68d35b29080aeeed7b610140
STLINK,,,6830abca09fd0d85a195459f
SW AI를 위한 마이크로비트 with MakeCode,,,69841faf7bd5ca9bd889dec4
Smart Phonics 3rd,,,69bba3076bfc591f622e7998
SmoodyAI,,,69f0732a699df50a65daf54e
TOPIKBOT,,,6805dc32b352eafdf6fb54f4
TUKORS,,,68a7e5394e409908a93dceb5
ThinkWise 씽크와이즈,,,6981c1a57bd5ca9bd889cfbe
T셀파,,,6830002a42cd392c8ffe1cd7
U+슈퍼스쿨,,,69771b83d198ec24b3c96cfb
UFO 팽이 키트,,,69d48e1e2d46b7aaee7a1e56
UNI NAV,,,69b7a2bd1336c871127973e5
V-AMT,,,698bf25adca5e0f3eb20e524
VET-TV,,,6830b07509fd0d85a19545a5
VLLO,,,69a15de3aa5e0f9568b8ac7e
VR 각영어,,,6805e349b352eafdf6fb5516
VR 금속활자와 직지 만들기,,,68abc76af159c11e1f4a4f3f
VR 명화게임,,,6899a5676afbc34b405a1c99
VR 미술 아틀리에 서비스,,,68abdd77f159c11e1f4a4f6e
VR 안전교육 통합 패키지,,,68940ca622d35e74572081ef
VR 코딩 교구 바윈,,,689144d484984e83b0518b80
VRINNO-META v1.0,,,698a8ff8271b2b60d3e76d73
VRINNO-MG100,,,699be73bf85a8ae0b1134e38
VRINNO-MG200,,,699bea5bf85a8ae0b1134e56
VRWARE ASSEMBLR EDU,,,695f774c981cd95d142ccb3d
VRWARE Edu StoryBuilder,,,695f6a64981cd95d142ccb28
VRWARE edu school,,,67ee55fc81ee21fb9e6b89a7
Vision AI를 기반으로 한 고몰입도 화상회의S/W,,,68a6d61e96a5de5e42f48dd8
WAGZAK JUMP - 와그작점프(앱),,,69cce0515bc27f7d827151dd
WeToon,,,6953852192145e47f8d51801
WeeAI,,,6a27d03a86c5af3ace25dc3e
WiseMiM (PC용 프로그램),,,689aa3aa5129f3dba2e3c631
XR 실감형 안전 교육 및 리포트 서비스,,,68fef27836b3e5214e2fb5bc
XR 실감형 체험존,,,683407b1d87c1dc60de5ac49
XR매직,,,6886db021086cf1012ab0f89
XR사격,,,689ad1963668b58c3f73f948
XR쇼룸,,,6807008a732ca9b79bad4cec
XR스크린,,,689ada2c214dff74e65d49f9
XR스키,,,689ae62d214dff74e65d4a74
YBM 뉴스오매틱,,,69c6356aba9cde4594a4e41b
YBM 리딩팜,,,69c1e15434e49888c77d1b9a
YBM 북커클래스,,,69c4f3fe34e49888c77d2729
Y클라우드,,,69afb61da444d26892530efa
"[건축체험] 식물의 집, 다육이 화분 만들기 체험 키트",,,689cacd64294a269477e631f
[건축체험] 아키조블록 연필꽂이 키트,,,689cab384294a269477e6317
[고등] AI 기반 학생부·진로진학 솔루션,,,69b753571336c871127971d5
[교재] 스토리로 배우는 AI탐사 로봇 바우카,,,698402ae7bd5ca9bd889ddb5
[교재] 엔트리 인공지능과 함께하는 토리드론,,,698419467bd5ca9bd889de75
[교재] 정보과 교육 이론과 실제,,,698423657bd5ca9bd889df04
[교재] 파이썬 인공지능과 함께하는 토리드론,,,698416077bd5ca9bd889de59
[그리스 로마 신화] 신과 영웅의 大 서사시,,,689542705ee33869679fa3ab
[더미키트] 공유보드 조이스틱 컨트롤러,,,689be49939870a52ed045cff
[더미키트] 악어룰렛,,,689afb73214dff74e65d4b94
[더미키트] 인공지능 현관문,,,689be6af39870a52ed045d03
[따프] AI 미러봇,,,699feab5c1b69b773155885a
[로봇공학자] 워킹 로봇 키트,,,69d31b516550f5213d28a02d
[북러닝] 네이버 vs 카카오(도서 제공),,,689c20364294a269477e60f8
[빛공학자] 광섬유 LED 등대 키트,,,69d48c942d46b7aaee7a1e49
[스낵영어네이티브] 영어 독학러를 위한 왕초보 탈출,,,689540045ee33869679fa3a3
[스쿨톡] 교원안심번호,,,689d31fd4294a269477e632a
[스쿨톡] 방문자예약시스템,,,689d38554294a269477e6330
[스쿨톡] 출결관리 시스템,,,689aab6eefa6880bd4dc46d8
[스쿨톡] 학교문자Plus,,,689a95455129f3dba2e3c5b8
[스쿨톡] 학교전화녹음 서비스,,,689aa3bd5129f3dba2e3c637
[에너지환경공학자] 에너지 환경 과학 키트,,,69d4930c2d46b7aaee7a1e81
[에듀인애스크] 원어민 화상영어,,,69c2315734e49888c77d1dc5
[융합기계공학자] 호버컬링볼 키트,,,69d319316550f5213d28a01d
[전자책] 토핑 AI 온라인 독서학습 서비스(월구독),,,69e035a48db8e4908fe3a98a
[제품디자이너] 원형나무 벽시계 키트,,,69d5adb42d46b7aaee7a2182
[제품디자이너] 클레이 탁상시계 키트,,,69d5b0e92d46b7aaee7a21ad
[조명디자이너] LED 조명액자 키트,,,69d498ea2d46b7aaee7a1eaf
[중등] AI 기반 특목·자사고 진학 지원 솔루션,,,69b74f301336c871127971bc
[지혜의 샘] 괴테의 인생 수업,,,689543355ee33869679fa3af
[지혜의샘] 니체가 진료합니다.당신의 삶은 건강한가요?,,,689541885ee33869679fa3a7
[타일공예가] 냄비 받침대 만들기 키트,,,69d49a742d46b7aaee7a1ec1
[패션디자이너] 에코백 만들기 키트,,,69d5af5a2d46b7aaee7a219f
abds-1000M (단안 생물현미경),,,689990d9d69dd2c77647e0ad
e-RS,,,68d35d14080aeeed7b61014b
eDIBON SCADA SYSTEM,,,6896ac3364f9d97d1251b974
ed_Glasses1(이디글래스1) & 열공비서(앱),,,689070e684984e83b0518b5f
e알리미,,,683054eb09fd0d85a1954552
interai,,,6a4b3f0ca8c837d1d3e5201c
issamGPT(아이쌤지피티),,,6a4d94d8a8c837d1d3e54504
klass,,,69688852eb0770c9a00e31d1
master K,,,69672187eb0770c9a00e30f7
masterTOPIK,,,69677060eb0770c9a00e315f
penta-view,,,6a3a5db12bcdfc70f75e04fa
penta-view 일반고용 AI코스웨어 엔진,,,6a4dddc2a8c837d1d3e54ee3
pocketCPR하트푸쉬,,,689462aa5ee33869679fa345
pocketCPR하트푸쉬 키트,,,689464a85ee33869679fa351
tubeLXA,,,689ad12c3668b58c3f73f943
uTradeEdu,,,699d2f37f85a8ae0b11351e7
vFlat,,,69cb2d86ba9cde4594a4e94a
wiCuri,,,69a814d33e9f180457dc2e1b
xTool F1,,,68dcd08fd01fd67b8ec9bfdf
xTool S1,,,68f5c69a34306899b6a128c4
가람수강신청시스템,,,69a0e2d5aa5e0f9568b8a8d1
가르침 AI 동화,,,689f44c9a1b50d7344e44f53
감정자유기법,,,683031be09fd0d85a1954522
갓피플성경,,,698afc5cdca5e0f3eb20e257
강아지형 4족 AI 체험로봇 파이독,,,689ad0803668b58c3f73f93b
개발자 꿈나무를 위한 AI 교육,,,6899a9a76afbc34b405a1cac
건강새싹채소 (무순 외 7종),,,689aa4325129f3dba2e3c63d
건축디자이너 키트,,,69d497742d46b7aaee7a1e9c
경량형 버나 만들기 키트,,,689d69af4294a269477e6404
경영전략 시뮬레이션 MaTS 게임,,,68fb8ddf36b3e5214e2fb572
고교학점제 대비 대학계열 탐색검사,,,6982ab757bd5ca9bd889d3b2
고교학점제학사관리프로그램,,,6983d35e7bd5ca9bd889db22
"고둥둥심포니 Composer 앱(안드로이드, IOS)",,,6a45f5dd954d75daa142c16d
"고둥둥심포니 for EDU(음악,게임,애니메이션)",,,68b64534e10f7f3e4fdb6e6d
고등 공통수학1 전인태 AI 디지털 교육자료,,,696f3716cc6dca7e63dbe807
고등 공통수학1 홍진곤 AI 디지털 교육자료,,,696f3c7acc6dca7e63dbe847
고등 공통수학2 전인태 AI 디지털 교육자료,,,696f3a04cc6dca7e63dbe817
고등 공통수학2 홍진곤 AI 디지털 교육자료,,,696f46a77d96f3e81c9564e8
고등 공통영어1 강상구 AI 디지털 교육자료,,,696f42eccc6dca7e63dbe92a
고등 공통영어1 조수경 AI 디지털 교육자료,,,696f4ad97d96f3e81c956518
고등 공통영어2 강상구 AI 디지털 교육자료,,,696f44047d96f3e81c9564c4
고등 공통영어2 조수경 AI 디지털 교육자료,,,696f4a337d96f3e81c956511
고등 정보 김현철 AI 디지털 교육자료,,,696f4d717d96f3e81c956535
곰믹스 비즈니스,,,68a2b3ad18079bf29023bf93
곰이지패스 비즈니스,,,68a2c96718079bf29023c002
곰캠 비즈니스,,,68a2bb7c18079bf29023bfbb
곰플레이어+ 비즈니스,,,68a2c05418079bf29023bfd9
곰픽 비즈니스,,,68a2c53818079bf29023bfed
공공 클라우드 LMS,,,6979b0245c793e86194d33c2
공유보드,,,689bea5e39870a52ed045d0a
공학도서관,,,698ad2e1dca5e0f3eb20e0c4
과학동아에어 에듀,,,681065a71507b62dfa2ec012
교보문고 구독형 전자도서관,,,6982e57d7bd5ca9bd889d6fc
교보문고 소장형 전자도서관,,,6982e6f07bd5ca9bd889d71c
교육·기업을 위한 차세대 AI 통합 솔루션 위즈AI,,,69ccc9acba9cde4594a4ed54
교육용 로봇 유카,,,689ad3e8787389d96173efeb
교풀AI,,,691ae149f9e1c06c57c44274
구구판,,,688a2c5ccb060e6edb519cdc
구글EDLA인증 55인치 안드로이드 13 전자칠판,,,68b53c2004ffa38f86283037
구글EDLA인증 65인치 스탠다드 전자칠판,,,68c258c959dc14afc8aad590
구름EDU,,,696f1dfecc6dca7e63dbe7d2
국어로,,,68a3d1e218079bf29023c0d1
굴착기 조작훈련 시뮬레이터,,,67fcb540ab5fde8bf458d8dc
굿노트,,,68342249d87c1dc60de5ac91
균형잡는 앵무새 키트,,,69d48ae62d46b7aaee7a1e40
그래머피티,,,69d3ba262d46b7aaee7a1d3a
그래피툰,,,683424f9d87c1dc60de5ac93
그로우캔 (방울토마토 외 5종),,,689aac94efa6880bd4dc46ed
그린스마트스쿨 및 지능형과학실 VR 메타퀘스트3S,,,697f0ff146f3c10d227ba298
그림봉투화분 (스위트바질 외 5종),,,689aa864efa6880bd4dc4691
그림한글 받아쓰기,,,6988797633ca3c467bb1529c
글라스아트 체험 키트,,,69d491c52d46b7aaee7a1e79
글잇 (구: 큐라이트),,,688a5494cb060e6edb519ce8
글잼,,,68ac384d7ba0795436302405
기출탭탭,,,682fd0a342cd392c8ffe1cb5
길찾기 생존교육 오리엔티어링,,,69b7ecdd1336c8711279750d
깨봉수학,,,69c60e67ba9cde4594a4e369
깨비누리 1년 이용권,,,69a13c85aa5e0f9568b8ab75
깨비키즈 1년 이용권,,,69a13b35aa5e0f9568b8ab61
꽃제기 만들기 키트(10세트),,,689d6ba94294a269477e640c
꽃집사의 GREEN POT (코스모스 외 7종),,,689aa94eefa6880bd4dc46a6
꽃집사의 이끼정원,,,689ac8ab3668b58c3f73f8f5
꾸럼e,,,6891c05bed173989587d3502
꿈多이음,,,697c0823460d28f6bf98118b
꿈담길,,,69d5c0892d46b7aaee7a2246
나는 미래 스마트 교사,,,689afa1d214dff74e65d4b79
나의AAC,,,69895cce33ca3c467bb15787
내공스터디,,,6899a83e6afbc34b405a1ca6
내모,,,69c4bed034e49888c77d25d7
내신닷컴 수시·정시 합격예측 서비스,,,698d32eedca5e0f3eb20eb41
내일의 직업을 찾아서,,,68a6d31696a5de5e42f48dcd
너도나도,,,699f1374c1b69b77315585dc
네오 테스트,,,68341e61d87c1dc60de5ac85
네오봇 에듀 스마트,,,689abcc2efa6880bd4dc4723
네오쏘코,,,689ac400efa6880bd4dc475c
네오씽카,,,689acb5b3668b58c3f73f904
노코드AI 스마트메이커,,,69605ba2981cd95d142ccb89
노크,,,69c397c234e49888c77d2286
누리놀이 위드,,,69783d56f24923a0075abc13
"뉴댄스, K댄스 AI튜터",,,69c0c2be34e49888c77d190b
뉴런 익스플로러,,,68a4465996a5de5e42f48b96
뉴로월드 EDU,,,6830539c09fd0d85a195454f
다글로,,,69e8780a4bac026aed46417a
다이아보드,,,689afcaa214dff74e65d4baa
다했니,,,682ed25b42cd392c8ffe1c8e
단면 체험형 구연동화,,,68340846d87c1dc60de5ac4c
달 딱지 만들기 키트(10세트),,,689d6e354294a269477e6436
달팽이 속에 숨은 무지개 키트,,,69d347cd6550f5213d28a0e9
대구 교육 가상여행 학습 KIT,,,688c821bc234a0247e645363
대학입학정보프로그램 유니브,,,697c021f460d28f6bf980fd1
더존화상영어,,,69cdbdd45bc27f7d8271528e
더폰드,,,6a0fffc15a2ee7c772401b6c
데이스쿨,,,6805e0a2b352eafdf6fb550a
데이터에듀 PT,,,68302eb709fd0d85a195451a
도서출판 길벗 AI 디지털 교육자료 (중학교 정보),,,69660b3b981cd95d142ccce7
도트 타이머,,,6893191a2f9ffc99cb4a4307
도트 플래너,,,68945f885ee33869679fa336
독갑이™,,,6808845b89080a9922af84e8
독갑이™ 커리어플래너,,,680885d989080a9922af84ea
독갑이™ 팀플,,,6808a16d89080a9922af84ec
독도 가상여행 체험학습 KIT,,,68832870f1faff30f25e4b69
독서 플랫폼 아이윙 이용권(12개월),,,68a472af96a5de5e42f48be1
독서교육 플랫폼 리딩오션,,,68999147d69dd2c77647e0b3
독서퀴즈 똑책,,,696ad05897b8176b17603f0a
독서화랑 클래스,,,69771ddfd198ec24b3c96d1d
돌고래휴지통 키트 (마이크로비트 미포함),,,6996a01c8b4a97fbefc05836
동아링 (DongAring),,,69dca0532d46b7aaee7a3386
동아출판㈜ AI 디지털 교육자료(고등학교),,,698075fd752a317e6106800c
동아출판㈜ AI 디지털 교육자료(중학교),,,69807162752a317e61067fe9
동아출판㈜ AI 디지털 교육자료(초등학교),,,69806c30752a317e61067fc7
돼지 저금통 만들기 DIY 코딩 교육 키트,,,68b12a2609e29b74cc60bc23
두루책방,,,6996877f8b4a97fbefc0574d
듀윙,,,6881ea6b8532eab3022853b7
드림어필,,,6977325ff24923a0075aba92
듣는교실,,,6a3a1a152bcdfc70f75dff2e
디딤,,,682d9a0842cd392c8ffe1c7c
디딤돌교육 AI 디지털 교육자료(초등학교 수학 3-1),,,6979c2675c793e86194d3460
디딤돌교육 AI 디지털 교육자료(초등학교 수학 3-2),,,6979c3185c793e86194d3473
디딤돌교육 AI 디지털 교육자료(초등학교 수학 4-1),,,6979c39d5c793e86194d3481
디딤돌교육 AI 디지털 교육자료(초등학교 수학 4-2),,,6979c44c5c793e86194d3492
디딤돌교육 AI 디지털 교육자료(초등학교 수학 5-1),,,6979c5375c793e86194d349d
디딤돌교육 AI 디지털 교육자료(초등학교 수학 5-2),,,6979c5cd5c793e86194d34a6
디딤돌교육 AI 디지털 교육자료(초등학교 수학 6-1),,,6979c66b5c793e86194d34b1
디딤돌교육 AI 디지털 교육자료(초등학교 수학 6-2),,,6979c6ee5c793e86194d34b9
디스커버리 에듀케이션,,,68d4a75f080aeeed7b6101b7
디엘비에듀(수능과탐끝장내기) 역학과 에너지 여러가지운동,,,6a670f41f2d5231010578c54
디엘비에듀(수능과탐끝장내기) 화학 산화수법 마스터,,,6a58ab4b7bfdd584ef0c4e5b
디엘비에듀(수능과탐끝장내기) 화학 중화반응 완성,,,6a3116dc2bcdfc70f75d87cd
디지털 스페이스 로드,,,68998547d69dd2c77647e072
디지털 윤리 질문 메모리게임,,,68944ccb5ee33869679fa27f
디지털 윤리 질문카드 게임 기초심화편,,,68944b695ee33869679fa274
디지털 윤리 탐험대 보드게임 기초편,,,689437045ee33869679fa1f8
디지털 윤리 탐험대 보드게임 심화편,,,6894385f5ee33869679fa206
디지털 히어로의 탐험,,,68998430d69dd2c77647e067
디큐,,,69b793591336c87112797363
딕셔너리팝,,,689455ac5ee33869679fa2ea
딥코 미니,,,6a61d6e9f3ea4ece3c4ff4a6
딥코 봇,,,6997f7688b4a97fbefc05ccd
딥코 스튜디오,,,6997facb8b4a97fbefc05ce6
딥코보드 키트,,,6998073a8b4a97fbefc05d44
따능AI,,,69b96b14a77899efee255044
땅굴버저 (미니게임버저),,,6895a44e5c60e4c962322b30
또박한글,,,6979b0ad5c793e86194d33cc
똑똑 주식 대결_AI 반도체 전쟁,,,69d711762d46b7aaee7a26f9
띵커벨,,,68106e881507b62dfa2ec026
라이트 버저,,,689d72aa4294a269477e64a9
라즈베리파이 피코 스타터 키트,,,698d1849dca5e0f3eb20ea54
라즈베리파이 피코2 올인원 키트,,,698c47d8dca5e0f3eb20e86f
라즈베리파이 홈 IoT 교육용 키트,,,698c48e6dca5e0f3eb20e879
라쿤봇,,,697adbe65c793e86194d383f
라쿤봇 조이스틱,,,6981936f8ce64a7c4f0f9594
라포라포,,,689d520c4294a269477e6396
러니,,,686ccb1540b6de56916c7a4b
러닝에이씨드,,,682d9b2c42cd392c8ffe1c7d
런데이,,,699d0b0af85a8ae0b11350e7
런메이트,,,689aad44efa6880bd4dc46ff
레서,,,67ec8d0f12a05607915bcdee
레슨위드 (LessonWith),,,689c43624294a269477e62bb
레아,,,6a4f7660a8c837d1d3e568b4
레이어드AI,,,6a14e80d5a2ee7c772401f81
레이저박스 로터리,,,68a43ca896a5de5e42f48b7f
레이저줄자 DIY 아두이노 코딩교육 키트,,,698eb597e0048a6e2a83fbd1
레터웍스,,,6895ac525c60e4c962322b54
렛츠코딩,,,69afd262a444d26892530fd9
로보독,,,69897afc33ca3c467bb1592e
로보마스터 TT,,,68f5ee9234306899b6a12a24
로보메이션 DFU,,,698197108ce64a7c4f0f95d2
로보메이션랩,,,69818da48ce64a7c4f0f950a
로보미,,,67ee4b7481ee21fb9e6b8987
로보이드 메이커,,,698196008ce64a7c4f0f95b6
로봇팔키트,,,698406aa7bd5ca9bd889ddea
로비코,,,68076e6889080a9922af84d1
로켓트리,,,6882e5e4029b6c50dc88b080
로키,,,6895578f5ee33869679fa3d7
로키토키,,,68999381d69dd2c77647e0d1
루카,,,6899938ed69dd2c77647e0d3
리더스아이,,,6807516289080a9922af84b9
리도보카,,,69897d7333ca3c467bb1595c
리드앤톡영어도서관,,,688c77f8c234a0247e64534a
리드포스쿨,,,6809a6ecd0a3cd71055a8caa
리딩 PRO,,,6996f90d8b4a97fbefc05a02
리딩101,,,6979f0315c793e86194d35d8
리딩게이트,,,682ed80e42cd392c8ffe1c95
리딩비 AI 튜터 영어독서-자기주도,,,69809d5d752a317e610680b9
리딩비 AI 튜터 파닉스-자기주도,,,6980b1235dcdc0ca8993375b
리딩비 AI 튜터 화상수업-자기주도,,,69b286ef1336c87112796cab
리딩앤스쿨,,,6805eb43b352eafdf6fb5522
리딩오션스플러스,,,68819620ec43df6151de2b1d
리딩캣,,,68a470ac96a5de5e42f48bd8
리로스쿨,,,699bd87bf85a8ae0b1134dcf
리스닝스쿨,,,69797ad35c793e86194d329f
리슨앤매치 잉글리시 러닝패드,,,689aedc9214dff74e65d4b04
리얼 PT,,,6989b7ef33ca3c467bb15bc6
리얼월드 스쿨,,,6968ab05eb0770c9a00e31fb
리얼월드 스튜디오,,,68099ddcd0a3cd71055a8c9d
리코더온교실 - Recorder On Class,,,69d5e6302d46b7aaee7a2339
리쿠(LiKU),,,69f2bdaad65f56ef3bfdcd5e
리트 (reat),,,69b8b9b5a77899efee254cef
리틀리,,,6808af6bd0a3cd71055a8c62
리틀빗으로 시작하는 IoT(사물인터넷),,,689afebc39870a52ed045aee
링글 틴즈,,,69a929e23e9f180457dc30e4
링스쿨,,,69cf011f5bc27f7d82715422
링커,,,69ad202ca444d268925309c0
링크원,,,6a0aaa9f5a2ee7c772400d19
마루랩,,,69d9fa9b2d46b7aaee7a2e72
마소캠퍼스 교육 콘텐츠,,,6805e000b352eafdf6fb5504
마음토스,,,6a1ced3a5a2ee7c772402f45
마이마블,,,6a2a1e4d43c81e74c4849f47
"마이베스트 AI글쓰기: 과제탐구, 동화작가",,,69b9033fa77899efee254f33
마이크로비트 나두이노 홈 IoT 키트,,,698d2af3dca5e0f3eb20eae9
마이크로비트 레트로 아케이드 PRO,,,698bcf81dca5e0f3eb20e3c0
마이크로비트 스마트시티 만들기 키트,,,698e8f48e0048a6e2a83fad3
마이크로비트 스마트팜,,,689ae794214dff74e65d4a88
마이크로비트 올인원 프로젝트 키트,,,698d26c4dca5e0f3eb20eabc
마이크로비트 지니어스 키트,,,698d2c90dca5e0f3eb20eb06
마이크로비트 코딩 교육 전용 키트,,,698d2d42dca5e0f3eb20eb10
마이크로비트 한글판 레트로 아케이드 키트,,,698d2c6cdca5e0f3eb20eb02
마이크로비트로 만드는 나만의 핀볼 머신 키트,,,698e95a9e0048a6e2a83fb16
마이클,,,6940e9381c4fb044bc272545
마이티쳐,,,69f059dd699df50a65daf0e2
마이폴리오,,,683037b409fd0d85a1954524
마인드게이즈,,,6965fab7981cd95d142cccce
마인드소나타,,,69c2729c34e49888c77d1ebe
만공세계사 고대편 (8종 택1),,,689b481339870a52ed045c0d
만공세계사 근대~현대편 (8종 택1),,,689b48cc39870a52ed045c17
만공세계사 중세편 (8종 택1),,,689b488639870a52ed045c13
만공한국사 고구려편 (5종 택1),,,689587747b93b8abf828226f
만공한국사 고려편 (7종 택1),,,6895893c7b93b8abf8282285
만공한국사 대한제국~현대편 (11종 택1),,,68958a107b93b8abf8282290
만공한국사 백제편 (6종 택1),,,689587d17b93b8abf8282274
만공한국사 선사~고조선편 (5종 택1),,,68957f847b93b8abf828223c
만공한국사 신라~가야편 (4종 택1),,,6895880e7b93b8abf8282278
만공한국사 조선편 (23종 택1),,,689589d67b93b8abf828228a
만공한국사 통일신라~발해편 (5종 택1),,,689588f97b93b8abf828227f
말랑톡,,,6889a3557b92460d4262fc42
망고보드,,,68900f8e84984e83b0518aeb
망고툰,,,689016e484984e83b0518b01
매쓰캔버스,,,697318559ff4c52617c5c3b6
매쓰프로,,,6985b14433ca3c467bb14edf
매쓰홀릭T,,,683411efd87c1dc60de5ac6b
매일국어T,,,69609488981cd95d142ccbc8
매일독서 독도,,,6899a4526afbc34b405a1c8c
매직코,,,6891908684984e83b0518c38
맥스 AI,,,68884cad1086cf1012ab1080
맥스 AI 월드,,,689947ff002ef5eff33f4efe
맥스ai스쿨,,,69b80beda77899efee254bb5
맥파분석기,,,689bde0c39870a52ed045cee
머니머니,,,6a38c97f2bcdfc70f75debe2
멀티터치테이블,,,6808b074d0a3cd71055a8c68
메가코스,,,69649d63981cd95d142ccc71
메가클래스,,,6969f0e2eb0770c9a00e3292
메디크루 VR,,,6808b1e1d0a3cd71055a8c6a
메이킷 AI 코드 클래스,,,69b80e1ca77899efee254bc5
메이플스토리 월드,,,69ce31195bc27f7d827153e1
메타버스 코딩 SW,,,67ee643b473d490aa86c201e
메타수학,,,6980590350f8186a384d5595
메타스쿨,,,68099a56d0a3cd71055a8c97
메타인지 OMR,,,688b14c2da52bdcc3906ab30
메타인지 단어장,,,688b15b1da52bdcc3906ab38
메타인지 플랫폼,,,6a1ce3295a2ee7c772402efe
메타퀘스트 VR 기반 동시 미러링 시스템,,,689438635ee33869679fa211
멜 키트,,,6830a5b509fd0d85a1954593
멸종위기동물 AR 구조대,,,68491b64343c149ea3c95fee
멸종위기동물 학습 시리즈,,,6833fdccd87c1dc60de5ac2a
모니토,,,68fb352834306899b6a12c32
모델릭 (Modelic),,,697300629ff4c52617c5c1c7
모두! ABCD,,,69d8ad9a2d46b7aaee7a2d8d
모두의 마이크로비트 실습 키트,,,698d2beddca5e0f3eb20eafc
모두의땅,,,699e596652f9fb53e4d5bce1
모디 플러스 마스터 키트,,,699fd1d3c1b69b7731558781
모션탭 멀티팩 (MT-M01),,,6899a0626afbc34b405a1c54
모션탭 스탠다드팩 (MT-S01),,,6899a0d06afbc34b405a1c5f
모션탭 엑스퍼트팩 (MT-E01),,,689996b5d69dd2c77647e0e2
모션탭 퍼스널팩 (MT-P01),,,6899a3156afbc34b405a1c81
모아이(moAI),,,69f0060c699df50a65daef42
모킹버드 문제은행,,,6805dde8b352eafdf6fb54fa
모티버솔루션,,,67ed48638f91a9e4a5725edf
몬스터T,,,689da2f34077edc9ab7f7669
무니티,,,699aade8f85a8ae0b1134c1b
무선 멀티 Q 타이머 세트,,,6892c91d0056f90d6f7812f2
무선 멀티 점수판 세트,,,6895a0115c60e4c962322b15
무선 버저 V2 4인용,,,6895a6d75c60e4c962322b42
무선 버저 V3 4인용,,,6895afa85c60e4c962322b5d
무선 버저 V4 4인용,,,6895b3185c60e4c962322b68
무선 투표기 317,,,689ac8963668b58c3f73f8f1
무선 투표기 319z,,,689abf18efa6880bd4dc4730
문제G,,,689ae3b4214dff74e65d4a4e
"문화유산 길라잡이 <황금의 나라 신라, 왕 이요!>",,,69eec3c4699df50a65daec71
뮤지아 원 (MUSIA ONE),,,6982e4557bd5ca9bd889d6e8
뮤직프로5.0,,,689b0bcc39870a52ed045b39
미니 소고 만들기 키트(10세트),,,689d6f3f4294a269477e6450
미래교육 VR교실 솔루션,,,68915d1c84984e83b0518bee
미래엔 AI·디지털 교육자료 (고등 공통수학1),,,696de6a597b8176b17604071
미래엔 AI·디지털 교육자료 (고등 공통수학2),,,696de79e97b8176b1760408b
미래엔 AI·디지털 교육자료 (고등 정보),,,696dbf4f97b8176b17603fb8
미래엔 AI·디지털 교육자료 (중등 수학 1),,,696dde7497b8176b17604050
미래엔 AI·디지털 교육자료 (중등 수학 2),,,696de02a97b8176b17604059
미래엔 AI·디지털 교육자료 (중등 영어 2),,,696de28e97b8176b17604063
미래엔 AI·디지털 교육자료 (중등 정보),,,696dbd0e97b8176b17603fae
미래엔 AI·디지털 교육자료 (초등 수학 3-1),,,696dc4fd97b8176b17603fd2
미래엔 AI·디지털 교육자료 (초등 수학 3-2),,,696dc60197b8176b17603fda
미래엔 AI·디지털 교육자료 (초등 수학 4-1),,,696dcd2397b8176b17603ff5
미래엔 AI·디지털 교육자료 (초등 수학 4-2),,,696dcdda97b8176b17603ffe
미래엔 AI·디지털 교육자료 (초등 수학 5-1),,,696dcecc97b8176b17604008
미래엔 AI·디지털 교육자료 (초등 수학 5-2),,,696dcfa697b8176b17604010
미래엔 AI·디지털 교육자료 (초등 수학 6-1),,,696dd07e97b8176b17604019
미래엔 AI·디지털 교육자료 (초등 수학 6-2),,,696dd15397b8176b17604021
미래엔 AI·디지털 교육자료 (초등 영어 3),,,696dd4a297b8176b1760402d
미래엔 AI·디지털 교육자료 (초등 영어 4),,,696dd6d297b8176b17604035
미래엔 AI·디지털 교육자료 (초등 영어 5),,,696dd88597b8176b1760403d
미래엔 AI·디지털 교육자료 (초등 영어 6),,,696dda1a97b8176b17604045
미래엔 AI·디지털 교육자료 (초등 정보),,,696db98697b8176b17603fa0
미래엔 엠티처,,,6979f9f15c793e86194d35ea
미리캔버스,,,68958a477b93b8abf8282294
미리캔버스 Pro요금제 할인 프로모션,,,688c2d9ac234a0247e6452f1
미세먼지측정키트Pro,,,698423d57bd5ca9bd889df0d
밀크T고등,,,6982e6f87bd5ca9bd889d722
밀크T중학,,,6982e2047bd5ca9bd889d6be
밀크T초등,,,681068ec1507b62dfa2ec01a
밋메이트,,,689581cf7b93b8abf8282250
밍글봇 AI,,,6809a09cd0a3cd71055a8ca2
바로 쓰는 프링고 PRINGO 교육세트,,,689aaa28efa6880bd4dc46c1
바른한글(구 한국어 맞춤법/문법 검사기),,,699daf8bfe6c768a436f8dad
바이브블록,,,6a56ce6cf552bd176d3b20aa
바이브온T,,,67ecc8b112a05607915bce4b
반디캠,,,69a12ffaaa5e0f9568b8aae8
반디캠 맥 버전,,,69c4bf4334e49888c77d25d9
반디컷,,,69a7c2c13e9f180457dc2ca7
받침음절표,,,68988c9cfb5d3103209d8eeb
방탈출 메이커: 이루마 Escape Room Maker,,,69e58a8c4bac026aed4637c7
뱁믹스2,,,698ed175e0048a6e2a83fc6b
버추얼클래스,,,6809a29dd0a3cd71055a8ca3
보다스쿨,,,6834268fd87c1dc60de5ac9a
보라구 중국어 Class,,,69802fe2c12682bc21ed4050
보카톡톡,,,6805d6c0b352eafdf6fb54ea
보행자를 위한 신호등,,,689bf1fa39870a52ed045d28
부엉이 소리 피리 키트,,,69d346296550f5213d28a0dd
부지런 앱,,,68303a3f09fd0d85a195452b
부커스,,,6a05300d15abcef5880ae4d5
부커스 WHY ON,,,6a4db268a8c837d1d3e549fb
부커스 다문화ON,,,6a4daeeea8c837d1d3e54947
부커스 진로ON,,,6a4dad15a8c837d1d3e548bf
부크크,,,69cb6028ba9cde4594a4ea35
북레일,,,698438e7b2686ed51cb5544c
북적북적,,,6a169fb95a2ee7c7724024c8
북컴퍼스(Book Compass),,,69dcef752d46b7aaee7a3423
북토비 스마트 전자도서관,,,6a460a41954d75daa142c5a9
브레인탭 퀴즈마스터,,,689af6cb214dff74e65d4b64
브로콜리 아두이노 센서키트 + 코리의 외계행성 살아남기,,,6997cf178b4a97fbefc05b93
브로콜리 코딩,,,6805dc9ab352eafdf6fb54f6
브루,,,69782d18f24923a0075abbe4
블럭토커,,,6807546f89080a9922af84bf
블록코딩으로 만드는 DIY 전자국악기 가야금 키트,,,698e8e64e0048a6e2a83fac5
블록코딩으로 만드는 DIY 전자국악기 장구 키트,,,698e8ba3e0048a6e2a83fab8
블록피아노,,,689d75844294a269477e64de
블루투스 스피커,,,69e16eda8db8e4908fe3ac15
비글,,,689a9a045129f3dba2e3c5ef
비긴랩,,,683404ded87c1dc60de5ac3c
비디오스튜,,,6807596889080a9922af84c9
비바부 잉글리시,,,6979a0bf5c793e86194d3368
비바샘 학습심리정서검사,,,696f297ccc6dca7e63dbe7f0
비바클래스,,,696f2679cc6dca7e63dbe7eb
비빙고,,,68db72eed01fd67b8ec9bf66
비상교육 AI 디지털 교육자료 고등 공통수학1,,,697af529096c78cea11770d4
비상교육 AI 디지털 교육자료 고등 공통수학2,,,697af532096c78cea11770d6
비상교육 AI 디지털 교육자료 고등 공통영어1,,,697af539096c78cea11770d8
비상교육 AI 디지털 교육자료 고등 공통영어2,,,697af542096c78cea11770da
비상교육 AI 디지털 교육자료 고등 정보,,,697af54c096c78cea11770dc
비상교육 AI 디지털 교육자료 중학 수학 1,,,697af4f7096c78cea11770c7
비상교육 AI 디지털 교육자료 중학 수학2,,,697af500096c78cea11770c9
비상교육 AI 디지털 교육자료 중학 영어 2,,,697af514096c78cea11770cd
비상교육 AI 디지털 교육자료 중학 영어1,,,697af50b096c78cea11770cb
비상교육 AI 디지털 교육자료 중학 정보,,,697af51d096c78cea11770cf
비상교육 AI 디지털 교육자료 초등 수학 3-1,,,697af418096c78cea11770ab
비상교육 AI 디지털 교육자료 초등 수학 3-2,,,697af430096c78cea11770ae
비상교육 AI 디지털 교육자료 초등 수학 4-1,,,697af44a096c78cea11770b0
비상교육 AI 디지털 교육자료 초등 수학 4-2,,,697af455096c78cea11770b2
비상교육 AI 디지털 교육자료 초등 수학 5-1,,,697af45e096c78cea11770b4
비상교육 AI 디지털 교육자료 초등 수학 5-2,,,697af46f096c78cea11770b7
비상교육 AI 디지털 교육자료 초등 수학 6-1,,,697af47e096c78cea11770b9
비상교육 AI 디지털 교육자료 초등 수학 6-2,,,697af486096c78cea11770bb
비상교육 AI 디지털 교육자료 초등 영어 5,,,697af491096c78cea11770bd
비상교육 AI 디지털 교육자료 초등 영어 6,,,697af49b096c78cea11770bf
"비타, 지도안 생성",,,6a323dff2bcdfc70f75d9ad6
비타뱅크,,,69c4f77334e49888c77d273c
비토미,,,68099f1ed0a3cd71055a8c9f
비트런(마이크로비트 기반),,,68491cab343c149ea3c95ff6
비트브릭 마스터키트,,,689afa88214dff74e65d4b81
비트브릭 스타터키트,,,689afbe1214dff74e65d4b9b
비트블록,,,6981589a8ce64a7c4f0f904b
비트스틱 키트,,,6981b6d47bd5ca9bd889cf66
비트팟화분키트,,,698428fb7bd5ca9bd889df65
빅가든 (수박 외 3종),,,689ac7403668b58c3f73f8c8
빈치봇,,,682fce1e42cd392c8ffe1cb0
빠띠 타운홀,,,68342939d87c1dc60de5ac9f
뽀미(ForMe),,,69b3cf4e1336c87112796f97
삐오봇,,,689ad471787389d96173effd
사스다,,,6805e1e4b352eafdf6fb5510
사이냅 OCR,,,68303fb809fd0d85a1954538
사이냅 문서뷰어,,,6830411009fd0d85a195453b
사이냅 에디터,,,68303e0709fd0d85a1954533
사이냅 오피스,,,68303cdf09fd0d85a195452f
사이버파이 베이직,,,68de1641d01fd67b8ec9c01f
사이버파이 인공지능 파이썬&블록코딩 KIT,,,693f617e1c4fb044bc2724bc
사이버파이 프로젝트,,,68a555b696a5de5e42f48c61
사이언스 아티슨+ 교사용 웹,,,689d67d84294a269477e63e5
사이언스큐브 무선 CO2/온습도센서,,,6983e52e7bd5ca9bd889dc55
사이언스큐브 무선 ORP 센서,,,6983e87e7bd5ca9bd889dc8f
사이언스큐브 무선 pH센서,,,6983e97c7bd5ca9bd889dc99
사이언스큐브 무선 검류센서,,,6983eb977bd5ca9bd889dcb1
사이언스큐브 무선 검전센서,,,69b9f2b7a77899efee2550a0
사이언스큐브 무선 광학식DO센서,,,69b9f430a77899efee2550ab
사이언스큐브 무선 기상센서,,,69b9f51ba77899efee2550b7
사이언스큐브 무선 대기압/온도센서,,,69b9f7c9a77899efee2550ce
사이언스큐브 무선 미세먼지센서,,,69b9f874a77899efee2550d6
사이언스큐브 무선 방사선센서,,,69b9f9afa77899efee2550dc
사이언스큐브 무선 방울계수기,,,69b9fa80a77899efee2550e1
사이언스큐브 무선 사운드센서,,,69b9fc04a77899efee2550ec
사이언스큐브 무선 산소센서,,,69b9fc81a77899efee2550f2
사이언스큐브 무선 색도탁도센서,,,69b9fd08a77899efee2550f9
사이언스큐브 무선 심박계센서,,,69b9fe5aa77899efee255102
사이언스큐브 무선 심전도센서,,,69b9ff37a77899efee25510d
사이언스큐브 무선 압력센서A,,,69ba24f3a77899efee255212
사이언스큐브 무선 압력센서B,,,69b9ffe1a77899efee25511a
사이언스큐브 무선 에너지센서,,,69ba0218a77899efee255129
사이언스큐브 무선 연직수온센서,,,69ba02c0a77899efee255136
사이언스큐브 무선 열전쌍온도센서,,,69ba04b6a77899efee255143
사이언스큐브 무선 염도센서,,,69ba059da77899efee255149
사이언스큐브 무선 온습도센서,,,69ba089da77899efee255162
사이언스큐브 무선 운동센서,,,69ba0a2ea77899efee255172
사이언스큐브 무선 자기센서,,,69ba0afaa77899efee255178
사이언스큐브 무선 전극전용증폭기,,,69ba0ce3a77899efee255182
사이언스큐브 무선 전도도센서,,,69ba0f3ca77899efee255198
사이언스큐브 무선 전류센서,,,69ba257ea77899efee255217
사이언스큐브 무선 전압센서,,,69ba25eea77899efee25521c
사이언스큐브 무선 조도색도센서,,,69ba1011a77899efee2551a0
사이언스큐브 무선 카트,,,69ba21caa77899efee2551f7
사이언스큐브 무선 폐활량센서,,,69ba22aaa77899efee2551fc
사이언스큐브 무선 포토게이트,,,69ba23b6a77899efee255204
사이언스큐브 무선 힘/가속도센서,,,69ba2477a77899efee25520a
사이언스타임,,,6830ae8e09fd0d85a19545a2
상냥이,,,67eca1e012a05607915bce24
상태창,,,698143be8ce64a7c4f0f8e7c
샘보드+,,,6976bd34d198ec24b3c96a90
샘퀴즈,,,6976bd28d198ec24b3c96a8e
생각대로 PYTHON 파이썬 첫걸음,,,698432627bd5ca9bd889dfea
생성 AI 종합 플랫폼 캔버스,,,68944e965ee33869679fa29a
서논술형 자동채점 솔비,,,69b7a71f1336c871127973fc
서울 세계문화유산 가상여행 체험학습 KIT,,,688c7b98c234a0247e645356
서울 학생 미래 역량 진단 시스템,,,69c2404634e49888c77d1e3b
선생님들을 위한 인공지능 활용 교육과 실제,,,689aa8e3efa6880bd4dc46a1
설리번 플러스,,,698ae73cdca5e0f3eb20e19b
세계 랜드마크 시리즈 (20종 택 1),,,689b4aeb39870a52ed045c26
세계의 전통가옥·의상·음식 (4종 택1),,,689b4db839870a52ed045c3e
세븐브릭스,,,6899a1d06afbc34b405a1c6d
세종파닉스AI,,,695e008652887f47ed33dd2e
세종한국어,,,695e052552887f47ed33dd36
세줄일기,,,69803836da983f62fce05201
셀탁족을 위한 콕! 찍어보는 탁구비법 기초편,,,689469085ee33869679fa36c
셀프뷰(진로진학),,,699c0d08f85a8ae0b1134f1d
셀프뷰(취업),,,699ea81852f9fb53e4d5bf0e
셰르파XR 메타퀘스트3 스쿨키트,,,6983401d7bd5ca9bd889d9ca
셰프가든 (스위트바질 외 7종),,,689ac7d83668b58c3f73f8d6
소나스쿨,,,6979737d5c793e86194d327f
소중한글,,,68916b1784984e83b0518c09
소크룸 라이트 (Socroom Lite),,,6972fa069ff4c52617c5c0e3
손뼉등대,,,689aae68efa6880bd4dc4708
손뼉자동차,,,689ae67b214dff74e65d4a7f
수능영어 배경지식 기르기,,,68076c3189080a9922af84ce
수리안,,,69d76a562d46b7aaee7a295f
수심달RED,,,6881e57e5b15b164bda1045c
수학대왕 CLASS,,,6892b37fe48483aa9cdc62ab
숫자전쟁,,,68872bae1086cf1012ab100b
숫자전쟁 보드게임,,,688ad3cdcb060e6edb519d1e
슈퍼스쿨,,,698ad617dca5e0f3eb20e0e0
슐터 집중력 학습기,,,689aeb5d214dff74e65d4ac5
슘페터 어드벤처 시즌2 보드게임,,,69f053ef699df50a65daf0b4
스네일라,,,6805e288b352eafdf6fb5515
스마일보건,,,6982ee897bd5ca9bd889d7b1
스마일팟화분키트,,,69842a3c7bd5ca9bd889df81
스마트 AAC,,,6a2f691c2bcdfc70f75d6ae9
스마트 놀이터 만들기 로로큐브 코딩,,,69841e727bd5ca9bd889deb4
스마트 농구,,,69b3a3fa1336c87112796ebc
스마트 독서골든벨 행사,,,689ae575214dff74e65d4a60
스마트 러너 (왕복달리기),,,69b3a0fc1336c87112796eb3
스마트 롤링업 (윗몸 말아올리기),,,69b395691336c87112796e67
스마트 롱점프 (제자리 멀리뛰기),,,69b397301336c87112796e72
스마트 사이드스텝,,,69b3ab791336c87112796ef4
스마트 서전트점프 (제자리 높이뛰기),,,69b39fe41336c87112796eab
스마트 수업도구,,,6976bd3fd198ec24b3c96a92
스마트 스텝,,,69b399a71336c87112796e88
스마트 아케이드농구,,,69b3a4d81336c87112796ec4
스마트 철봉,,,69b3adc91336c87112796f12
스마트 팜 자동화 교육 키트,,,698d2900dca5e0f3eb20ead4
스마트 플렉션 (윗몸 앞으로 굽히기),,,69b393801336c87112796e5e
스마트 헬스케어 솔루션 메디터치_부스형(자율신경계),,,68999ed26afbc34b405a1c41
스마트 현미경 (MX2-AS),,,6953658192145e47f8d517e7
스마트 휴지통,,,689bedb639870a52ed045d12
스마트기기 충전보관함 10대용,,,689d5e914294a269477e63ce
스마트기기 충전보관함 20대용,,,689d5dc54294a269477e63cb
스마트기기 충전보관함 30대용,,,688836ee1086cf1012ab106f
스마트기기 충전보관함 40대용,,,689d5ccb4294a269477e63c7
스마트널스ENR,,,67ee5d40473d490aa86c2018
스마트리 기초학력 해결,,,6976dbe6d198ec24b3c96bb4
스마트리 통합서비스,,,698151e98ce64a7c4f0f8f9a
스마트리영어 교과연계형,,,6805dd79b352eafdf6fb54f8
스마트리영어 자기주도형,,,680758cd89080a9922af84c7
스마트리영어 파닉스,,,69608a91981cd95d142ccbb7
스마트모빌리티키트,,,69842b297bd5ca9bd889df93
스마트시티 만들기 키트 (마이크로비트 미포함),,,6997cb568b4a97fbefc05b78
스마트아레나,,,69b39e621336c87112796ea3
스마트올 초등,,,682ee0f442cd392c8ffe1ca2
스마트팜 만들기 키트 (마이크로비트 미포함),,,69969e948b4a97fbefc05827
스마트팩토리 AGV 만들기 DIY 코딩 교육 키트,,,68b137d109e29b74cc60bc54
스마트팩토리 로봇팔 만들기 DIY 코딩 교육 키트,,,68b1369009e29b74cc60bc4e
스마트팩토리 컨베이어 벨트 만들기,,,68b13fa409e29b74cc60bc5c
스마트팩토리 컬러 분류 컨베이어 벨트 만들기,,,68b140c909e29b74cc60bc62
스마트팩토리 피더 만들기 DIY 코딩 교육 키트,,,68b12bab09e29b74cc60bc2e
스마트홈키트Plus,,,69842cd57bd5ca9bd889dfa1
스카티고 Scottie go! (에듀 & 미로대탐험),,,69e5bad74bac026aed463953
스쿨PT,,,6809ab14d0a3cd71055a8cb2
스쿨닥터 보건일지,,,698e8f0be0048a6e2a83facf
스쿨링크,,,68006ed6ab5fde8bf458d8fe
스쿨북스,,,6a03d25915abcef5880ae160
스쿨존 (어린이) 보행중 스마트폰 사용제한 시스템,,,68936c5422d35e745720818e
스쿨투게더,,,68307f9b09fd0d85a195458a
스쿨폴리오,,,69cb3051ba9cde4594a4e959
스쿨플랫,,,68624c22da873807c1638633
스터디365,,,6a648d9df3ea4ece3c500ae5
스터디에이(studyA),,,692e7f4979acc36ef951009a
스팀업 아카데미,,,68956fb15ee33869679fa412
스페이스틴 AI - 미래진로 탐색,,,69d6fd752d46b7aaee7a262d
스페이스틴 M - 마인드맵 역량분석,,,69d6fe822d46b7aaee7a263a
스포디,,,68999672d69dd2c77647e0de
스피킹라이즈,,,68624b0adfeb1217a2be64e2
스픽마스터,,,699bf290f85a8ae0b1134e97
슬기로운 탐구생활,,,6805d8efb352eafdf6fb54f0
신나는 AI 렌즈 스터디 키트,,,698d279fdca5e0f3eb20eac2
신나는 팬플룻 키트,,,69d343766550f5213d28a0cd
심그라운드,,,6808a642d0a3cd71055a8c46
심스페이스,,,6805ec9ab352eafdf6fb5526
써클플라잉 키트,,,69d342056550f5213d28a0c4
써티,,,6a0d62455a2ee7c77240148c
쎄듀런,,,68076de289080a9922af84d0
쏠브릿지,,,6a66f8d5f2d52310105789e8
씨드깃발 (스위트바질 외 5종) & DIY 깃발,,,689ad675214dff74e65d49d5
씨드볼 (방울토마토 외 5종),,,689ad516787389d96173f00b
씨드볼만들기 키트 (방울토마토 외 5종),,,689ad46c787389d96173eff1
씨드스푼,,,689ad742214dff74e65d49e7
씨드쿠키 (방울토마토 외 5종),,,689adabd214dff74e65d4a03
씨드택 4종 세트,,,689adcf2214dff74e65d4a15
씨마스 고등 정보 AI 디지털 교육자료,,,696f361dcc6dca7e63dbe7ff
씨마스 중학 정보 AI 디지털 교육자료,,,696ecbaa97b8176b176040b6
씨마스 초등 신나는 정보 여행 AI 디지털 교육자료,,,696f40e0cc6dca7e63dbe8e6
씽고,,,689558de5ee33869679fa3dc
씽크로스,,,6899be345129f3dba2e3c567
아두이노 20가지 프로젝트 키트,,,698d1f2adca5e0f3eb20ea7f
아두이노 AI 나만의 스탠드 [교재+교구],,,698422a97bd5ca9bd889def5
아두이노 DIY 공기청정기 만들기 키트,,,698eb058e0048a6e2a83fba5
아두이노 게임기,,,69e16f3b8db8e4908fe3ac1a
아두이노 돌고래휴지통 DIY 코딩교육키트,,,699683f78b4a97fbefc0572f
아두이노 블록코딩 게임 만들기 키트,,,698e8b52e0048a6e2a83fab3
아두이노 스마트시티 만들기 키트,,,698eb107e0048a6e2a83fbae
아두이노 스스로 움직이는 AI 로봇팔 키트,,,698eb1c9e0048a6e2a83fbb6
아두이노 악어룰렛 만들기 DIY 코딩교육키트,,,699695158b4a97fbefc057cf
아두이노 올인원 교육용 키트,,,698d217adca5e0f3eb20ea99
아두이노 올인원 키트 V2,,,698d2040dca5e0f3eb20ea8d
아두이노 우리집 작은 텃밭 스마트팜 키트,,,698e988fe0048a6e2a83fb22
아두이노 자율주행 AI 로봇 만들기 키트,,,698eb31be0048a6e2a83fbbf
아두이노 조이스틱,,,689be2ad39870a52ed045cf9
아두이노 폭탄룰렛 만들기 DIY코딩교육키트,,,6996959f8b4a97fbefc057d5
아두이노 피아노,,,69e170258db8e4908fe3ac22
아두이노 회전룰렛 만들기 DIY 코딩교육키트,,,699696258b4a97fbefc057dc
아두이노로 만드는 나만의 핀볼 머신 키트,,,698e9a06e0048a6e2a83fb2f
아라폼,,,69b3bf761336c87112796f75
아레나 축구,,,69b3ac131336c87112796efa
아레나 테이블축구,,,69b3ad331336c87112796f0e
아르고스 클래스룸,,,68f9cbda34306899b6a12ba0
아슬아슬 중심이 키트,,,69d3406e6550f5213d28a0b8
아이글,,,69c49e8a34e49888c77d251f
아이드리,,,6830492009fd0d85a1954543
아이봄,,,6996dafc8b4a97fbefc059b6
아이블(Aible),,,689aef5c214dff74e65d4b1a
아이비책,,,683045c409fd0d85a1954541
아이설렘 수학,,,6806fff5732ca9b79bad4ceb
아이설렘 한글,,,6806ff5a732ca9b79bad4cea
아이스크림 스쿨런,,,695f6f52981cd95d142ccb36
아이스크림 홈런,,,695f6a51981cd95d142ccb24
아이점프런,,,697c5edc4d811c18858caa23
아이쿠카,,,69b193181336c8711279692e
아이핏,,,689ae95f214dff74e65d4a95
아지틴즈,,,680763ed89080a9922af84cd
아케오,,,689b043a39870a52ed045b03
아크릴램프키트,,,69842dae7bd5ca9bd889dfad
아트반의 쉽게 배우는 3D 프린터 교육용 교구5종,,,689b0e1639870a52ed045b81
아트봇,,,69b0fd2866d190b7ca04b427
아트봉봉스쿨,,,68074f5989080a9922af84b8
아티클러 / 타임즈코어,,,697c02cc460d28f6bf981004
아폭(apoc),,,68341f59d87c1dc60de5ac88
아하오호 (AhhaOhho),,,69a641fcb8e6b26815aa7254
안전 룩보드 서비스,,,68fef50a36b3e5214e2fb5c3
"안전교육, 안전한 생활 시리즈 (12종 택1)",,,689b4f9239870a52ed045c45
알고스쿨,,,6981bb7c7bd5ca9bd889cf8e
알공,,,67ecfbac12a05607915bce72
알기 쉽게 배우는 3D 프린터,,,689afb8f214dff74e65d4b97
알로,,,6808aaead0a3cd71055a8c53
알바생 시뮬레이터!,,,69e5aafb4bac026aed463897
알콩,,,69858b6b33ca3c467bb14cd1
알티노 라이트,,,67ed4bd48f91a9e4a5725ee1
알파지니,,,68a3d0d018079bf29023c0c7
애니셋 미디어크리에이터,,,6892c59c0056f90d6f7812ef
앱 인벤터 한 권으로 끝내기,,,698429f57bd5ca9bd889df7c
앱티핏,,,68a3de6018079bf29023c11b
야미코딩,,,68340146d87c1dc60de5ac2c
어썸봇,,,688994ce7b92460d4262fc2a
어썸월드 메이커 키트,,,6889a0dc7b92460d4262fc39
어썸코드,,,69cf4a955bc27f7d82715506
어썸키트,,,688995787b92460d4262fc34
에듀립,,,67fdeb44ab5fde8bf458d8e5
에듀링커,,,6a29233743c81e74c4849470
에듀원엑스(EduOneX),,,69aa710a3e9f180457dc33ea
에듀집,,,6a3103a22bcdfc70f75d86aa
에듀코디,,,69b0447766d190b7ca04b27c
에듀트리,,,68a833124e409908a93dcf0b
에듀픽,,,69a52a23b8e6b26815aa7156
에듀핏,,,6957599952887f47ed33dc16
"에스덕 과학 코스웨어 (과학 문항, 학습자료)",,,6805ebe4b352eafdf6fb5524
에스엠 라이브스케치,,,69ae2787a444d26892530aed
에어페인트,,,689aed2c214dff74e65d4af9
에이블드 핑퐁로봇,,,697840caf24923a0075abc22
에이아이런,,,697ae50e5c793e86194d387c
에이탐스,,,697b66a3940d98e58d2cd1c5
에코스토리2,,,69b10bfd66d190b7ca04b4a5
에코컵가든 (방울토마토 외 5종),,,689a9e065129f3dba2e3c607
엔그램,,,6882db37029b6c50dc88b07a
엔닷캐드,,,69a1005caa5e0f9568b8a9bb
엔이능률 AIDT 교육자료 (공통영어1(민)),,,6979ea275c793e86194d358d
엔이능률 AIDT 교육자료 (공통영어1(오)),,,6979eaeb5c793e86194d359f
엔이능률 AIDT 교육자료 (공통영어2(민)),,,6979ea8e5c793e86194d3596
엔이능률 AIDT 교육자료 (공통영어2(오)),,,6979eb5c5c793e86194d35ac
엔이능률 AIDT 교육자료 (영어1),,,6979e9185c793e86194d357b
엔이능률 AIDT 교육자료 (영어2),,,6979e9b05c793e86194d3585
엔트리 코딩교육 전자 글로켄슈필(실로폰) 키트,,,698e8afce0048a6e2a83faad
엔트리 코딩교육 전자드럼 고급형 키트,,,698e899fe0048a6e2a83fa9b
엔트리 코딩교육 전자드럼 기본형 키트,,,698e8582e0048a6e2a83fa6e
엔트리 코딩교육 전자피아노 고급형 키트,,,698d61fbdca5e0f3eb20ec53
엔트리 코딩교육 전자피아노 기본형 키트,,,698c0931dca5e0f3eb20e5d9
엔트리AI와 함께하는 사회정서학습 [교재],,,69a936ef3e9f180457dc313f
엘라스쿨,,,688c7343c234a0247e645331
엘리스 AI·디지털 교육자료 (초등학교 정보),,,6968d7efeb0770c9a00e3208
엘리스LXP,,,695f5526981cd95d142ccb10
엘사스픽,,,68076d3c89080a9922af84cf
엠봇,,,68dcdedfd01fd67b8ec9bfea
엠봇2,,,689abef5efa6880bd4dc472b
엠타이니 디스커버 키트,,,689d68684294a269477e63f0
오늘도 디지털 게시판,,,6807554589080a9922af84c3
오늘의 일기,,,69ae8a1ea444d26892530d0a
오딩가 잉글리시,,,67ed4eca8f91a9e4a5725ee3
오래영어,,,68a6645c96a5de5e42f48cbd
오르골 만들기 DIY 코딩 교육 키트,,,68b1234609e29b74cc60bc05
오르조 클래스,,,6805deaab352eafdf6fb54fc
오색버나 만들기 키트,,,689d526c4294a269477e63a4
오엠알커리어넷,,,698402927bd5ca9bd889dda3
오즈아이,,,68a7ceee4e409908a93dce84
오케스트라2,,,69ce21fc5bc27f7d827153b8
오토아이,,,699d0fc0f85a8ae0b1135108
오페라 망원경 키트,,,69d31d5e6550f5213d28a045
오픈배지,,,682d9d0642cd392c8ffe1c80
옥수수,,,682fdb3a42cd392c8ffe1cb8
온디바이스 AI키트 파이브레인,,,68944cda5ee33869679fa287
온리원,,,682fd28e42cd392c8ffe1cb6
올리브AI,,,68a56ed896a5de5e42f48c88
올리에듀,,,688c2d00c234a0247e6452ec
올인북(7세-초등) 교양/문화 지식인 32권,,,68a46b7596a5de5e42f48bd1
올인북(7세-초등) 문해력 특공대 56권,,,68a46a7b96a5de5e42f48bc9
올인북(7세-초등) 자연과학 특공대 77권,,,68a468d196a5de5e42f48bc1
올인북(7세-초등) 천년의 지혜 31권,,,68a465ad96a5de5e42f48bb3
옴니핏 마인드케어,,,689af00d214dff74e65d4b2d
옴니핏 브레인,,,689bd8ab39870a52ed045ce4
와우아이디어스,,,67eb4d04081fc8594f90e16a
왓퀴즈,,,6891abd084984e83b0518c6e
용산e,,,699ff440c1b69b77315588ab
우리반,,,6881de5d5b15b164bda10453
우리반 T셀파,,,6830011442cd392c8ffe1cd8
운동능력 분석 AI 시스템,,,6808a94bd0a3cd71055a8c4b
워드킹덤,,,68819bdfec43df6151de2b24
워크온,,,699f107dc1b69b77315585d9
워킹로봇,,,69e16f7d8db8e4908fe3ac1d
원아워,,,6834102fd87c1dc60de5ac63
웨이메이커 마블런,,,68933eea22d35e7457208174
웰라이트,,,68a80db14e409908a93dcedb
위로그,,,698aeb8ddca5e0f3eb20e1ca
위티버스 늘봄학교용,,,6899a23b6afbc34b405a1c72
위티버스 유아기관용,,,6899ae2e6afbc34b405a1cbc
윌라,,,69f017c9699df50a65daefa4
"유네스코 세계유산 6종, 18종 (2종 택1)",,,689b4c2539870a52ed045c36
유클래스,,,6830523309fd0d85a195454d
이대로티처스,,,696f1865cc6dca7e63dbe7cb
이동식 전동 높낮이 스탠드,,,689aebde214dff74e65d4ad4
이로진학,,,6a6863c0f2d52310105799f4
이미지 기반 학내망 스마트 채점,,,69897c8433ca3c467bb15941
이음AI,,,68a6759a96a5de5e42f48ceb
이음클래스,,,6a66b0e2f3ea4ece3c50193c
이지메이커,,,67ecf28a12a05607915bce6a
이지온,,,6986225833ca3c467bb14f7a
이지캠퍼스,,,6892fee90056f90d6f78136d
이지투표기 100,,,6891a78c84984e83b0518c5f
이타시티(ita.city),,,69e21e914bac026aed4633e5
이티보드 스마트 코딩 키트,,,6805e823b352eafdf6fb5518
이퓨쳐 영어전자도서관,,,688afe98bb63a5705e28738a
이프CH,,,6a4dbe2da8c837d1d3e54b85
인공지능 AI 윤리 메모리게임 기초편,,,689452bc5ee33869679fa2d2
인공지능 AI 윤리 메모리게임 심화편,,,68944f765ee33869679fa2a8
인공지능 AI 윤리 질문카드 게임 기초심화편,,,689449c25ee33869679fa26a
인공지능 AI 윤리 탐험대 보드게임 기초편,,,6894280e8e20e6f03ec6d02b
인공지능 AI 윤리 탐험대 보드게임 심화편,,,6894315a5ee33869679fa1e3
인공지능 기반 진로 컨설팅,,,689cb7a04294a269477e6325
인공지능 선풍기,,,689bebf639870a52ed045d0e
인공지능자격증(AILC),,,69d70d512d46b7aaee7a26cd
인마인드,,,680752b689080a9922af84bc
인벤처 AI,,,689f269ca1b50d7344e44f50
인천e지,,,6a011db4ef92b0ac8be20a4b
인터렉티브 화이트보드,,,6833fa2bd87c1dc60de5ac26
인파이니 키즈 (잉키),,,689aa1805129f3dba2e3c625
인프런,,,689aa563efa6880bd4dc4659
일본왕개미관찰키트,,,689d713e4294a269477e6481
일프로연산,,,6892cc690056f90d6f781302
"읽기와 쓰기 모두, <이지펜>",,,699d5b3ff85a8ae0b113538b
임팩트 스페이스,,,682edb1142cd392c8ffe1c9c
입시SPACE,,,68905a9c84984e83b0518b51
잉글리쉬캐슬(잉글리시캐슬)AI:영어,,,695c867352887f47ed33dca8
자동채점 체크바다,,,6960bd6b981cd95d142ccbeb
자바실험실,,,6989497d33ca3c467bb156f1
자율주행로봇(볼트형) 만들기 DIY 코딩 교육 키트,,,68b1286509e29b74cc60bc14
자작자작,,,68a7c0dc65704c34c44c597a
장학퀴즈세트,,,6895b61e515722ab6a46cb05
잼S,,,67ee43cd81ee21fb9e6b8977
저스트 온 스터디,,,6808ad74d0a3cd71055a8c5e
전기전문가 2 (RGB LED),,,689bf04139870a52ed045d1c
전기전문가1 (RGB LED),,,689bef5439870a52ed045d17
전자칠판,,,68887c1bcc6b3a1bee61006f
제주 세계자연유산 가상여행 체험학습 KIT,,,688c774ec234a0247e64533f
젠디아,,,68ca737f9bb27a2f37164d38
젠큐,,,69fbdb8bd65f56ef3bfdd682
젭 스쿨,,,68106a8c1507b62dfa2ec020
젭 퀴즈,,,682ed04142cd392c8ffe1c8a
조이듀,,,689be6d539870a52ed045d07
조이코그,,,6808a33889080a9922af84ee
주니어 타임즈 + 온라인 학습관,,,697b2e61940d98e58d2cd176
주미,,,698171c58ce64a7c4f0f91fd
주미 AI,,,698157298ce64a7c4f0f9024
주미 미니,,,698160868ce64a7c4f0f9106
중•고등 Reading,,,6976e118d198ec24b3c96bd5
중•고등 Reading&Writing,,,697c48820ee4b35f68df2350
중고등 비바샘,,,697109fd5a62a0d14d2f9a3d
중량형 버나 만들기 키트,,,689d68ba4294a269477e63f8
중학 수학 1 김동재 AI 디지털 교육자료,,,696f3c75cc6dca7e63dbe83f
중학 수학 1 김화경 AI 디지털 교육자료,,,696f41d7cc6dca7e63dbe8fb
중학 수학 2 김동재 AI 디지털 교육자료,,,696f40accc6dca7e63dbe8de
중학 수학 2 김화경 AI 디지털 교육자료,,,696f42e3cc6dca7e63dbe922
중학 영어 1 소영순 AI 디지털 교육자료,,,696f4207cc6dca7e63dbe90d
중학 영어 1 이상기 AI 디지털 교육자료,,,696f4079cc6dca7e63dbe8ce
중학 영어 2 소영순 AI 디지털 교육자료,,,696f3f10cc6dca7e63dbe8ab
중학 영어 2 이상기 AI 디지털 교육자료,,,696f41a2cc6dca7e63dbe8f3
중학 정보 김현철 AI 디지털 교육자료,,,696f4f667d96f3e81c956565
지게차 조작훈련 시뮬레이터,,,67fde7f1ab5fde8bf458d8e2
지구보호 환경 액자,,,689b57c439870a52ed045c7f
지능형과학실 키트 (22년 개정판 디지털 과학실험),,,68a7de254e409908a93dcea8
지능형과학실 포톤 과학 VR,,,689074d484984e83b0518b6a
지니아튜터,,,682fcf8642cd392c8ffe1cb4
지니어스키트 블록,,,69842e797bd5ca9bd889dfba
지니어스키트 스타터팩,,,69842fa47bd5ca9bd889dfca
지니와,,,683043c909fd0d85a195453f
지스타캐드,,,699d5e51f85a8ae0b1135397
지학사 고등 공통수학1 AIDT 교육자료,,,6a616c9fb2d5b0f07d779e81
지학사 고등 공통수학2 AIDT 교육자료,,,6a616d94b2d5b0f07d779e9b
지학사 고등 공통영어1 AIDT 교육자료,,,6a616983b2d5b0f07d779e46
지학사 고등 공통영어2 AIDT 교육자료,,,6a616a46b2d5b0f07d779e57
지학사 중학 수학 1 AIDT 교육자료,,,6a6164a6b2d5b0f07d779dc4
지학사 중학 수학 2 AIDT 교육자료,,,6a616562b2d5b0f07d779dea
지학사 중학 영어 1 AIDT 교육자료,,,6a6166d3b2d5b0f07d779e0f
지학사 중학 영어 2 AIDT 교육자료,,,6a61682eb2d5b0f07d779e31
지학사 초등 3학년 1학기 수학 AIDT 교육자료,,,6a6150fcb2d5b0f07d779c9e
지학사 초등 3학년 2학기 수학 AIDT 교육자료,,,6a615522b2d5b0f07d779cdb
지학사 초등 4학년 1학기 수학 AIDT 교육자료,,,6a615810b2d5b0f07d779d07
지학사 초등 4학년 2학기 수학 AIDT 교육자료,,,6a615912b2d5b0f07d779d1e
지학사 초등 5학년 1학기 수학 AIDT 교육자료,,,6a615b13b2d5b0f07d779d34
지학사 초등 5학년 2학기 수학 AIDT 교육자료,,,6a615ca9b2d5b0f07d779d42
지학사 초등 6학년 1학기 수학 AIDT 교육자료,,,6a615dacb2d5b0f07d779d58
지학사 초등 6학년 2학기 수학 AIDT 교육자료,,,6a6162f6b2d5b0f07d779db7
직스캐드 AX,,,69cbd603ba9cde4594a4eb77
직업학과사전,,,6a2927a543c81e74c48494f8
직코 2축 로봇팔,,,69d5ead02d46b7aaee7a235c
직코 AI 카메라,,,69b266ce1336c87112796be4
직코 RC카,,,69d5ddfc2d46b7aaee7a22f5
직코 드론,,,69b3e0131336c87112796fca
직코 모빌리티,,,69d5f9b82d46b7aaee7a2410
직코 스마트팜,,,69d5e55a2d46b7aaee7a232e
직코 애니멀키링,,,69d5bae72d46b7aaee7a2222
직코베이직,,,68341d4cd87c1dc60de5ac82
진단수학,,,6805e9fcb352eafdf6fb551e
"진로교육, 나의 성장나무 만들기",,,689b52c339870a52ed045c62
"진로교육, 다양한 직업 세상 (16종 택1)",,,689b541539870a52ed045c6a
"진로교육, 미래의 나의 모습 그리기",,,689b551f39870a52ed045c70
진진리서치 학사지원 원스톱 솔루션,,,697fffcad3364acfc06143da
질문하마,,,69ba5133a77899efee255369
짱구개미관찰키트,,,689d67fe4294a269477e63e9
쪼물락 코딩블록,,,683050ab09fd0d85a195454b
쪽지 - 교실 내 공유 플랫폼,,,698996ec33ca3c467bb15abe
차별화된 영어단어 프로그램 보카트레인,,,69c63e21ba9cde4594a4e433
차이의 놀이,,,6809a4a3d0a3cd71055a8ca4
차이팡 수학,,,6895c5cd515722ab6a46cb37
차이팡 영어,,,689af5a1214dff74e65d4b4a
차이팡 중국어,,,6895a19b5c60e4c962322b20
차이팡 한글,,,689aeb33214dff74e65d4abd
차이팡키즈 색칠놀이,,,689c33ca4294a269477e621c
차이팡키즈 안전교육,,,689c38e24294a269477e6256
창의력 두뇌개발 OTE블록(단체용)(432pcs),,,699d3e12f85a8ae0b1135291
창작진동카 만들기 키트,,,6997c1ed8b4a97fbefc05b31
책걸음,,,699f0dd8c1b69b77315585d5
챗메이트,,,689ab159efa6880bd4dc4710
처음 한글책,,,68988ecefb5d3103209d8ef3
천사일지 (보건일지),,,698acb03dca5e0f3eb20e05c
체리 스쿨,,,6971e64e5a62a0d14d2fa01d
체리팟,,,688905f36e06edd8efe7c5a6
체쿠,,,6831100009fd0d85a19545b8
초등 AI 체험 놀이터 아이노우,,,69d5ef7b2d46b7aaee7a2377
초등 글쓰기 매주 3단어 - 표현력 키우기 1단계,,,689c4ca24294a269477e62f2
초등 비바샘,,,696dcc5c97b8176b17603ff0
초등 수학 3-1 박만구 AI 디지털 교육자료,,,696f4035cc6dca7e63dbe8c6
초등 수학 3-1 한대희 AI 디지털 교육자료,,,696f4111cc6dca7e63dbe8eb
초등 수학 3-2 박만구 AI 디지털 교육자료,,,696f41decc6dca7e63dbe903
초등 수학 3-2 한대희 AI 디지털 교육자료,,,696f427bcc6dca7e63dbe916
초등 수학 4-1 박만구 AI 디지털 교육자료,,,696f4303cc6dca7e63dbe932
초등 수학 4-1 한대희 AI 디지털 교육자료,,,696f44367d96f3e81c9564cd
초등 수학 4-2 박만구 AI 디지털 교육자료,,,696f48877d96f3e81c9564ff
초등 수학 4-2 한대희 AI 디지털 교육자료,,,696f38efcc6dca7e63dbe80e
초등 수학 5-1 박만구 AI 디지털 교육자료,,,696f3c8ecc6dca7e63dbe84b
초등 수학 5-1 한대희 AI 디지털 교육자료,,,696f3a16cc6dca7e63dbe81d
초등 수학 5-2 박만구 AI 디지털 교육자료,,,696f3e1bcc6dca7e63dbe87d
초등 수학 5-2 한대희 AI 디지털 교육자료,,,696f3aefcc6dca7e63dbe82b
초등 수학 6-1 박만구 AI 디지털 교육자료,,,696f480b7d96f3e81c9564f1
초등 수학 6-1 한대희 AI 디지털 교육자료,,,696f3bd1cc6dca7e63dbe838
초등 수학 6-2 박만구 AI 디지털 교육자료,,,696f46717d96f3e81c9564e0
초등 수학 6-2 한대희 AI 디지털 교육자료,,,696f3ccdcc6dca7e63dbe853
초등 영어 3 김태은 AI 디지털 교육자료,,,696f48507d96f3e81c9564f9
초등 영어 3 이동환 AI 디지털 교육자료,,,696f3ce3cc6dca7e63dbe85b
초등 영어 3 함순애 AI 디지털 교육자료,,,696f3cf0cc6dca7e63dbe863
초등 영어 4 김태은 AI 디지털 교육자료,,,696f48ef7d96f3e81c956506
초등 영어 4 이동환 AI 디지털 교육자료,,,696f3e50cc6dca7e63dbe895
초등 영어 4 함순애 AI 디지털 교육자료,,,696f3e0acc6dca7e63dbe875
초등 영어 5 김태은 AI 디지털 교육자료,,,696f496c7d96f3e81c95650d
초등 영어 5 이동환 AI 디지털 교육자료,,,696f3f85cc6dca7e63dbe8b5
초등 영어 5 함순애 AI 디지털 교육자료,,,696f3f07cc6dca7e63dbe8a3
초등 영어 6 김태은 AI 디지털 교육자료,,,696f3a35cc6dca7e63dbe824
초등 영어 6 이동환 AI 디지털 교육자료,,,696f40a5cc6dca7e63dbe8d6
초등 영어 6 함순애 AI 디지털 교육자료,,,696f4013cc6dca7e63dbe8be
초등 정보 3~4학년군 박선주 AI 디지털 교육자료,,,696f4e147d96f3e81c95654a
초록지도,,,6a58320ef552bd176d3b2e9d
초코마에,,,6996cc5c8b4a97fbefc05970
초코클래스,,,68341b82d87c1dc60de5ac77
초코파이썬 AI SW,,,697ecb31cf3e3d16f5657a95
추리추리춤추리,,,69b3ac4d1336c87112796f00
출동 멸종위기 동물을 구하라 AI 엔트리 몬스터카,,,698000cce7289605ff78d5ab
출동! 멸종위기 동물 구조 작전 몬스터카 [교재],,,6984040d7bd5ca9bd889ddd2
츄잉,,,68ca41a29bb27a2f37164d25
치즈스틱,,,689459905ee33869679fa308
친환경 전기자동차,,,689bdcc839870a52ed045cea
칭찬모아,,,6833f6e5d87c1dc60de5ac25
카그모테스트,,,6892bc9d7ec3cc14944e4f70
카디오링크,,,6981a0ac8ce64a7c4f0f9688
카리,,,6881d9445b15b164bda1044f
카미봇파이AI,,,688b25125ce9ffc1219fef2a
카티,,,6834201cd87c1dc60de5ac8b
카피킬러,,,68a3d89218079bf29023c0f0
카피킬러스쿨,,,689d97a98e58056865e00e02
칼리지스,,,689da5624077edc9ab7f766d
캐럿AI,,,69845a80b2686ed51cb555e2
캘리그라퍼 키트,,,69d5ab8c2d46b7aaee7a2169
캠스몬,,,68304bbb09fd0d85a1954546
캣그라스 (캣닢 외 3종) & 리필,,,689ac55eefa6880bd4dc4768
커리어킷,,,67fcaadcab5fde8bf458d8da
커리즌,,,6997e9c38b4a97fbefc05c81
컵 글라이더 키트,,,69d313b86550f5213d289ffb
컵가든 (방울토마토 외 5종),,,689aa68aefa6880bd4dc466a
케이렙,,,698e9915e0048a6e2a83fb29
케이파닉스한글,,,689b9aaa39870a52ed045cc8
케이핌즈,,,68491956343c149ea3c95fe9
코그업플레이(CogUPlay),,,69ba592fa77899efee2553e3
코드론 EDU,,,698175ba8ce64a7c4f0f9256
코드론 미니,,,69817b3a8ce64a7c4f0f92e5
코드모스,,,68492199343c149ea3c96003
코드몽키,,,6808a4f4d0a3cd71055a8c41
코드위즈,,,68a7cbb34e409908a93dce77
코드트리,,,689c51874294a269477e6309
코드프렌즈,,,67fdf247ab5fde8bf458d8eb
코들 AI 클래스룸,,,689428c98e20e6f03ec6d037
코들리,,,6997e5cc8b4a97fbefc05c5b
코디로키,,,68a42e3296a5de5e42f48b3e
코디마스터-방과후관리플랫폼,,,69b10b0a66d190b7ca04b493
코딥,,,688814bd1086cf1012ab103e
코딩로봇 네오스파이더,,,68307a0909fd0d85a195457e
코딩로봇 로이(Ro-e),,,69d2fae16550f5213d289fa2
코알라보드,,,689afe3c39870a52ed045adf
코익,,,68a41dc796a5de5e42f48b05
코짐,,,68a7d2bd4e409908a93dce8b
코코봇,,,69d776aa2d46b7aaee7a297f
콘텐츠 플러스,,,6830741b09fd0d85a195456d
쿠링 VR AI 코딩어드벤처,,,68ca31609bb27a2f37164d16
쿨메신저,,,6805eac5b352eafdf6fb5520
퀘스트북,,,68306c3a09fd0d85a195455e
퀘스트스쿨,,,6894164822d35e7457208204
퀴즈볼,,,689acbe23668b58c3f73f90e
퀴즈앤,,,67ed420b8f91a9e4a5725ed6
퀴즈올 온라인 퀴즈 SW,,,6895b901515722ab6a46cb1b
큐로AI,,,68954b7e5ee33869679fa3c6
큐리오 매쓰매쓰,,,689452b35ee33869679fa2ca
큐리오 사파리,,,68944e305ee33869679fa292
큐리오 월드맵,,,6894550b5ee33869679fa2e1
큐밋 포트폴리오,,,6983125e7bd5ca9bd889d8cf
큐파일럿,,,698ec295e0048a6e2a83fc2c
크래프트쉐어,,,6891a30984984e83b0518c49
크리모 STEAM 교육 프로그램,,,6a6174fdb2d5b0f07d779fef
크리티컬,,,697c1f3978b51a8edb991a26
클라비,,,683405ded87c1dc60de5ac41
클래스 사티,,,6932468979acc36ef9510156
클래스5,,,698acc21dca5e0f3eb20e06d
클래스노트,,,683403bfd87c1dc60de5ac39
클래스링크,,,695dfa2052887f47ed33dd1e
"클래스링크 : 교육활동침해행위예방교육,AI윤리교육외다수",,,695c7fd552887f47ed33dc9f
클래스링크 M VR다중 AI미러링솔루션,,,695c88e452887f47ed33dcaf
클래스맵,,,69a9381a3e9f180457dc3145
클래스메이트,,,689560505ee33869679fa3f9
클래스메이트,,,69b776111336c87112797293
클래스보드,,,682fe27242cd392c8ffe1ccf
클래스뷰,,,6985589d33ca3c467bb149b6
클래스싱크,,,6805df3db352eafdf6fb54ff
클래스카드,,,69785cf2f24923a0075abcc2
클래스툴,,,68106c0d1507b62dfa2ec024
클래스팅 AI,,,685e4956dd7497e46b3f09be
클래스핑퐁,,,69784748f24923a0075abc66
클래시파이,,,69778055f24923a0075abb0b
클랙스,,,6a05513015abcef5880ae594
클레버블록,,,682ee44742cd392c8ffe1ca8
클리포,,,680762d489080a9922af84cc
키네마스터,,,6892f3430056f90d6f781340
키드키즈,,,6809941bd0a3cd71055a8c8f
키위티-키위런,,,67ee3cea81ee21fb9e6b8963
키즈 타임즈 + 온라인 학습관,,,697b389a940d98e58d2cd188
키즈노트,,,6834032ad87c1dc60de5ac38
키즈다이어리-사회정서 및 인지수행검사 통합 솔루션,,,684917f8343c149ea3c95fe1
키즈보드,,,683421bbd87c1dc60de5ac8e
키즐링,,,6967a5b7eb0770c9a00e316e
킨더 타임즈 + 온라인 학습관,,,697b3991940d98e58d2cd190
킨더박스,,,688190f5ec43df6151de2b1a
킨더보드,,,69a63d3eb8e6b26815aa7235
타임리GPT,,,6996cd118b4a97fbefc05977
탄성레이싱카 만들기 키트,,,69cb2842ba9cde4594a4e92b
태양광 LED 하우스,,,689aa675efa6880bd4dc4666
태양광 그리 & 바오 키트,,,69d349d86550f5213d28a101
터틀,,,6892f8050056f90d6f78134f
테미,,,683107ef09fd0d85a19545ab
테일봇,,,682ee5f842cd392c8ffe1cad
토도수학,,,682fe1a542cd392c8ffe1cc9
토도영어,,,682fdd8b42cd392c8ffe1cbd
토도한글,,,682fe00042cd392c8ffe1cc3
토키랜드,,,685e4a86dd7497e46b3f09c6
토핑 AI 온라인 독서학습 서비스(연구독),,,69e037158db8e4908fe3a997
톡이즈스쿨,,,693273cc79acc36ef9510194
톡톡박스,,,683427bbd87c1dc60de5ac9c
톡톡스쿨,,,699fe4dbc1b69b773155882b
투게더알리미,,,699668c48b4a97fbefc05625
투닝,,,68998df5d69dd2c77647e09f
투덥 클래스,,,6805e717b352eafdf6fb5517
튜브런,,,680775a189080a9922af84d6
튜터플로우,,,686cc2cd40b6de56916c7a3f
트라이디스,,,69c47e1934e49888c77d23ed
티솔루션,,,69796cec5c793e86194d325d
티처메이트,,,69bb64be6bfc591f622e7797
티처콜 교원안심번호,,,697c7fda9be22dd318cfeeb5
티키타모바일,,,698c128adca5e0f3eb20e638
티키타미트,,,698c14e1dca5e0f3eb20e658
티키타캡션,,,698c08f9dca5e0f3eb20e5cf
티키타톡,,,698c0f5ddca5e0f3eb20e5fc
틴커리어 내진로를 찾아줘~! - 베트남편 [교재+교구],,,68de42efd01fd67b8ec9c03c
틴커리어 내진로를 찾아줘~! - 중국편 [교재+교구],,,68de43dbd01fd67b8ec9c03f
틴타임즈 + 온라인학습관,,,6979cff35c793e86194d351c
파닉스팝,,,689456625ee33869679fa2f1
파이썬 마이크로비트 실전 프로젝트 키트,,,698d29d6dca5e0f3eb20eadd
파이파이키트,,,698430737bd5ca9bd889dfd3
팜팜농장 (강낭콩 외 7종),,,689aa4e05129f3dba2e3c653
팝스링크,,,6899a5956afbc34b405a1c9b
팝스매니저,,,69b39ac51336c87112796e91
팡팡텃밭 모종키트 (채소 모종 외 7종),,,689ad38f787389d96173efdf
팩트챗,,,69bb91f26bfc591f622e78aa
페더 에듀,,,6805e8e8b352eafdf6fb551a
페직스 유료 실험 회원 구독,,,68900afe84984e83b0518ad7
포디메카트로닉스,,,6899a1d86afbc34b405a1c70
포인캠퍼스,,,6830701d09fd0d85a1954563
포인투 크롬북 플러스 14,,,6830718509fd0d85a1954567
포커스팡 AI,,,68823dd633fb3135ab720f81
포켓랩-보이저,,,689d932b4294a269477e6607
포켓터틀,,,6894085722d35e74572081d8
포코로,,,69a7f4173e9f180457dc2de3
포트리스 로봇 네오캐논,,,68307b0709fd0d85a1954582
폴리곤에이드,,,6831097609fd0d85a19545ae
폼메이트,,,689ab25aefa6880bd4dc4714
표쌤코딩 늘봄키트 과학탐험대 1단계 1호,,,689419d622d35e7457208209
표쌤코딩 늘봄키트 과학탐험대 1단계 2호,,,68941aee22d35e7457208210
표쌤코딩 늘봄키트 과학탐험대 1단계 3호,,,68941b8722d35e7457208215
표쌤코딩 늘봄키트 과학탐험대 1단계 4호,,,68941bce22d35e745720821a
표쌤코딩 늘봄키트 과학탐험대 1단계 5호,,,68941c8e22d35e7457208221
표쌤코딩 늘봄키트 과학탐험대 1단계 6호,,,68941e8822d35e7457208229
표쌤코딩 늘봄키트 디자인공방 1호,,,689423d222d35e745720822f
표쌤코딩 늘봄키트 디자인공방 2호,,,689ec947a1b50d7344e44f3f
표쌤코딩 늘봄키트 디자인공방 3호,,,68aeaa9709e29b74cc60bb84
표쌤코딩 늘봄키트 디자인공방 4호,,,68be25e6c88cd8892950b30f
표쌤코딩 늘봄키트 디자인공방 5호,,,68de4b82d01fd67b8ec9c04a
풀리스쿨,,,6894509b5ee33869679fa2be
퓨처뱅크 with 삐뽀,,,68896abf6e06edd8efe7c5b7
프라페,,,6886caef1086cf1012ab0f7b
프록토매틱,,,688708581086cf1012ab0f9b
플랜투이노,,,6830783609fd0d85a1954579
플랭스쿨,,,6808ac42d0a3cd71055a8c58
플레이 더 포스,,,68db741ad01fd67b8ec9bf6b
플레이 파닉스&사이트워드,,,6894508c5ee33869679fa2b3
플레이스타트업,,,68a6dbc665704c34c44c594a
플레이스타트업 키즈,,,68a6e11565704c34c44c5955
"플렉슬(flexcil) - PDF 필기,  메모",,,69c0a3f734e49888c77d184e
플로어픽,,,69b38d811336c87112796e46
피어링,,,6a2a77f543c81e74c484ac73
피움,,,69d8bfe32d46b7aaee7a2d9f
피치서가,,,697c67159e65821c3931b747
피치서가ai,,,699e722852f9fb53e4d5bd82
피클 PICL,,,697ee6a21bf6e451b1f85cd1
픽시,,,690892279cac974e827c8035
픽시노트,,,69b7c4bb1336c871127974a2
핀들,,,6a58434f8d9124a06de45fa5
핀캔버스,,,69ca663dba9cde4594a4e84f
핏데이,,,699f91b0c1b69b773155862a
핑거픽,,,69b39d0a1336c87112796e9b
핑퐁로봇 M코딩 앱,,,697d836f6bb1f9052ab40678
핑퐁로봇 V코딩 앱,,,697d812e6bb1f9052ab40665
핑퐁로봇 그룹위저드 앱,,,697d83e86bb1f9052ab4067b
핑퐁로봇 스크래치 (PC용),,,697d85ab6bb1f9052ab40681
핑퐁로봇 스크래치 앱,,,697d82346bb1f9052ab4066c
핑퐁로봇 앱,,,697d67e5f30497644c573ec5
하루북,,,6981839c8ce64a7c4f0f93e7
하루콩,,,699d5715f85a8ae0b113536e
하마룸,,,689c1e2e4294a269477e60cb
하마오,,,69af7683a444d26892530dd3
하와이클래쓰 : 교과서 연계 AI 수학 성취도 추론,,,683406e3d87c1dc60de5ac46
하이동동,,,68340a5dd87c1dc60de5ac57
하이브레디,,,6834024ed87c1dc60de5ac34
하이에듀 Hiedu,,,69891ea933ca3c467bb15549
하이에듀 Highedu,,,67fdf757ab5fde8bf458d8ec
학과계열선정검사,,,699fb210c1b69b77315586ce
학교상담시스템 위노트,,,695c7c2a52887f47ed33dc95
학생관리프로그램_진학통,,,6982eaab7bd5ca9bd889d76e
한국비버챌린지,,,697c546b0ee4b35f68df258d
한국어 레벨테스트,,,689c30974294a269477e61f5
한국어 중심 언어교환 앱 코리안쌤,,,6891a30d84984e83b0518c4e
한권으로 아두이노 메이킹 날로먹기,,,698430d97bd5ca9bd889dfdc
한글 배움책,,,6895b41a5c60e4c962322b6d
한글링,,,6809a56bd0a3cd71055a8ca8
한글판 GSP 5.0 (개인용),,,6997e87e8b4a97fbefc05c7a
한배 (국악 메트로놈),,,69dcb1bf2d46b7aaee7a33b0
한뼘텃밭 모종키트 (채소 모종 외 7종),,,689ad0163668b58c3f73f930
한컵새싹농장 (무순 외 5종),,,689aa7bcefa6880bd4dc4683
한컵쑥쑥 콩나물키우기,,,689a998c5129f3dba2e3c5e5
할로코드,,,68de15f0d01fd67b8ec9c01c
합시다,,,6891bb4ced173989587d34fc
해바라기 DIY 아두이노 코딩교육 키트,,,698eb686e0048a6e2a83fbd7
해바라기 키트 (마이크로비트 미포함),,,69969f738b4a97fbefc05831
해시계 만들기 DIY 코딩 교육 키트,,,68b1299e09e29b74cc60bc1c
핸드팔로잉 자동차,,,689ab292efa6880bd4dc4718
햄스터S,,,68904ac484984e83b0518b43
허밍고 (HUMMINGo),,,69dd8b812d46b7aaee7a34be
허브메이트 (로즈마리 외 4종),,,689aa9f9efa6880bd4dc46b5
헥사보드 (스마트워치/RC카/로봇 등),,,688b25695ce9ffc1219fef2f
헥사월드 에듀,,,689ae24f214dff74e65d4a3a
헬로루디,,,682ed3f642cd392c8ffe1c8f
헬로메이플,,,697c3c1178b51a8edb991e64
현미경,,,6891710f84984e83b0518c15
현정화의 콕! 찍어보는 탁구비법,,,689aae3defa6880bd4dc4703
호두잉글리시PC,,,6996d3c38b4a97fbefc0599b
호랑,,,68099ca2d0a3cd71055a8c9b
홀로매직,,,67ed53d78f91a9e4a5725ee9
홀링,,,699e94ab52f9fb53e4d5be79
홈골프 만들기 DIY 코딩 교육 키트,,,68b12a9709e29b74cc60bc28
화산 폭발 실험 키트,,,69d490142d46b7aaee7a1e68
"환경교육, 분리배출 트럭 만들기",,,689b56ab39870a52ed045c77
후후비행기,,,689ae973214dff74e65d4a9d
휠리엑스플레이,,,689af1b4214dff74e65d4b35
휴머노이드형 2족 AI 체험로봇 파이온,,,689ad0083668b58c3f73f928
휴머노이드형 AI 교육용 로봇 파이보,,,689449065ee33869679fa25a
휴지통(볼트형) 만들기 DIY 코딩 교육 키트,,,68b1278d09e29b74cc60bc0c
