계약번호,구분,계약명,계약일,금액,수요기관,학교명,업체명,학교코드,급별,시도,상세URL
입찰-43481382d544,물품,2026학년도 정밀기계과 재료가공전공 기자재(로봇 용접기) 구입 입찰 공고[2단계(규격·가격동시)입찰],2026-07-06,,대구광역시교육청 경북기계공업고등학교,경북기계공업고등학교,,7240107,고등학교,대구광역시,
입찰-9e8cce111363,물품,안산공업고등학교 스마트전기과 기자재 (공정제어실험장치 구매) 2단계 [규격·가격 분리 동시] 입찰 공고,2026-07-06,,경기도교육청 안산공업고등학교,안산공업고등학교,,7530348,고등학교,경기도,
입찰-fb02177cffaf,물품,광주공업고등학교 스마트기계과 용접실습실 구축 물품 구매,2026-07-06,,전남광주통합특별시교육청 광주공업고등학교,광주공업고등학교,,7140373,고등학교,전남광주통합특별시(광주),
입찰-7bc386d1cee7,물품,안산공업고등학교 스마트전기과 기자재 (공정제어실험장치 구매) 2단계 [규격·가격 분리 동시] 입찰 공고,2026-07-07,,경기도교육청 안산공업고등학교,안산공업고등학교,,7530348,고등학교,경기도,
입찰-7bc386d1cee7,물품,안산공업고등학교 스마트전기과 기자재 (공정제어실험장치 구매) 2단계 [규격·가격 분리 동시] 입찰 공고,2026-07-07,,경기도교육청 안산공업고등학교,안산공업고등학교,,7530348,고등학교,경기도,
입찰-80c1dfcb2982,물품,울산공업고 스마트건설과 기자재 (지게차 VR 시뮬레이터 ) 구매,2026-07-08,,울산광역시교육청 울산공업고등학교,울산공업고등학교,,7480044,고등학교,울산광역시,
입찰-1dcd4170d77b,물품,2026학년도 스마트융합기계과 기자재 구입[CAM 소프트웨어] 소액수의 견적 제출 안내 공고,2026-07-09,,대전광역시교육청 충남기계공업고등학교,충남기계공업고등학교,,7430073,고등학교,대전광역시,
입찰-d910d73b61df,물품,"연푸른초등학교 스마트음향 시스템(PA용스피커, 오디오앰프, 무선마이크) 구매  다수공급자계약(MAS) 2단계경쟁 제안서 제출 공고",2026-07-09,,경기도교육청 경기도동두천양주교육지원청 연푸른초등학교,연푸른초등학교,,7602151,초등학교,경기도,
입찰-eac218c7f3ab,물품,고려대학교사범대학부속중학교 그린스마트 리모델링 및 증축 공사 관련 냉난방기 구매·설치,2026-07-13,,서울특별시성북교육청 고려대학교사범대학부속중학교,고려대학교사범대학부속중학교,,7121358,중학교,서울특별시,
입찰-f1c7d15b4a39,물품,대구일마이스터고등학교 정밀기계가공과 기자재(CNC 소프트웨어) 구입 소액수의 견적제출 안내 재공고,2026-07-14,,대구광역시교육청 대구일마이스터고등학교,대구일마이스터고등학교,,7240372,고등학교,대구광역시,
입찰-f46043fdec3d,물품,그린스마트 메이커스페이스 공간구성을 위한 물품구입(AI융합 스마트팩토리 실습장치),2026-07-16,,경기도교육청 김포과학기술고등학교,김포과학기술고등학교,,7531517,고등학교,경기도,
입찰-1b2ccc49ddb3,물품,남춘천여자중학교 AI정보교실 노트북 구매,2026-07-20,,강원특별자치도교육청 강원특별자치도춘천교육지원청 남춘천여자중학교,남춘천여자중학교,,7812096,중학교,강원특별자치도,
입찰-18748721c2a8,물품,"연푸른초등학교 스마트음향 시스템(PA스피커, 오디오앰프, 무선마이크) 구매  다수공급자계약(MAS) 2단계경쟁 제안서 제출 재공고",2026-07-20,,경기도교육청 경기도동두천양주교육지원청 연푸른초등학교,연푸른초등학교,,7602151,초등학교,경기도,
입찰-18748721c2a8,물품,"연푸른초등학교 스마트음향 시스템(PA스피커, 오디오앰프, 무선마이크) 구매  다수공급자계약(MAS) 2단계경쟁 제안서 제출 재공고",2026-07-20,,경기도교육청 경기도동두천양주교육지원청 연푸른초등학교,연푸른초등학교,,7602151,초등학교,경기도,
입찰-1b2ccc49ddb3,물품,남춘천여자중학교 AI정보교실 노트북 구매,2026-07-20,,강원특별자치도교육청 강원특별자치도춘천교육지원청 남춘천여자중학교,남춘천여자중학교,,7812096,중학교,강원특별자치도,
입찰-ed4bb163d2b6,물품,울산에너지고등학교 로봇 실습장비 구매 입찰 공고,2026-07-20,,울산광역시교육청 울산에너지고등학교,울산에너지고등학교,,7480183,고등학교,울산광역시,
입찰-aeedf95fe07c,물품,남춘천여자중학교 AI정보교실 노트북 구매,2026-07-21,,강원특별자치도교육청 강원특별자치도춘천교육지원청 남춘천여자중학교,남춘천여자중학교,,7812096,중학교,강원특별자치도,
입찰-6cdbe23c60c2,물품,여주고등학교 수업용 노트북 구입 소액수의 견적제출 공고,2026-07-21,,경기도교육청 여주고등학교,여주고등학교,,7530191,고등학교,경기도,
입찰-4db5ed965753,물품,한강미디어고등학교 웹미디어콘텐츠과 XR 스튜디오 구축 기자재,2026-07-23,,서울특별시교육청 한강미디어고등학교,한강미디어고등학교,,7010828,고등학교,서울특별시,
입찰-4db5ed965753,물품,한강미디어고등학교 웹미디어콘텐츠과 XR 스튜디오 구축 기자재,2026-07-23,,서울특별시교육청 한강미디어고등학교,한강미디어고등학교,,7010828,고등학교,서울특별시,
입찰-d5eb991c03f9,물품,2026학년도 정밀기계과 재료가공전공 기자재(로봇 용접기) 구입 입찰 재공고[2단계(규격·가격동시)입찰],2026-07-24,,대구광역시교육청 경북기계공업고등학교,경북기계공업고등학교,,7240107,고등학교,대구광역시,
입찰-1349f5184319,물품,경기오산소프트웨어고등학교 클라우딩 실습실 구축 물품 구매 업체 선정 입찰 공고 [2단계(규격·가격분리 동시)〕,2026-07-27,,경기도교육청 경기오산소프트웨어고등학교,경기오산소프트웨어고등학교,,7531602,고등학교,경기도,
입찰-1349f5184319,물품,경기오산소프트웨어고등학교 클라우딩 실습실 구축 물품 구매 업체 선정 입찰 공고 [2단계(규격·가격분리 동시)〕,2026-07-27,,경기도교육청 경기오산소프트웨어고등학교,경기오산소프트웨어고등학교,,7531602,고등학교,경기도,
입찰-1349f5184319,물품,경기오산소프트웨어고등학교 클라우딩 실습실 구축 물품 구매 업체 선정 입찰 공고 [2단계(규격·가격분리 동시)〕,2026-07-27,,경기도교육청 경기오산소프트웨어고등학교,경기오산소프트웨어고등학교,,7531602,고등학교,경기도,
입찰-c63b86bb3fb7,물품,여주고등학교 수업용 노트북 구입 소액수의 견적제출 재공고,2026-07-27,,경기도교육청 여주고등학교,여주고등학교,,7530191,고등학교,경기도,
입찰-fd8c30b67477,물품,2026학년도 광주서석고등학교 융합교육(steam) 교구 AI로봇 구입,2026-07-28,,전남광주통합특별시교육청 광주서석고등학교,광주서석고등학교,,7140334,고등학교,전남광주통합특별시(광주),
입찰-07f34c6b285a,물품,한강미디어고등학교 웹미디어콘텐츠과 XR 스튜디오 구축 기자재,2026-07-30,,서울특별시교육청 한강미디어고등학교,한강미디어고등학교,,7010828,고등학교,서울특별시,
입찰-96671b45791b,물품,2026학년도 한강미디어고등학교 웹미디어콘텐츠과 XR 스튜디오 구축 기자재 구입,2026-07-30,,서울특별시교육청 한강미디어고등학교,한강미디어고등학교,,7010828,고등학교,서울특별시,
입찰-8e72fb8f5bcc,용역,VR 기반 영어 학습 콘텐츠 SW 제작 및 관련 장비 공급 입찰 공고,2026-07-03,,경기도교육청 경기도안산교육지원청 안산중학교,안산중학교,,,,,
입찰-ccac34811ae6,용역,VR 기반 영어 학습 콘텐츠 SW 제작 및 관련 장비 공급 입찰 재공고,2026-07-16,,경기도교육청 경기도안산교육지원청 안산중학교,안산중학교,,,,,
입찰-4bfcc2734a6c,공사,"와촌초등학교 도서실, 컴퓨터실, 일반교실 환경개선공사",2026-07-06,,경상북도경산교육청 와촌초등학교,와촌초등학교,,8851074,초등학교,경상북도,
입찰-8bcaeefd4c37,공사,충북생명산업고등학교 스마트팜 칠러(냉난방시스템)교체 기계설비 공사,2026-07-06,,충청북도교육청 충북생명산업고등학교,충북생명산업고등학교,,8000383,고등학교,충청북도,
입찰-53f1d917380c,공사,"영서고 직업계고 재구조화사업 AI마케팅과, 스마트디자인과 실습실 리모델링 공사 입찰 공고",2026-07-07,,강원특별자치도교육청 영서고등학교,영서고등학교,,7801161,고등학교,강원특별자치도,
입찰-773f5ee4535f,공사,삼성중학교 디지털 창작소(3교실) 환경개선 공사,2026-07-08,,경기도포천교육청 삼성중학교,삼성중학교,,,,,
입찰-773f5ee4535f,공사,삼성중학교 디지털 창작소(3교실) 환경개선 공사,2026-07-08,,경기도포천교육청 삼성중학교,삼성중학교,,,,,
입찰-773f5ee4535f,공사,삼성중학교 디지털 창작소(3교실) 환경개선 공사,2026-07-08,,경기도포천교육청 삼성중학교,삼성중학교,,,,,
입찰-ff8c6bedd0dd,공사,삼성중학교 디지털 창작소(3교실) 환경개선 공사,2026-07-09,,경기도포천교육청 삼성중학교,삼성중학교,,,,,
입찰-5ff231e2ba65,공사,삼성중학교 디지털 창작소(3교실) 환경개선 공사,2026-07-10,,경기도포천교육청 삼성중학교,삼성중학교,,,,,
입찰-d9bc2c521dfc,공사,"가림중학교 컴퓨터실 및 위클래스 리모델링 공사(건축, 기계)",2026-07-10,,경기도교육청 경기도광명교육지원청 가림중학교,가림중학교,,7591003,중학교,경기도,
입찰-1d38a29ccfd6,공사,하원초 교실 전자칠판 및 하부장 조성공사,2026-07-13,,경기도성남교육청 하원초등학교,하원초등학교,,,,,
입찰-ec3021bec773,공사,"대구칠성초등학교 영역단위 공간혁신사업(초등미래교실리노베이션, 자투리공간개선) 실내건축공사",2026-07-13,,대구광역시서부교육청 대구칠성초등학교,대구칠성초등학교,,7261042,초등학교,대구광역시,
입찰-5bd909e27c32,공사,"가림중학교 컴퓨터실 및 위클래스 리모델링 공사(건축, 기계) 소액수의 견적제출(변경공고)",2026-07-14,,경기도교육청 경기도광명교육지원청 가림중학교,가림중학교,,7591003,중학교,경기도,
입찰-ff8d50f0d112,공사,"보건실 현대화, 교육발전특구 AI디지털 건강센터 및 방송실 구축 공사(실내건축) 수의계약 안내공고",2026-07-20,,경상북도울진교육청 울진중학교,울진중학교,,8971049,중학교,경상북도,
입찰-4a49f84a981c,공사,경북드론고등학교 컴퓨터교육실 환경개선공사 수의계약 안내공고,2026-07-22,,경상북도교육청 경북드론고등학교,경북드론고등학교,,8750731,고등학교,경상북도,
입찰-5016316068c2,공사,인천이음고등학교 AI 융합형 교육실 구축 전기공사 수의계약 견적제출 안내공고,2026-07-23,,인천광역시교육청 인천이음고등학교,인천이음고등학교,,7310628,고등학교,인천광역시,
입찰-75e5b8f807e5,공사,대도중학교 SW-AI교육 채움교실 구축 공사 수의계약 안내공고,2026-07-23,,경상북도포항교육청 대도중학교,대도중학교,,8761184,중학교,경상북도,
입찰-37111611ca05,공사,인천이음고등학교 AI 융합형 교육실 구축공사 수의계약 견적제출 안내공고,2026-07-24,,인천광역시교육청 인천이음고등학교,인천이음고등학교,,7310628,고등학교,인천광역시,
입찰-4bfcc2734a6c,공사,"와촌초등학교 도서실, 컴퓨터실, 일반교실 환경개선공사",2026-07-06,,경상북도경산교육청 와촌초등학교,와촌초등학교,,8851074,초등학교,경상북도,
입찰-8bcaeefd4c37,공사,충북생명산업고등학교 스마트팜 칠러(냉난방시스템)교체 기계설비 공사,2026-07-06,,충청북도교육청 충북생명산업고등학교,충북생명산업고등학교,,8000383,고등학교,충청북도,
입찰-53f1d917380c,공사,"영서고 직업계고 재구조화사업 AI마케팅과, 스마트디자인과 실습실 리모델링 공사 입찰 공고",2026-07-07,,강원특별자치도교육청 영서고등학교,영서고등학교,,7801161,고등학교,강원특별자치도,
입찰-773f5ee4535f,공사,삼성중학교 디지털 창작소(3교실) 환경개선 공사,2026-07-08,,경기도포천교육청 삼성중학교,삼성중학교,,,,,
입찰-773f5ee4535f,공사,삼성중학교 디지털 창작소(3교실) 환경개선 공사,2026-07-08,,경기도포천교육청 삼성중학교,삼성중학교,,,,,
입찰-773f5ee4535f,공사,삼성중학교 디지털 창작소(3교실) 환경개선 공사,2026-07-08,,경기도포천교육청 삼성중학교,삼성중학교,,,,,
입찰-ff8c6bedd0dd,공사,삼성중학교 디지털 창작소(3교실) 환경개선 공사,2026-07-09,,경기도포천교육청 삼성중학교,삼성중학교,,,,,
입찰-5ff231e2ba65,공사,삼성중학교 디지털 창작소(3교실) 환경개선 공사,2026-07-10,,경기도포천교육청 삼성중학교,삼성중학교,,,,,
입찰-d9bc2c521dfc,공사,"가림중학교 컴퓨터실 및 위클래스 리모델링 공사(건축, 기계)",2026-07-10,,경기도교육청 경기도광명교육지원청 가림중학교,가림중학교,,7591003,중학교,경기도,
입찰-1d38a29ccfd6,공사,하원초 교실 전자칠판 및 하부장 조성공사,2026-07-13,,경기도성남교육청 하원초등학교,하원초등학교,,,,,
입찰-ec3021bec773,공사,"대구칠성초등학교 영역단위 공간혁신사업(초등미래교실리노베이션, 자투리공간개선) 실내건축공사",2026-07-13,,대구광역시서부교육청 대구칠성초등학교,대구칠성초등학교,,7261042,초등학교,대구광역시,
입찰-5bd909e27c32,공사,"가림중학교 컴퓨터실 및 위클래스 리모델링 공사(건축, 기계) 소액수의 견적제출(변경공고)",2026-07-14,,경기도교육청 경기도광명교육지원청 가림중학교,가림중학교,,7591003,중학교,경기도,
입찰-ff8d50f0d112,공사,"보건실 현대화, 교육발전특구 AI디지털 건강센터 및 방송실 구축 공사(실내건축) 수의계약 안내공고",2026-07-20,,경상북도울진교육청 울진중학교,울진중학교,,8971049,중학교,경상북도,
입찰-4a49f84a981c,공사,경북드론고등학교 컴퓨터교육실 환경개선공사 수의계약 안내공고,2026-07-22,,경상북도교육청 경북드론고등학교,경북드론고등학교,,8750731,고등학교,경상북도,
입찰-5016316068c2,공사,인천이음고등학교 AI 융합형 교육실 구축 전기공사 수의계약 견적제출 안내공고,2026-07-23,,인천광역시교육청 인천이음고등학교,인천이음고등학교,,7310628,고등학교,인천광역시,
입찰-75e5b8f807e5,공사,대도중학교 SW-AI교육 채움교실 구축 공사 수의계약 안내공고,2026-07-23,,경상북도포항교육청 대도중학교,대도중학교,,8761184,중학교,경상북도,
입찰-37111611ca05,공사,인천이음고등학교 AI 융합형 교육실 구축공사 수의계약 견적제출 안내공고,2026-07-24,,인천광역시교육청 인천이음고등학교,인천이음고등학교,,7310628,고등학교,인천광역시,
입찰-a65c36ac6059,공사,성덕중학교 에듀테크 미래놀이교실 구축 공사,2026-07-28,,광주광역시교육청 광주광역시서부교육청 성덕중학교,성덕중학교,,,,,
입찰-72d95e5ec741,공사,성덕중학교 에듀테크 미래놀이교실 구축 공사,2026-07-29,,광주광역시교육청 광주광역시서부교육청 성덕중학교,성덕중학교,,,,,
입찰-a4180383cdda,물품,여주고등학교 수업용 노트북 구입 소액수의 견적제출 재공고(수정),2026-07-31,,경기도교육청 여주고등학교,여주고등학교,,7530191,고등학교,경기도,
입찰-f58e9de4124d,물품,복자여자고등학교 크롬북 구매 2단계(규격·가격 동시) 전자입찰 공고,2023-01-02,,충청남도교육청 복자여자고등학교,복자여자고등학교,,8140087,고등학교,충청남도,
입찰-edd8d47b6490,물품,복자여자고등학교 전자칠판 외 1종 구매 2단계(규격·가격 동시) 전자입찰 공고,2023-01-02,,충청남도교육청 복자여자고등학교,복자여자고등학교,,8140087,고등학교,충청남도,
입찰-97e9e94d1a94,물품,복자여자고등학교 전자칠판 외 1종 구매 2단계(규격·가격 동시) 전자입찰 공고,2023-01-03,,충청남도교육청 복자여자고등학교,복자여자고등학교,,8140087,고등학교,충청남도,
입찰-fd6c497fa450,물품,금오공업고등학교 정밀기계과 NCS기반 프로그램(CAM소프트웨어) 구입,2023-01-03,,경상북도교육청 금오공업고등학교,금오공업고등학교,,8750237,고등학교,경상북도,
입찰-6ec3b4606b36,물품,남이초등학교 VR 미래교실 구축,2023-01-04,,충청남도금산교육청 남이초등학교,남이초등학교,,,,,
입찰-b3a1e3988aee,물품,2023학년도 신입생 노트북 구입,2023-01-04,,충청남도교육청 아산스마트팩토리마이스터고등학교,아산스마트팩토리마이스터고등학교,,8140472,고등학교,충청남도,
입찰-daa9e037b0b7,물품,배방고등학교 정보교육실 학생용 노트북 구입,2023-01-04,,충청남도교육청 배방고등학교,배방고등학교,,8140256,고등학교,충청남도,
입찰-cc59eb19749e,물품,경남산업고등학교 스마트팩토리과 공압·유압실습장비 기자재 구입 입찰 공고,2023-01-05,,경상남도교육청 경남산업고등학교,경남산업고등학교,,9010332,고등학교,경상남도,
입찰-e5767657b3ef,물품,쌘뽈여자고등학교 전자칠판 OPS 구매 소액수의 견적제출공고,2023-01-05,,충청남도교육청 쌘뽈여자고등학교,쌘뽈여자고등학교,,8140095,고등학교,충청남도,
입찰-80abcab9da44,물품,서산서남초등학교 AI 교육 교구 구입 소액수의 전자견적 제출 공고,2023-01-06,,충청남도교육청 충청남도서산교육지원청 서산서남초등학교,서산서남초등학교,,8191116,초등학교,충청남도,
입찰-80abcab9da44,물품,서산서남초등학교 AI 교육 교구 구입 소액수의 전자견적 제출 공고,2023-01-06,,충청남도교육청 충청남도서산교육지원청 서산서남초등학교,서산서남초등학교,,8191116,초등학교,충청남도,
입찰-842fd67b7700,물품,영주동산고등학교 간호보건 VR 시뮬레이션 구입,2023-01-06,,경상북도교육청 영주동산고등학교,영주동산고등학교,,,,,
입찰-2e87d413f08c,물품,영주동산고등학교 간호보건 VR 시뮬레이션 구입,2023-01-09,,경상북도교육청 영주동산고등학교,영주동산고등학교,,,,,
입찰-7117d5bd187b,물품,포항흥해공업고등학교 스마트전기과 미래직업교육 기자재 구입 수의견적 제출,2023-01-09,,경상북도교육청 포항흥해공업고등학교,포항흥해공업고등학교,,8750670,고등학교,경상북도,
입찰-fd50df0941f3,물품,남주고등학교 메타버스 활용학교 운영물품 구입 설치 수의계약 안내공고,2023-01-10,,제주특별자치도교육청 남주고등학교,남주고등학교,,9290073,고등학교,제주특별자치도,
입찰-748579d9ab9f,물품,2022학년도 3D프린팅금형과 기자재(3D프린터) 구매,2023-01-10,,서울특별시교육청 서울공업고등학교,서울공업고등학교,,7010278,고등학교,서울특별시,
입찰-c501d076bdba,물품,담양공고 스마트전기전자과 실험실습기자재(SMT시뮬레이터) 구매 소액 수의견적 제출 안내 공고,2023-01-11,,전라남도교육청 담양공업고등학교,담양공업고등학교,,7140193,고등학교,전남광주통합특별시(전남),
입찰-b78132a3d081,물품,여강고등학교 교원 수업용 판서모니터 태블릿컴퓨터 구입,2023-01-11,,경기도교육청 여강고등학교,여강고등학교,,7530586,고등학교,경기도,
입찰-9b03fe2bc1bf,물품,"한국주얼리고등학교 실험실습실 현대화사업 기자재(노트북, 태블릿PC) 구입(긴급)",2023-01-11,,인천광역시교육청 한국주얼리고등학교,한국주얼리고등학교,,7310454,고등학교,인천광역시,
입찰-ae69bba8239b,물품,2022학년도 3D프린팅금형과 기자재(3D프린터) 구매,2023-01-11,,서울특별시교육청 서울공업고등학교,서울공업고등학교,,7010278,고등학교,서울특별시,
입찰-ae69bba8239b,물품,2022학년도 3D프린팅금형과 기자재(3D프린터) 구매,2023-01-11,,서울특별시교육청 서울공업고등학교,서울공업고등학교,,7010278,고등학교,서울특별시,
입찰-6af0453168d6,물품,복자여자고등학교 전자칠판 외 1종 구매 2단계(규격·가격 동시) 전자입찰 재공고,2023-01-11,,충청남도교육청 복자여자고등학교,복자여자고등학교,,8140087,고등학교,충청남도,
입찰-a4d77dcaa3ec,물품,경원고등학교 에듀테크 활용 교육활동 공간 구축 기자재 구매 입찰 공고(긴급),2023-01-12,,대구광역시교육청 경원고등학교,경원고등학교,,,,,
입찰-3f8d252c869c,물품,2022학년도 직업계고 학과 재구조화 지원사업 기자재(응용소프트웨어) 소액수의견적 공고,2023-01-12,,충청북도교육청 청주공업고등학교,청주공업고등학교,,8000280,고등학교,충청북도,
입찰-13a52ccf88f1,물품,광주학생예술누리터 시각예술교구(태블릿 컴퓨터 외) 구매 수의계약 안내공고,2023-01-13,,광주광역시동부교육청 광주중앙초등학교,광주중앙초등학교,,7392111,초등학교,전남광주통합특별시(광주),
입찰-2cb574bee54a,물품,충남기계공업공고 스마트시티과 토목 기자재 구매,2023-01-16,,대전광역시교육청 충남기계공업고등학교,충남기계공업고등학교,,7430073,고등학교,대전광역시,
입찰-7e5e44860c58,물품,경남항공고등학교 기자재(군집비행드론 외 2종) 구매 수의계약 안내 공고,2023-01-16,,경상남도교육청 경남항공고등학교,경남항공고등학교,,9010129,고등학교,경상남도,
입찰-aff5b73daeff,물품,2022 전북하이텍고 삼례공동실습소 기자재( 교육용 로봇카페 시스템 외 5종) 구입,2023-01-16,,전라북도교육청 전북하이텍고등학교,전북하이텍고등학교,,,,,
입찰-e7d3bd5c7a1d,물품,인천바이오과학고 스마트전자과 실험실습 기자재 구매 소액수의 견적 제출 안내 공고,2023-01-17,,인천광역시교육청 인천바이오과학고등학교,인천바이오과학고등학교,,7310593,고등학교,인천광역시,
입찰-3fc5b7c79b2b,물품,[긴급]경북기계금속고등학교 기계설비과 NCS기자재(로봇용접기 세트) 구매,2023-01-17,,경상북도교육청 경북기계금속고등학교,경북기계금속고등학교,,8750667,고등학교,경상북도,
입찰-1bb098a764fe,물품,스마트테크과 기자재(레이저커팅기) 구매,2023-01-17,,대구광역시교육청 대구달서공업고등학교,대구달서공업고등학교,,,,,
입찰-1433b0056793,물품,선덕여자중학교 전자칠판(본체 및 이동형 스탠드) 추가 구매 건,2023-01-17,,경상북도경주교육청 선덕여자중학교,선덕여자중학교,,8771133,중학교,경상북도,
입찰-5b34c5e16772,물품,포항흥해공업고등학교 스마트전기과 미래직업교육 기자재 구입 수의견적 제출 재공고,2023-01-17,,경상북도교육청 포항흥해공업고등학교,포항흥해공업고등학교,,8750670,고등학교,경상북도,
입찰-2ab59b685978,물품,선덕여자중학교 전자칠판(본체 및 이동형 스탠드) 추가 구매 건,2023-01-18,,경상북도경주교육청 선덕여자중학교,선덕여자중학교,,8771133,중학교,경상북도,
입찰-8b80c8d121f2,물품,목포덕인중학교 AI(인공지능)교실 기자재 구입 수의 견적제출 안내 공고,2023-01-18,,전라남도교육청 전라남도목포교육지원청 목포덕인중학교,목포덕인중학교,,8502018,중학교,전남광주통합특별시(전남),
입찰-bf8c9411f55c,물품,선덕여자중학교 전자칠판(본체 및 이동형 스탠드) 추가 구매 건,2023-01-19,,경상북도경주교육청 선덕여자중학교,선덕여자중학교,,8771133,중학교,경상북도,
입찰-2bb6f837cbbf,물품,2022 소재설계가공과 실습기자재(로봇용접기 및 로봇베이스) 구매,2023-01-19,,대구광역시교육청 대구과학기술고등학교,대구과학기술고등학교,,7240452,고등학교,대구광역시,
입찰-04dd975c9d2e,물품,전남공고 토목과 기자재(건설기계 VR 실습장비) 구매 수의계약 안내공고,2023-01-25,,전남광주통합특별시교육청 전남공업고등학교,전남공업고등학교,,7140358,고등학교,전남광주통합특별시(광주),
입찰-5b8be4922547,물품,동명공고 스마트기계과 소프트웨어(G-CNC)구매 소액수의 긴급입찰공고,2023-01-25,,부산광역시교육청 동명공업고등학교,동명공업고등학교,,7150620,고등학교,부산광역시,
입찰-038b45e46ce3,물품,선진형 융합교실(전자칠판) 조성을 위한 OPS 구입 소액수의 견적제출 안내 공고,2023-01-25,,울산광역시교육청 울산광역시강북교육청 호계중학교,호계중학교,,,,,
입찰-e8ddf1c378a2,물품,광주화정중 그린스마트 미래학교 조성 통신공사 통합배선반 구매설치,2023-01-25,,전남광주통합특별시교육청 전남광주통합특별시광주서부교육지원청 광주화정중학교,광주화정중학교,,7402275,중학교,전남광주통합특별시(광주),
입찰-ed5e1b210af7,물품,[긴급]세명컴퓨터고-2022학년도 스마트보안솔루션과 실험실습 기자재 확충 공고(컴퓨터),2023-01-25,,서울특별시교육청 세명컴퓨터고등학교,세명컴퓨터고등학교,,7010537,고등학교,서울특별시,
입찰-8f7ebeb162f9,물품,경남항공고등학교 기자재(군집비행드론 외 2종) 구매 수의계약 안내 공고,2023-01-25,,경상남도교육청 경남항공고등학교,경남항공고등학교,,9010129,고등학교,경상남도,
입찰-7c673feceb25,물품,논산대건중고등학교 전자칠판 외 7종 구매 2단계(규격·가격 동시) 전자입찰 공고(긴급),2023-01-25,,충청남도교육청 논산대건고등학교,논산대건고등학교,,8140085,고등학교,충청남도,
입찰-277c24940df3,물품,송악중학교 태블릿PC 구매 입찰공고,2023-01-26,,충청남도당진교육청 송악중학교,송악중학교,,8291014,중학교,충청남도,
입찰-b00535f7c288,물품,2022학년도 로봇자동화과 실습기자재(자율주행이동로봇 및 협동로봇 테이블) 구입,2023-01-26,,중소벤처기업부 전북기계공업고등학교,전북기계공업고등학교,,1421118,고등학교,전북특별자치도,
입찰-2d47dd89d4f5,물품,2022 영주중앙초등학교 첨단과학실험기자재 및 SW-AI교구 구입 2인이상 견적제출 안내 공고,2023-01-26,,경상북도영주교육청 영주중앙초등학교,영주중앙초등학교,,8811046,초등학교,경상북도,
입찰-e465d95430db,물품,충주공고 전기전자 학과개편 기자재(자율주행로봇) 구매 2단계(규격가격동시) 입찰 공고,2023-01-26,,충청북도교육청 충주공업고등학교,충주공업고등학교,,8000129,고등학교,충청북도,
입찰-0acd1a2c7708,물품,2022학년도 전북하이텍고 삼례공동실습소 기자재(드론진열대외6종) 구입,2023-01-26,,전라북도교육청 전북하이텍고등학교,전북하이텍고등학교,,,,,
입찰-177b16337043,물품,2022학년도 로봇자동화과 실습기자재(마이크로프로세서 교육훈련장비) 구입,2023-01-27,,중소벤처기업부 전북기계공업고등학교,전북기계공업고등학교,,1421118,고등학교,전북특별자치도,
입찰-2dab14e74ac5,물품,소양고등학교 평판형 전자칠판 물품구매 입찰 공고,2023-01-27,,강원도교육청 소양고등학교,소양고등학교,,,,,
입찰-2dab14e74ac5,물품,소양고등학교 평판형 전자칠판 물품구매 입찰 공고,2023-01-27,,강원도교육청 소양고등학교,소양고등학교,,,,,
입찰-60da0cfa87da,물품,2022학년도 스마트팩토리과 소프트웨어 구매,2023-01-27,,경상남도교육청 마산공업고등학교,마산공업고등학교,,9010165,고등학교,경상남도,
입찰-53be044ecd9e,물품,포항흥해공고 스마트메카닉스과 실습실 안전장치 구매,2023-01-27,,경상북도교육청 포항흥해공업고등학교,포항흥해공업고등학교,,8750670,고등학교,경상북도,
입찰-ba878b62524b,물품,마산공업고등학교 산학일체형 도제학교 소프트웨어 구매,2023-01-27,,경상남도교육청 마산공업고등학교,마산공업고등학교,,9010165,고등학교,경상남도,
입찰-58c91839683b,물품,경남항공고등학교 기자재(군집비행드론 외 2종) 구매 수의계약 안내 공고,2023-01-30,,경상남도교육청 경남항공고등학교,경남항공고등학교,,9010129,고등학교,경상남도,
입찰-946684177b58,물품,2022년 서울공업고등학교 3D프린팅금형과 기자재[3D프린터(SLA)] 구매,2023-01-30,,서울특별시교육청 서울공업고등학교,서울공업고등학교,,7010278,고등학교,서울특별시,
입찰-eb43352debe2,용역,광주제석초등학교 가상현실 스포츠실 구축,2023-01-02,,광주광역시서부교육청 광주제석초등학교,광주제석초등학교,,7402189,초등학교,전남광주통합특별시(광주),
입찰-4bb9bbdeffb2,용역,동성초등학교 특성화 교육과정[코딩로봇교실] 위탁업체 공고,2023-01-02,,부산광역시교육청 부산광역시남부교육지원청 동성초등학교,동성초등학교,,,,,
입찰-2d2c1012e4ed,용역,신례원초등학교 가상현실 스포츠실 구축사업 제안서 제출공고,2023-01-12,,충청남도예산교육청 신례원초등학교,신례원초등학교,,8271027,초등학교,충청남도,
입찰-6b0050211766,용역,동성초등학교 특성화 교육과정[코딩로봇교실] 위탁업체 재공고,2023-01-13,,부산광역시교육청 부산광역시남부교육지원청 동성초등학교,동성초등학교,,,,,
입찰-8fb87ee047bc,용역,서울강덕초 가상현실 스포츠실 설치 운영사업 업체 선정 공고,2023-01-26,,서울특별시교육청 서울특별시강동송파교육지원청 서울강덕초등학교,서울강덕초등학교,,7130105,초등학교,서울특별시,
입찰-d4d1cd7f9fa6,용역,동성초등학교 특성화 교육과정[코딩로봇교실] 위탁업체 공고,2023-01-26,,부산광역시교육청 부산광역시남부교육지원청 동성초등학교,동성초등학교,,,,,
입찰-98ad48dd6476,용역,여수화양고등학교 에듀테크 활용 스마트 교육시스템 구축 용역,2023-01-30,,전라남도교육청 여수화양고등학교,여수화양고등학교,,7140170,고등학교,전남광주통합특별시(전남),
입찰-408ca6354f57,용역,부안여자고등학교 본관동 그린스마트스쿨 리모델링공사 설계 제안공모,2023-01-26,,전라북도교육청 부안여자고등학교,부안여자고등학교,,8321209,고등학교,전북특별자치도,
입찰-408ca6354f57,용역,부안여자고등학교 본관동 그린스마트스쿨 리모델링공사 설계 제안공모,2023-01-26,,전라북도교육청 부안여자고등학교,부안여자고등학교,,8321209,고등학교,전북특별자치도,
입찰-3590899d2a4b,공사,광주소프트웨어마이스터고 선진화 실습실  구축 건축공사 제한경쟁 입찰 공고,2023-01-02,,전남광주통합특별시교육청 광주소프트웨어마이스터고등학교,광주소프트웨어마이스터고등학교,,7140392,고등학교,전남광주통합특별시(광주),
입찰-1bf4be792f12,공사,선린인넷고 인공지능센터 구축 및 학과 재구조화 실습실 환경개선 공사,2023-01-02,,서울특별시교육청 선린인터넷고등학교,선린인터넷고등학교,,7010536,고등학교,서울특별시,
입찰-5c1edc8457dc,공사,공간혁신(미래교실) 수의계약 견적제출 안내 공고,2023-01-03,,인천광역시교육청 인천광역시서부교육지원청 인천아라중학교,인천아라중학교,,7361321,중학교,인천광역시,
입찰-5c1edc8457dc,공사,공간혁신(미래교실) 수의계약 견적제출 안내 공고,2023-01-03,,인천광역시교육청 인천광역시서부교육지원청 인천아라중학교,인천아라중학교,,7361321,중학교,인천광역시,
입찰-643742ac5191,공사,공간혁신(미래교실) 환경개선 공사 수의계약 견적제출 안내 공고,2023-01-03,,인천광역시교육청 인천광역시서부교육지원청 인천아라중학교,인천아라중학교,,7361321,중학교,인천광역시,
입찰-a39d6b2b5a73,공사,한양공고 디지털건축과 실습실 환경개선공사(건축),2023-01-03,,서울특별시교육청 한양과학기술고등학교,한양과학기술고등학교,,7011650,고등학교,서울특별시,
입찰-1eab586cc6c4,공사,한양공고 디지털건축과 실습실 환경개선공사(전기),2023-01-03,,서울특별시교육청 한양과학기술고등학교,한양과학기술고등학교,,7011650,고등학교,서울특별시,
입찰-c50bec8dcb89,공사,경문고등학교 정보화도서관 도서실 환경개선공사,2023-01-04,,서울특별시교육청 경문고등학교,경문고등학교,,7010120,고등학교,서울특별시,
입찰-95e4410dbf21,공사,광주소프트웨어마이스터고 선진화 실습실  구축 전기공사 수의계약 안내공고,2023-01-04,,전남광주통합특별시교육청 광주소프트웨어마이스터고등학교,광주소프트웨어마이스터고등학교,,7140392,고등학교,전남광주통합특별시(광주),
입찰-5a004b52c101,공사,천안신촌초 창의융합 정보실(컴퓨터실) 교육환경개선공사(리모델링),2023-01-04,,충청남도천안교육청 천안신촌초등학교,천안신촌초등학교,,8151080,초등학교,충청남도,
입찰-e428eebbbdfa,공사,선린인넷고 인공지능센터 구축 및 학과 재구조화 실습실 환경개선 공사,2023-01-04,,서울특별시교육청 선린인터넷고등학교,선린인터넷고등학교,,7010536,고등학교,서울특별시,
입찰-c50bec8dcb89,공사,경문고등학교 정보화도서관 도서실 환경개선공사,2023-01-04,,서울특별시교육청 경문고등학교,경문고등학교,,7010120,고등학교,서울특별시,
입찰-e428eebbbdfa,공사,선린인넷고 인공지능센터 구축 및 학과 재구조화 실습실 환경개선 공사,2023-01-04,,서울특별시교육청 선린인터넷고등학교,선린인터넷고등학교,,7010536,고등학교,서울특별시,
입찰-1710520c55f5,공사,[긴급]창원용호고등학교 태권도전용연습장 리모델링 및 온라인 수업환경 구축 공사 입찰 공고,2023-01-04,,경상남도교육청 창원용호고등학교,창원용호고등학교,,9010262,고등학교,경상남도,
입찰-1b947afb4663,공사,환호여자중학교 컴퓨터실 환경개선공사 소액수의 견적 제출 안내 공고,2023-01-05,,경상북도포항교육청 환호여자중학교,환호여자중학교,,8761201,중학교,경상북도,
입찰-156c28ff8c8d,공사,천안월봉초등학교 AI-로봇 창의융합실 구축 공사 소액수의 견적 제출 공고,2023-01-05,,충청남도천안교육청 천안월봉초등학교,천안월봉초등학교,,8151089,초등학교,충청남도,
입찰-bc621a2b3d84,공사,선린인터넷고 인공지능센터 구축 및 학과 재구조화 실습실 전기공사 소액수의 견적공고,2023-01-05,,서울특별시교육청 선린인터넷고등학교,선린인터넷고등학교,,7010536,고등학교,서울특별시,
입찰-4613a8ea775e,공사,천안신촌초 창의융합 정보실(컴퓨터실) 교육환경개선공사(리모델링),2023-01-06,,충청남도천안교육청 천안신촌초등학교,천안신촌초등학교,,8151080,초등학교,충청남도,
입찰-4613a8ea775e,공사,천안신촌초 창의융합 정보실(컴퓨터실) 교육환경개선공사(리모델링),2023-01-06,,충청남도천안교육청 천안신촌초등학교,천안신촌초등학교,,8151080,초등학교,충청남도,
입찰-82e72738e0ed,공사,천안불당초등학교 온라인수업스튜디오 구축 공사 소액수의 견적제출 공고,2023-01-09,,충청남도교육청 충청남도천안교육청 천안불당초등학교,천안불당초등학교,,8151036,초등학교,충청남도,
입찰-be95791eda60,공사,서울윤중초등학교 첨단미래교실 구축 및 교육자료실 개선 공사 수의계약 견적 제출 안내 공고,2023-01-09,,서울특별시남부교육청 서울윤중초등학교,서울윤중초등학교,,7041159,초등학교,서울특별시,
입찰-517901dbe742,공사,부천부곡중학교 정보화교실 구축공사 소액수의 견적제출 안내공고,2023-01-09,,경기도부천교육청 부천부곡중학교,부천부곡중학교,,7581019,중학교,경기도,
입찰-cc4d0ffedf8a,공사,선린인넷고 인공지능센터 구축 및 학과 재구조화 실습실 환경개선 공사,2023-01-09,,서울특별시교육청 선린인터넷고등학교,선린인터넷고등학교,,7010536,고등학교,서울특별시,
입찰-71cfba04b674,공사,백령초 미래교실[교실형] 학교공간혁신사업 공사 수의계약 견적제출 안내 공고,2023-01-09,,인천광역시남부교육청 백령초등학교,백령초등학교,,7321014,초등학교,인천광역시,
입찰-04a2b260a3b6,공사,[긴급]인공지능센터 구축 및 학과 재구조화 실습실 환경개선 공사 입찰 공고,2023-01-09,,서울특별시교육청 선린인터넷고등학교,선린인터넷고등학교,,7010536,고등학교,서울특별시,
입찰-9a22a4a76658,공사,전주신흥중학교 그린스마트 미래학교 리모델링 전기 공사,2023-01-10,,전라북도교육청 전라북도전주교육지원청 전주신흥중학교,전주신흥중학교,,8332232,중학교,전북특별자치도,
입찰-93427991c192,공사,서울로봇고 실습동 실습환경 구축 및 교사동 화장실 화변기 교체공사,2023-01-10,,서울특별시교육청 서울로봇고등학교,서울로봇고등학교,,7010738,고등학교,서울특별시,
입찰-ec898009887b,공사,"신녕초등학교 컴퓨터실, 영어체험실, 예술실, 교육복지실 환경개선 공사",2023-01-11,,경상북도영천교육청 신녕초등학교,신녕초등학교,,8821039,초등학교,경상북도,
입찰-245fbf6a0afd,공사,울산에너지고 시설공사 소액수의계약 견적제출 안내공고(전자칠판 구축 교실인테리어 공사 등),2023-01-11,,울산광역시교육청 울산에너지고등학교,울산에너지고등학교,,7480183,고등학교,울산광역시,
입찰-5a512892e151,공사,금호중앙중학교AI팩토리(컴퓨터실) 환경개선공사 수의계약 안내공고,2023-01-11,,전남광주통합특별시교육청 전남광주통합특별시광주동부교육지원청 금호중앙중학교,금호중앙중학교,,7392199,중학교,전남광주통합특별시(광주),
입찰-42485e110afe,공사,대성여고 AI팩토리(컴퓨터실 현대화) 구축 공사 소액수의 견적 안내 공고,2023-01-12,,전남광주통합특별시교육청 대성여자고등학교,대성여자고등학교,,7140343,고등학교,전남광주통합특별시(광주),
입찰-26e75916c8e0,공사,"대구수성초 특별교실(컴퓨터실,무용실,교사연구실) 및 방과후돌봄교실 리모델링 공사 공고(긴급)",2023-01-12,,대구광역시동부교육청 대구수성초등학교,대구수성초등학교,,7251053,초등학교,대구광역시,
입찰-dccd54d94057,공사,조대여고 AI 팩토리 구축 공사 소액수의 견적제출 공고,2023-01-12,,전남광주통합특별시교육청 조선대학교여자고등학교,조선대학교여자고등학교,,7140355,고등학교,전남광주통합특별시(광주),
입찰-ad2615e3d0bf,공사,인성초 미래교실조성 공사,2023-01-12,,인천광역시남부교육청 인성초등학교,인성초등학교,,7321068,초등학교,인천광역시,
입찰-3d7d58f73ac9,공사,2022학년도 인지초등학교 컴퓨터실 및 과학실 내부환경개선공사 견적 제출 공고,2023-01-13,,충청남도서산교육청 인지초등학교,인지초등학교,,,,,
입찰-5e629b2ca837,공사,2022학년도 건양고 고교학점제 스마트 교육환경구축비 건축공사 소액수의 견적공고건,2023-01-16,,충청남도교육청 건양대학교병설건양고등학교,건양대학교병설건양고등학교,,8140360,고등학교,충청남도,
입찰-93d28513e312,공사,대광고등학교 미래스마트교육공간 메이커스페이스교실 구축 공사(긴급),2023-01-16,,서울특별시교육청 대광고등학교,대광고등학교,,,,,
입찰-c97a2742fff1,공사,"인천영종고등학교 지능형과학실,실내스크린골프연습장, 온니유클래스 구축공사",2023-01-16,,인천광역시교육청 인천영종고등학교,인천영종고등학교,,7310405,고등학교,인천광역시,
입찰-2e096bbff6fb,공사,인천동명초 미래교실 전기공사 공고,2023-01-16,,인천광역시남부교육청 인천동명초등학교,인천동명초등학교,,7321067,초등학교,인천광역시,
입찰-054bb54a51a2,공사,인천동명초 미래교실 구축공사 공고,2023-01-16,,인천광역시남부교육청 인천동명초등학교,인천동명초등학교,,7321067,초등학교,인천광역시,
입찰-c50e34a794ee,공사,[긴급]광운인공지능고 인소과 실습실 환경개선공사,2023-01-17,,서울특별시교육청 광운인공지능고등학교,광운인공지능고등학교,,7011505,고등학교,서울특별시,
입찰-c50e34a794ee,공사,[긴급]광운인공지능고 인소과 실습실 환경개선공사,2023-01-17,,서울특별시교육청 광운인공지능고등학교,광운인공지능고등학교,,7011505,고등학교,서울특별시,
입찰-c50e34a794ee,공사,[긴급]광운인공지능고 인소과 실습실 환경개선공사,2023-01-17,,서울특별시교육청 광운인공지능고등학교,광운인공지능고등학교,,7011505,고등학교,서울특별시,
입찰-c9824341857a,공사,인천아라고등학교 미래교실 구축공사 수의계약 견적제출 안내 공고,2023-01-17,,인천광역시교육청 인천아라고등학교,인천아라고등학교,,7310598,고등학교,인천광역시,
입찰-c9824341857a,공사,인천아라고등학교 미래교실 구축공사 수의계약 견적제출 안내 공고,2023-01-17,,인천광역시교육청 인천아라고등학교,인천아라고등학교,,7310598,고등학교,인천광역시,
입찰-90f87ddfdd52,공사,내포중학교 미래형 정보교실(컴퓨터실) 환경개선공사,2023-01-18,,충청남도교육청 충청남도홍성교육지원청 내포중학교,내포중학교,,8261087,중학교,충청남도,
입찰-90f87ddfdd52,공사,내포중학교 미래형 정보교실(컴퓨터실) 환경개선공사,2023-01-18,,충청남도교육청 충청남도홍성교육지원청 내포중학교,내포중학교,,8261087,중학교,충청남도,
입찰-90f87ddfdd52,공사,내포중학교 미래형 정보교실(컴퓨터실) 환경개선공사,2023-01-18,,충청남도교육청 충청남도홍성교육지원청 내포중학교,내포중학교,,8261087,중학교,충청남도,
입찰-35648b802b90,공사,금호중앙중학교 컴퓨터실 환경개선 전기공사,2023-01-19,,전남광주통합특별시교육청 전남광주통합특별시광주동부교육지원청 금호중앙중학교,금호중앙중학교,,7392199,중학교,전남광주통합특별시(광주),
입찰-b78f680bdc96,공사,금호중앙중학교 컴퓨터실 환경개선 통신공사 견적요청,2023-01-19,,전남광주통합특별시교육청 전남광주통합특별시광주동부교육지원청 금호중앙중학교,금호중앙중학교,,7392199,중학교,전남광주통합특별시(광주),
입찰-6720064a1176,공사,[긴급]광운인공지능고 인소과 실습실 환경개선공사 변경 입찰공고,2023-01-20,,서울특별시교육청 광운인공지능고등학교,광운인공지능고등학교,,7011505,고등학교,서울특별시,
입찰-44c1efb4adf5,공사,서천여자정보고등학교 그린스마트 스쿨 및 내진보강 전기공사,2023-01-25,,충청남도교육청 한국미래문화고등학교,한국미래문화고등학교,,8140509,고등학교,충청남도,
입찰-76e0695ffee7,공사,경북드론고 실습실외2실 리모델링 및 다목적강당 환경개선공사 수의계약 안내 공고,2023-01-27,,경상북도교육청 경북드론고등학교,경북드론고등학교,,8750731,고등학교,경상북도,
입찰-94f24d76ab12,공사,성도고등학교 그린스마트 미래학교(리모델링) 기계설비공사,2023-01-27,,부산광역시교육청 성도고등학교,성도고등학교,,7150148,고등학교,부산광역시,
입찰-34fbe63b89d9,물품,학과재구조 기자재(1종 방제용 드론 외 5종) 구매 입찰공고[긴급],2023-03-08,,경상북도교육청 경북휴먼테크고등학교,경북휴먼테크고등학교,,8750776,고등학교,경상북도,
입찰-3c22a97c3ce6,물품,학과재구조 기자재(1종 방제용 드론 외 5종) 구매 입찰공고[긴급],2023-03-09,,경상북도교육청 경북휴먼테크고등학교,경북휴먼테크고등학교,,8750776,고등학교,경상북도,
입찰-795ff4a7b5f1,물품,연무마이스터고 기자재 디지털마이크로홀테스트세트 구매 소액수의 견적공고,2023-03-24,,충청남도교육청 연무마이스터고등학교,연무마이스터고등학교,,8140482,고등학교,충청남도,
입찰-51f0a6d76043,물품,연무마이스터고 기자재 디지털마이크로홀테스트세트 구매 소액수의 견적공고(재공고),2023-03-30,,충청남도교육청 연무마이스터고등학교,연무마이스터고등학교,,8140482,고등학교,충청남도,
입찰-69f94782e09d,용역,인천재능중학교 그린스마트 미래학교 리모델링공사 설계공모,2023-03-08,,인천광역시교육청 인천광역시남부교육지원청 인천재능중학교,인천재능중학교,,,,,
입찰-c4744b46a1fa,용역,창녕대성고등학교 그린스마트 미래학교 리모델링 설계 제안공모,2023-03-15,,경상남도교육청 창녕대성고등학교,창녕대성고등학교,,9010253,고등학교,경상남도,
입찰-fa30f6fb5f5f,용역,마산의신여자중학교 그린스마트 개축 및 리모델링 설계공모,2023-03-15,,경상남도마산교육청 마산의신여자중학교,의신중학교,,,,,
입찰-c54e40452e53,용역,마산중앙고등학교 그린스마트 미래학교 리모델링 설계 제안공모,2023-03-21,,경상남도교육청 마산중앙고등학교,마산중앙고등학교,,9010094,고등학교,경상남도,
입찰-f7c8ed5ef16f,공사,안양공고 드론부사관과 실습실 구축을 위한 리모델링 전기공사 소액수의 견적제출 안내,2023-03-15,,경기도교육청 안양공업고등학교,안양공업고등학교,,7530270,고등학교,경기도,
입찰-52576d8dedac,공사,안양공고 드론부사관과 실습실 구축을 위한 리모델링 통신공사 소액수의 견적제출 안내,2023-03-15,,경기도교육청 안양공업고등학교,안양공업고등학교,,7530270,고등학교,경기도,
입찰-3d5acf6e5197,공사,천안고등학교 그린스마트미래학교 조성 및 보통교실 증축 건축공사,2023-03-17,,충청남도교육청 천안고등학교,천안고등학교,,8140104,고등학교,충청남도,
입찰-3d5acf6e5197,공사,천안고등학교 그린스마트미래학교 조성 및 보통교실 증축 건축공사,2023-03-17,,충청남도교육청 천안고등학교,천안고등학교,,8140104,고등학교,충청남도,
입찰-f0e4ea7dc4b1,공사,천안고등학교 그린스마트미래학교 조성 및 보통교실 증축 기계설비공사,2023-03-20,,충청남도교육청 천안고등학교,천안고등학교,,8140104,고등학교,충청남도,
입찰-773d4867bd4b,공사,천안고등학교 그린스마트미래학교 조성 및 보통교실 증축 전기공사,2023-03-20,,충청남도교육청 천안고등학교,천안고등학교,,8140104,고등학교,충청남도,
입찰-2f2575816f58,공사,천안고등학교 그린스마트미래학교 조성 및 보통교실 증축 소방공사,2023-03-20,,충청남도교육청 천안고등학교,천안고등학교,,8140104,고등학교,충청남도,
입찰-235fb544830b,공사,천안고등학교 그린스마트미래학교 조성 및 보통교실 증축 정보통신공사,2023-03-20,,충청남도교육청 천안고등학교,천안고등학교,,8140104,고등학교,충청남도,
입찰-235fb544830b,공사,천안고등학교 그린스마트미래학교 조성 및 보통교실 증축 정보통신공사,2023-03-20,,충청남도교육청 천안고등학교,천안고등학교,,8140104,고등학교,충청남도,
입찰-ca4910d468f2,공사,고창북중학교 그린스마트스쿨 전기공사,2023-03-22,,전라북도고창교육청 고창북중학교,고창북중학교,,8452061,중학교,전북특별자치도,
입찰-f63ac859b838,공사,천안고등학교 그린스마트미래학교 조성 및 보통교실 증축 정보통신공사,2023-03-28,,충청남도교육청 천안고등학교,천안고등학교,,8140104,고등학교,충청남도,
입찰-86a696eba645,물품,화홍고등학교 전자칠판 구입 제안서 제출 공고,2023-04-14,,경기도교육청 화홍고등학교,화홍고등학교,,7530479,고등학교,경기도,
입찰-b1c19ba8a887,물품,2023년 스마트아쿠아카페 실습실 물품 제작 구매 입찰 공고(규격.가격 동시 입찰),2023-04-17,,경상북도교육청 한국해양마이스터고등학교,한국해양마이스터고등학교,,8750804,고등학교,경상북도,
입찰-b857039f3044,물품,[변경]화홍고등학교 전자칠판 구입 제안서 제출 공고,2023-04-17,,경기도교육청 화홍고등학교,화홍고등학교,,7530479,고등학교,경기도,
입찰-fad5d4163337,물품,"2023학년도 울산공업고등학교 NCS교육과정 전기과, 건축과 소프트웨어 구매",2023-04-25,,울산광역시교육청 울산공업고등학교,울산공업고등학교,,7480044,고등학교,울산광역시,
입찰-fad5d4163337,물품,"2023학년도 울산공업고등학교 NCS교육과정 전기과, 건축과 소프트웨어 구매",2023-04-25,,울산광역시교육청 울산공업고등학교,울산공업고등학교,,7480044,고등학교,울산광역시,
입찰-150b77e1b469,물품,"2023학년도 울산공업고등학교 NCS 교육과정을 위한 전기과,건축과 소프트웨어 구매",2023-04-25,,울산광역시교육청 울산공업고등학교,울산공업고등학교,,7480044,고등학교,울산광역시,
입찰-885939aba64a,물품,천안수곡초등학교 전자칠판 구매 다수공급자계약 2단계 경쟁 제안서 제출 공고,2023-04-25,,충청남도천안교육청 천안수곡초등학교,천안수곡초등학교,,8151040,초등학교,충청남도,
입찰-ef6222bcef25,물품,삼일공업고등학교 환경분야 특성화고 인력양성사업 기자재 노트북컴퓨터 구매,2023-04-25,,경기도교육청 삼일공업고등학교,삼일공업고등학교,,7530335,고등학교,경기도,
입찰-4641a15d4c3f,물품,두원공업고등학교 미래역량강화사업 기자재 (V-AMT) 소액수의 견적 제출 공고,2023-04-26,,경기도교육청 두원공업고등학교,두원공업고등학교,,7531257,고등학교,경기도,
입찰-8c01939d8206,물품,2023년 스마트아쿠아카페 실습실 물품 제작 구매 입찰 공고(규격.가격 동시 입찰),2023-04-27,,경상북도교육청 한국해양마이스터고등학교,한국해양마이스터고등학교,,8750804,고등학교,경상북도,
입찰-c61e1c0d0085,용역,서울강덕초 가상현실 스포츠실 구축 사업 입찰공고,2023-04-21,,서울특별시교육청 서울특별시강동송파교육지원청 서울강덕초등학교,서울강덕초등학교,,7130105,초등학교,서울특별시,
입찰-706a0b938cce,용역,효암고등학교 그린스마트 미래학교 리모델링 설계  제안공모,2023-04-03,,경상남도교육청 효암고등학교,효암고등학교,,9010259,고등학교,경상남도,
입찰-0cd22109ec11,용역,동성중고등학교 그린스마트 미래학교 리모델링 및 증축공사 설계공모,2023-04-18,,서울특별시교육청 동성고등학교,동성고등학교,,,,,
입찰-bf7808dffb83,용역,고성고등학교 그린스마트스쿨 리모델링 설계공모,2023-04-20,,경상남도교육청 고성고등학교,고성고등학교,,,,,
입찰-0a54506710ba,용역,창원대산고등학교 그린스마트스쿨 리모델링 설계공모,2023-04-28,,경상남도교육청 창원대산고등학교,창원대산고등학교,,9010116,고등학교,경상남도,
입찰-91e1aa40a982,공사,청구중학교 그린스마트스쿨 사업 리모델링 전기공사,2023-04-12,,대구광역시동부교육청 청구중학교,청구중학교,,7251037,중학교,대구광역시,
입찰-4869c3612378,공사,청구중학교 그린스마트스쿨 사업 리모델링 기계설비공사,2023-04-12,,대구광역시동부교육청 청구중학교,청구중학교,,7251037,중학교,대구광역시,
입찰-cec634574991,공사,청구중학교 그린스마트스쿨 사업 리모델링 정보통신공사,2023-04-12,,대구광역시동부교육청 청구중학교,청구중학교,,7251037,중학교,대구광역시,
입찰-abd86462ba9d,공사,청구중학교 그린스마트스쿨 사업 리모델링 소방시설공사,2023-04-12,,대구광역시동부교육청 청구중학교,청구중학교,,7251037,중학교,대구광역시,
입찰-cbc4b107241e,공사,성도고등학교 그린스마트미래학교(리모델링) 전기공사,2023-04-24,,부산광역시교육청 성도고등학교,성도고등학교,,7150148,고등학교,부산광역시,
입찰-84c00159ede4,공사,성도고등학교 그린스마트 미래학교(리모델링) 정보통신공사,2023-04-24,,부산광역시교육청 성도고등학교,성도고등학교,,7150148,고등학교,부산광역시,
입찰-6e169bfc5bb5,공사,성도고등학교 그린스마트 미래학교(리모델링) 소방공사,2023-04-24,,부산광역시교육청 성도고등학교,성도고등학교,,7150148,고등학교,부산광역시,
입찰-a8ac32816616,공사,효명고 그린스마트-경기형특화 사업 전기공사 입찰,2023-04-28,,경기도교육청 효명고등학교,효명고등학교,,7530601,고등학교,경기도,
입찰-9e09921be97e,물품,안양공업고등학교 공유압 및 PLC 자동화 실습용 소프트웨어 구매 소액수의 견적 제출 안내 공고,2023-05-03,,경기도교육청 안양공업고등학교,안양공업고등학교,,7530270,고등학교,경기도,
입찰-372ac7313061,물품,2023학년도 서울디지텍고등학교 직업계고 재구조화 실습기자재(그래픽태블릿) 구입 입찰 공고,2023-05-08,,서울특별시교육청 서울디지텍고등학교,서울디지텍고등학교,,7010572,고등학교,서울특별시,
입찰-a1da73505b46,물품,둔전초 전자칠판 구매 제안서 제출공고,2023-05-08,,경기도교육청 경기도군포의왕교육지원청 둔전초등학교,둔전초등학교,,7642019,초등학교,경기도,
입찰-ccdafcbc0d9b,물품,2023년 스마트아쿠아카페 실습실(수조 및 작업대 제작 구매) 구축 사업 입찰 공고,2023-05-09,,경상북도교육청 한국해양마이스터고등학교,한국해양마이스터고등학교,,8750804,고등학교,경상북도,
입찰-ccdafcbc0d9b,물품,2023년 스마트아쿠아카페 실습실(수조 및 작업대 제작 구매) 구축 사업 입찰 공고,2023-05-09,,경상북도교육청 한국해양마이스터고등학교,한국해양마이스터고등학교,,8750804,고등학교,경상북도,
입찰-18f7359e018e,물품,문학정보고등학교 웹툰스마트부 실습기자재(그래픽태블릿 등) 구매,2023-05-15,,인천광역시교육청 문학정보고등학교,문학정보고등학교,,7310192,고등학교,인천광역시,
입찰-ab584097028f,물품,노트북컴퓨터 구입 수의계약 견적 제출 안내 공고,2023-05-15,,제주특별자치도교육청 제주외국어고등학교,제주외국어고등학교,,9290068,고등학교,제주특별자치도,
입찰-64902cd14780,물품,대전전자디자인고등학교 스마트기계과 기자재(AI 로봇 실습실 구축) 구매 입찰 공고,2023-05-18,,대전광역시교육청 대전전자디자인고등학교,대전전자디자인고등학교,,7430311,고등학교,대전광역시,
입찰-3e2a5ba89b1a,물품,2023학년도 인천재능고 스마트반도체과 기자재(전기공압장치 외 1종) 구입,2023-05-19,,인천광역시교육청 인천재능고등학교,인천재능고등학교,,,,,
입찰-a0b4743321a5,물품,2023학년도 인천재능고 스마트반도체과 기자재(다이본딩장비 외 2종) 구입,2023-05-19,,인천광역시교육청 인천재능고등학교,인천재능고등학교,,,,,
입찰-3e2a5ba89b1a,물품,2023학년도 인천재능고 스마트반도체과 기자재(전기공압장치 외 1종) 구입,2023-05-19,,인천광역시교육청 인천재능고등학교,인천재능고등학교,,,,,
입찰-acc23f5d33e5,물품,2023학년도 실습기자재(교육용소프트웨어 2종) 구매 소액수의 견적 제출 공고,2023-05-19,,중소벤처기업부 전북기계공업고등학교,전북기계공업고등학교,,1421118,고등학교,전북특별자치도,
입찰-8867778ace8e,물품,금산초등학교 전자칠판 구매 다수공급자계약 2단계 경쟁 제안서 제출 공고,2023-05-23,,충청남도금산교육청 금산초등학교,금산초등학교,,,,,
입찰-2a11f56a73e5,물품,대전전자디자인고등학교 스마트기계과 AI로봇 바리스타 시스템 구매 입찰 공고,2023-05-24,,대전광역시교육청 대전전자디자인고등학교,대전전자디자인고등학교,,7430311,고등학교,대전광역시,
입찰-af5619736606,물품,서울쌍문초등학교 전자칠판 다수공급자계약 2단계경쟁 요청대상자 선정을 위한 제안서 제출 공고,2023-05-24,,서울특별시북부교육청 서울쌍문초등학교,서울쌍문초등학교,,7051143,초등학교,서울특별시,
입찰-936e368a9ca8,물품,진안공고 전기과 솔리드웍스 캐드프로그램 구매 수의계약 안내 공고,2023-05-24,,전라북도교육청 진안공업고등학교,진안공업고등학교,,,,,
입찰-0a0a87fa6011,물품,금산초등학교 전자칠판 구매 다수공급자계약 2단계 경쟁 제안서 제출 공고,2023-05-25,,충청남도금산교육청 금산초등학교,금산초등학교,,,,,
입찰-5cd6ee97bb5b,물품,제주고등학교 수업용 노트북 컴퓨터 구매,2023-05-25,,제주특별자치도교육청 제주고등학교,제주고등학교,,9290096,고등학교,제주특별자치도,
입찰-1408c4101104,물품,둔전초등학교 전자칠판 제안서 제출 공고(내용변경),2023-05-26,,경기도교육청 경기도군포의왕교육지원청 둔전초등학교,둔전초등학교,,7642019,초등학교,경기도,
입찰-46609af60bd0,물품,인천해든초등학교 교실수업개선사업 정보기기(태블릿 PC) 구입 수의계약 견적제출 공고,2023-05-30,,인천광역시교육청 인천광역시서부교육지원청 인천해든초등학교,인천해든초등학교,,7361315,초등학교,인천광역시,
입찰-883d119d4fa3,물품,"창원기계공고 산학일체형 도제학교 기자재 입찰 공고(소프트웨어(CAM),시물레이션 프로그램)",2023-05-30,,경상남도교육청 창원기계공업고등학교,창원기계공업고등학교,,9010151,고등학교,경상남도,
입찰-8e957abd4561,물품,한일여고 실험실습기자재(그래픽소프트웨어_카티아) 구입 소액수의 견적 제출 공고,2023-05-30,,경상남도교육청 한일여자고등학교,한일여자고등학교,,9010531,고등학교,경상남도,
입찰-09084e2a07b2,용역,김해중앙여자고등학교 본관동 리모델링 그린스마트 미래학교 설계 제안 공모,2023-05-04,,경상남도교육청 김해중앙여자고등학교,김해중앙여자고등학교,,9010087,고등학교,경상남도,
입찰-fbbf52dc7e6d,용역,진해남중학교 본관동 리모델링 그린스마트 미래학교 설계공모,2023-05-17,,경상남도교육청 경상남도창원교육지원청 진해남중학교,진해남중학교,,9022159,중학교,경상남도,
입찰-2bb3fa584c28,용역,영동고등학교 그린스마트스쿨 조성사업 본관동 리모델링 설계 제안공모,2023-05-18,,경상북도교육청 영동고등학교,영동고등학교,,,,,
입찰-2e001d8569c1,용역,세종고등학교 그린스마트 미래학교 리모델링 설계공모,2023-05-22,,경상남도교육청 세종고등학교,세종고등학교,,,,,
입찰-c4da93983ca2,용역,용문고등학교 그린스마트 미래학교 리모델링 설계공모,2023-05-23,,서울특별시교육청 용문고등학교,용문고등학교,,,,,
입찰-e585b0f877de,공사,효명고 그린스마트-경기형특화 사업 전기공사 입찰,2023-05-01,,경기도교육청 효명고등학교,효명고등학교,,7530601,고등학교,경기도,
입찰-e585b0f877de,공사,효명고 그린스마트-경기형특화 사업 전기공사 입찰,2023-05-01,,경기도교육청 효명고등학교,효명고등학교,,7530601,고등학교,경기도,
입찰-e585b0f877de,공사,효명고 그린스마트-경기형특화 사업 전기공사 입찰,2023-05-01,,경기도교육청 효명고등학교,효명고등학교,,7530601,고등학교,경기도,
입찰-e585b0f877de,공사,효명고 그린스마트-경기형특화 사업 전기공사 입찰,2023-05-01,,경기도교육청 효명고등학교,효명고등학교,,7530601,고등학교,경기도,
입찰-329e548ee8fb,공사,효명고 그린스마트-경기형특화 사업 전기공사 입찰,2023-05-02,,경기도교육청 효명고등학교,효명고등학교,,7530601,고등학교,경기도,
입찰-2a0fba36d5fc,공사,"대구남산고등학교 그린스마트 스쿨사업 신관동 리모델링 건축, 토목공사",2023-05-03,,대구광역시교육청 대구남산고등학교,대구남산고등학교,,7240213,고등학교,대구광역시,
입찰-938c4d7ba78a,공사,대구남산고등학교 그린스마트 스쿨사업 신관동 리모델링 기계설비공사,2023-05-03,,대구광역시교육청 대구남산고등학교,대구남산고등학교,,7240213,고등학교,대구광역시,
입찰-86f1946bb74b,공사,대구남산고등학교 그린스마트 스쿨사업 신관동 리모델링 전기공사,2023-05-03,,대구광역시교육청 대구남산고등학교,대구남산고등학교,,7240213,고등학교,대구광역시,
입찰-213d1d227da2,공사,대구남산고등학교 그린스마트 스쿨사업 신관동 리모델링 정보통신공사,2023-05-03,,대구광역시교육청 대구남산고등학교,대구남산고등학교,,7240213,고등학교,대구광역시,
입찰-4b23d93cf37d,공사,대구남산고등학교 그린스마트 스쿨사업 신관동 리모델링 소방시설공사,2023-05-03,,대구광역시교육청 대구남산고등학교,대구남산고등학교,,7240213,고등학교,대구광역시,
입찰-143c11827dc5,공사,"대구남산고등학교 그린스마트 스쿨사업 신관동 리모델링 건축, 토목공사",2023-05-04,,대구광역시교육청 대구남산고등학교,대구남산고등학교,,7240213,고등학교,대구광역시,
입찰-32745ae10b19,공사,효명고 그린스마트-경기형특화 사업 전기공사 입찰,2023-05-04,,경기도교육청 효명고등학교,효명고등학교,,7530601,고등학교,경기도,
입찰-143c11827dc5,공사,"대구남산고등학교 그린스마트 스쿨사업 신관동 리모델링 건축, 토목공사",2023-05-04,,대구광역시교육청 대구남산고등학교,대구남산고등학교,,7240213,고등학교,대구광역시,
입찰-a38d2f571a28,공사,"대구중앙고등학교 그린스마트 스쿨사업 리모델링(H1,H2) 건축공사",2023-05-11,,대구광역시교육청 대구중앙고등학교,대구중앙고등학교,,7240294,고등학교,대구광역시,
입찰-cfd408b57c91,공사,"대구중앙고등학교 그린스마트 스쿨사업 리모델링(H1,H2) 전기공사",2023-05-11,,대구광역시교육청 대구중앙고등학교,대구중앙고등학교,,7240294,고등학교,대구광역시,
입찰-cfd408b57c91,공사,"대구중앙고등학교 그린스마트 스쿨사업 리모델링(H1,H2) 전기공사",2023-05-11,,대구광역시교육청 대구중앙고등학교,대구중앙고등학교,,7240294,고등학교,대구광역시,
입찰-da218eab7767,공사,"대구중앙고등학교 그린스마트 스쿨사업 리모델링(H1,H2) 소방시설공사",2023-05-11,,대구광역시교육청 대구중앙고등학교,대구중앙고등학교,,7240294,고등학교,대구광역시,
입찰-a8d1b3e7f0aa,공사,"대구중앙고등학교 그린스마트 스쿨사업 리모델링(H1,H2) 기계설비공사",2023-05-11,,대구광역시교육청 대구중앙고등학교,대구중앙고등학교,,7240294,고등학교,대구광역시,
입찰-83cc9de8af72,공사,"대구중앙고등학교 그린스마트 스쿨사업 리모델링(H1,H2) 정보통신공사",2023-05-11,,대구광역시교육청 대구중앙고등학교,대구중앙고등학교,,7240294,고등학교,대구광역시,
입찰-cfd408b57c91,공사,"대구중앙고등학교 그린스마트 스쿨사업 리모델링(H1,H2) 전기공사",2023-05-11,,대구광역시교육청 대구중앙고등학교,대구중앙고등학교,,7240294,고등학교,대구광역시,
입찰-5e8457930939,공사,청주여상 행복감성 미래교실 증개축공사(통신),2023-05-16,,충청북도교육청 청주여자상업고등학교,청주여자상업고등학교,,8000140,고등학교,충청북도,
입찰-235b380a87e4,공사,청주여상 행복감성 미래교실 증개축공사(소방),2023-05-16,,충청북도교육청 청주여자상업고등학교,청주여자상업고등학교,,8000140,고등학교,충청북도,
입찰-59ca5d60e43c,공사,청주여상 행복감성 미래교실 증개축공사(전기),2023-05-16,,충청북도교육청 청주여자상업고등학교,청주여자상업고등학교,,8000140,고등학교,충청북도,
입찰-3e3b54d2e596,공사,청주여상 행복감성 미래교실 증개축공사(기계설비),2023-05-18,,충청북도교육청 청주여자상업고등학교,청주여자상업고등학교,,8000140,고등학교,충청북도,
입찰-0d6c244bd9de,공사,대구경구중학교그린스마트스쿨사업 본관동 리모델링 건축공사,2023-05-19,,대구광역시동부교육청 경구중학교,경구중학교,,,,,
입찰-d8449ca6e35e,공사,대구경구중학교그린스마트스쿨사업 본관동 리모델링 전기공사,2023-05-19,,대구광역시동부교육청 경구중학교,경구중학교,,,,,
입찰-547286256962,공사,대구경구중학교그린스마트스쿨사업 본관동 리모델링 통신공사,2023-05-19,,대구광역시동부교육청 경구중학교,경구중학교,,,,,
입찰-84bd0e845ca8,공사,대구경구중학교 그린스마트 스쿨사업 본관동 리모델링 소방공사,2023-05-19,,대구광역시동부교육청 경구중학교,경구중학교,,,,,
입찰-d1d8134dfcc7,공사,대구경구중학교 그린스마트 스쿨사업 본관동 리모델링 기계설비공사,2023-05-19,,대구광역시동부교육청 경구중학교,경구중학교,,,,,
입찰-b3c01f0ed33a,공사,청주여상 행복감성 미래교실 석면철거공사,2023-05-24,,충청북도교육청 청주여자상업고등학교,청주여자상업고등학교,,8000140,고등학교,충청북도,
입찰-b3c01f0ed33a,공사,청주여상 행복감성 미래교실 석면철거공사,2023-05-24,,충청북도교육청 청주여자상업고등학교,청주여자상업고등학교,,8000140,고등학교,충청북도,
입찰-a330ed1a178e,공사,청주여상 행복감성 미래교실 증개축공사,2023-05-25,,충청북도교육청 청주여자상업고등학교,청주여자상업고등학교,,8000140,고등학교,충청북도,
입찰-170179d2c196,물품,2023학년도 천안봉서중학교 전자칠판외 1종 구매 다수공급자계약 2단계경쟁 제안서 제출 공고,2023-06-01,,충청남도천안교육청 천안봉서중학교,천안봉서중학교,,8151016,중학교,충청남도,
입찰-276dcbbd74f5,물품,금오공업고등학교 미래직업교육 실습용 기자재(반도체 로봇통합시스템) 구입,2023-06-02,,경상북도교육청 금오공업고등학교,금오공업고등학교,,8750237,고등학교,경상북도,
입찰-29d1cc49306b,물품,2023학년도 드론지형정보과 무인헬리콥터 구매 소액수의 견적 공고,2023-06-02,,대전광역시교육청 대전도시과학고등학교,대전도시과학고등학교,,7430351,고등학교,대전광역시,
입찰-0a9592fa4c75,물품,2023학년도 드론지형정보과 토탈스테이션 구매 소액수의 견적 공고,2023-06-02,,대전광역시교육청 대전도시과학고등학교,대전도시과학고등학교,,7430351,고등학교,대전광역시,
입찰-b2f2b59aa089,물품,2023학년도 천안봉서중학교 전자칠판외 1종 구매 다수공급자계약 2단계경쟁 제안서 제출 공고,2023-06-02,,충청남도천안교육청 천안봉서중학교,천안봉서중학교,,8151016,중학교,충청남도,
입찰-849edb1c2304,물품,2023학년도 서울로봇고등학교 UR 공인 인증용 협동로봇 제조·구매 2단계(규격·가격 동시) 입찰,2023-06-02,,서울특별시교육청 서울로봇고등학교,서울로봇고등학교,,7010738,고등학교,서울특별시,
입찰-40a2a26a0d97,물품,[재공고]2023년 스마트아쿠아카페 실습실(수조 및 작업대 제작 구매) 구축 사업 입찰 공고,2023-06-02,,경상북도교육청 한국해양마이스터고등학교,한국해양마이스터고등학교,,8750804,고등학교,경상북도,
입찰-66da583db445,물품,"창원기계공고 산학일체형 도제학교 기자재 입찰 공고(소프트웨어(CAM),시물레이션 프로그램)",2023-06-07,,경상남도교육청 창원기계공업고등학교,창원기계공업고등학교,,9010151,고등학교,경상남도,
입찰-509683bd800a,물품,금산초등학교 전자칠판 구매 다수공급자계약 2단계 경쟁 제안서 제출 공고,2023-06-07,,충청남도금산교육청 금산초등학교,금산초등학교,,,,,
입찰-97107d6524da,물품,"창원기계공업고등학교 산학일체형 도제학교 기자재 구입 (소프트웨어(CAM),시물레이션 프로그램)",2023-06-07,,경상남도교육청 창원기계공업고등학교,창원기계공업고등학교,,9010151,고등학교,경상남도,
입찰-04054123771f,물품,2023학년도 천안봉서중학교 전자칠판 구매 다수공급자계약 2단계경쟁 제안서 제출 공고,2023-06-08,,충청남도천안교육청 천안봉서중학교,천안봉서중학교,,8151016,중학교,충청남도,
입찰-16cc339d6549,물품,서울송정초등학교 스마트건강관리교실 기자재구매2인이상 견적제출 수의계약 공고,2023-06-09,,서울특별시강서교육청 서울송정초등학교,서울송정초등학교,,7081446,초등학교,서울특별시,
입찰-cb741941d0f2,물품,한일여자고등학교 전자칠판 구매 다수공급자계약 2단계 경쟁 제안서 제출 공고,2023-06-09,,경상남도교육청 한일여자고등학교,한일여자고등학교,,9010531,고등학교,경상남도,
입찰-6a81e4f19630,물품,2023학년도 인천재능고 스마트반도체과 기자재(다이본딩장비 외 2종) 구입 입찰 재공고,2023-06-09,,인천광역시교육청 인천재능고등학교,인천재능고등학교,,,,,
입찰-37fb2dabad69,물품,담양공고 공동실습소 3D프린터실습실 기자재 구입,2023-06-12,,전라남도교육청 담양공업고등학교,담양공업고등학교,,7140193,고등학교,전남광주통합특별시(전남),
입찰-f95a595d0fe3,물품,불광중학교 전자칠판 구매 다수공급자계약 2단계경쟁 제안서 제출 공고,2023-06-13,,서울특별시서부교육청 불광중학교,불광중학교,,7031187,중학교,서울특별시,
입찰-f95a595d0fe3,물품,불광중학교 전자칠판 구매 다수공급자계약 2단계경쟁 제안서 제출 공고,2023-06-13,,서울특별시서부교육청 불광중학교,불광중학교,,7031187,중학교,서울특별시,
입찰-4b61be89f8d4,물품,충암중학교 전자칠판 구입 제안서 제출 안내 공고,2023-06-14,,서울특별시서부교육청 충암중학교,충암중학교,,7031220,중학교,서울특별시,
입찰-ceb7616097f5,물품,동의공고 전기과 NCS 기자재(OR CAD) 구입 소액수의 전자견적 공고,2023-06-15,,부산광역시교육청 동의공업고등학교,동의공업고등학교,,,,,
입찰-dac1e4e2636e,물품,제주동여자중학교 레이저사격시스템 구입 및 설치 수의계약 안내 공고,2023-06-16,,제주특별자치도교육청 제주시교육지원청 제주동여자중학교,제주동여자중학교,,9296014,중학교,제주특별자치도,
입찰-d43967abc8f2,물품,스마트드론전자과 실습기자재(드론축구시뮬레이터)_구매 수의계약 안내공고,2023-06-19,,전남광주통합특별시교육청 숭의과학기술고등학교,숭의과학기술고등학교,,7140393,고등학교,전남광주통합특별시(광주),
입찰-a43639afe49d,물품,한일여고 실험실습기자재(그래픽소프트웨어_카티아) 구입 소액수의 견적 제출 재공고,2023-06-20,,경상남도교육청 한일여자고등학교,한일여자고등학교,,9010531,고등학교,경상남도,
입찰-ca0544c8c981,물품,2023학년도 서울전자고등학교 게임콘텐츠과 기자재(액정태블릿 외 2종) 구매,2023-06-20,,서울특별시교육청 서울전자고등학교,서울전자고등학교,,,,,
입찰-57007a3cc707,물품,대구과학기술고 교육기자재(프로그래밍로봇실험세트) 구매 소액수의 견적제출 안내공고,2023-06-23,,대구광역시교육청 대구과학기술고등학교,대구과학기술고등학교,,7240452,고등학교,대구광역시,
입찰-ce0ff774f245,물품,동의공고 전기과 NCS 기자재(OR CAD) 구입 소액수의 전자견적 재공고,2023-06-23,,부산광역시교육청 동의공업고등학교,동의공업고등학교,,,,,
입찰-bb7192c7f92b,물품,춘천기계공고 기계과 CNC 시뮬레이션 소프트웨어 구입,2023-06-23,,강원도교육청 춘천기계공업고등학교,춘천기계공업고등학교,,7801187,고등학교,강원특별자치도,
입찰-a5682218eaab,물품,경북공고 전자기계과 도제학교 CAM 소프트웨어 구입,2023-06-28,,대구광역시교육청 경북공업고등학교,경북공업고등학교,,7240123,고등학교,대구광역시,
입찰-a5682218eaab,물품,경북공고 전자기계과 도제학교 CAM 소프트웨어 구입,2023-06-28,,대구광역시교육청 경북공업고등학교,경북공업고등학교,,7240123,고등학교,대구광역시,
입찰-de32482d2f1c,물품,2023년 그린스마트 미래학교 기계과 기자재 구입,2023-06-28,,전라북도교육청 전주공업고등학교,전주공업고등학교,,8321088,고등학교,전북특별자치도,
입찰-2d27cffe5656,물품,2023학년도 인천기계공업고 실험실 기자재(드론 및 부대장치) 구매 소액수의 견적제출 안내 공고,2023-06-29,,인천광역시교육청 인천기계공업고등학교,인천기계공업고등학교,,7310100,고등학교,인천광역시,
입찰-5244bd3d0b35,용역,군북고등학교 그린스마트 미래학교 리모델링 설계 제안공모,2023-06-02,,경상남도교육청 군북고등학교,군북고등학교,,9010086,고등학교,경상남도,
입찰-23f24a15b367,공사,토평고등학교 시청각실 및 컴퓨터실 환경개선공사,2023-06-22,,경기도교육청 토평고등학교,토평고등학교,,7530527,고등학교,경기도,
입찰-632e2e7bd701,공사,신진과학기술고등학교 인공지능자동화과 실습실 개선 건축공사,2023-06-26,,서울특별시교육청 신진과학기술고등학교,신진과학기술고등학교,,7011316,고등학교,서울특별시,
입찰-0309858acdcb,물품,[재공고]제주동여자중학교 레이저사격시스템 구입 및 설치 수의계약 안내 공고,2023-06-30,,제주특별자치도교육청 제주시교육지원청 제주동여자중학교,제주동여자중학교,,9296014,중학교,제주특별자치도,
입찰-1e59bb271675,물품,한국애니메이션고등학교 실습용 응용소프트웨어 소액수의 견적제출 공고,2023-07-03,,경기도교육청 한국애니메이션고등학교,한국애니메이션고등학교,,7530495,고등학교,경기도,
입찰-584c69052db6,물품,2023 영주중앙초등학교 인공지능 선도학교 및 에듀테크 교구 구입 2인이상 견적제출 안내 공고,2023-07-03,,경상북도영주교육청 영주중앙초등학교,영주중앙초등학교,,8811046,초등학교,경상북도,
입찰-057f8a9da21b,물품,IT전자과 기자재(전자회로해석 소프트웨어) 구매 소액수의 견적제출 안내공고,2023-07-04,,대구광역시교육청 대구하이텍고등학교,대구하이텍고등학교,,7240462,고등학교,대구광역시,
입찰-f436befdf665,물품,2023학년도 인천기계공업고 실험실기자재(드론 및 부대장치)구매 소액수의견적제출공고,2023-07-04,,인천광역시교육청 인천기계공업고등학교,인천기계공업고등학교,,7310100,고등학교,인천광역시,
입찰-5dfaa545e510,물품,2023학년도 인천기계공업고 실험실 기자재(드론 및 부대장치) 구매 소액수의 견적제출  취소공고,2023-07-04,,인천광역시교육청 인천기계공업고등학교,인천기계공업고등학교,,7310100,고등학교,인천광역시,
입찰-ca6ed4c10d9d,물품,나주공고 스마트팩토리과 실습기자재 구매(협동로봇트레이닝키트),2023-07-05,,전라남도교육청 나주공업고등학교,나주공업고등학교,,7140241,고등학교,전남광주통합특별시(전남),
입찰-b4fc5d5a6ec1,물품,2023학년도 울산마이스터고 정밀기계과 소프트웨어 구입의 건,2023-07-06,,울산광역시교육청 울산마이스터고등학교,울산마이스터고등학교,,7480143,고등학교,울산광역시,
입찰-abd224bfe9f1,물품,부천공업고등학교 소프트웨어(마이컴회로시뮬레이터) 구매 소액수의 견적제출 안내 공고,2023-07-10,,경기도교육청 부천공업고등학교,부천공업고등학교,,7530254,고등학교,경기도,
입찰-6b0420940ec2,물품,2023학년도 천안봉명초 AI·SW수업교구 구입 소액수의 견적 공고,2023-07-11,,충청남도교육청 충청남도천안교육지원청 천안봉명초등학교,천안봉명초등학교,,8151073,초등학교,충청남도,
입찰-91cde5cb260f,물품,배산초등학교 디지털기반 미래교육 거점학교 기자재(노트북) 구입,2023-07-12,,부산광역시해운대교육청 배산초등학교,배산초등학교,,7211054,초등학교,부산광역시,
입찰-90968d776dc6,물품,서울영화초등학교 레이저사격시스템 구매 및 설치,2023-07-12,,서울특별시동작교육청 서울영화초등학교,서울영화초등학교,,7132112,초등학교,서울특별시,
입찰-fe65d9e2bc8f,물품,온샘초등학교 지능형 과학실 학습교구(태블릿컴퓨터)구매,2023-07-12,,부산광역시교육청 부산광역시동래교육지원청 온샘초등학교,온샘초등학교,,7191214,초등학교,부산광역시,
입찰-fe65d9e2bc8f,물품,온샘초등학교 지능형 과학실 학습교구(태블릿컴퓨터)구매,2023-07-12,,부산광역시교육청 부산광역시동래교육지원청 온샘초등학교,온샘초등학교,,7191214,초등학교,부산광역시,
입찰-125c6cf15256,물품,2023학년도 울산마이스터고 정밀기계과 소프트웨어 소액수의견적 재공고,2023-07-12,,울산광역시교육청 울산마이스터고등학교,울산마이스터고등학교,,7480143,고등학교,울산광역시,
입찰-134b51877ddb,물품,영주중앙초등학교 인공지능 선도학교 및 에듀테크 교구 구매 2인이상 수의견적 제출 새로 공고,2023-07-12,,경상북도영주교육청 영주중앙초등학교,영주중앙초등학교,,8811046,초등학교,경상북도,
입찰-10cd3d8c19fe,물품,경북공고 전자기계과 도제학교 CAM소프트웨어 구입,2023-07-13,,대구광역시교육청 경북공업고등학교,경북공업고등학교,,7240123,고등학교,대구광역시,
입찰-ecf28c3647ee,물품,대운초등학교 전자칠판 구매 다수공급자계약 2단계 경쟁 제안서 제출 공고,2023-07-13,,경상남도교육청 경상남도양산교육청 대운초등학교,대운초등학교,,9151004,초등학교,경상남도,
입찰-0a0b33462c05,물품,대구과학기술고 스마트팩토리과 교육기자재(3D프린터) 구매 소액수의 견적제출 안내공고,2023-07-14,,대구광역시교육청 대구과학기술고등학교,대구과학기술고등학교,,7240452,고등학교,대구광역시,
입찰-907bf1a822e3,물품,2023학년도 직업계고 실험실습실 공간혁신 사업(GV-CNC 외 1종) 구매,2023-07-17,,인천광역시교육청 부평공업고등학교,부평공업고등학교,,7310093,고등학교,인천광역시,
입찰-a909d51fc98f,물품,스마트드론전자과 실습기자재(드론축구시뮬레이터)구매 수의계약 안내공고,2023-07-17,,전남광주통합특별시교육청 숭의과학기술고등학교,숭의과학기술고등학교,,7140393,고등학교,전남광주통합특별시(광주),
입찰-2f53b89e241b,물품,2023학년도 직업계고 실험실습실 공간혁신 사업(인공지능 자율주행차 실습 장비 외 1종) 구매,2023-07-17,,인천광역시교육청 부평공업고등학교,부평공업고등학교,,7310093,고등학교,인천광역시,
입찰-48b709cdb874,물품,선화예술중학교 2023학년도 전자칠판 구매 소액수의 견적 제출 안내 공고,2023-07-17,,서울시 광진구 선화예술중학교,선화예술중학교,,7134155,각종학교(중),서울특별시,
입찰-651dc0a5846c,물품,2023학년도 천안봉명초 AI·SW수업교구 구입 소액수의 견적 재공고,2023-07-18,,충청남도교육청 충청남도천안교육지원청 천안봉명초등학교,천안봉명초등학교,,8151073,초등학교,충청남도,
입찰-0b647edf5fae,물품,인천안남중학교 전자칠판 구매 소액수의 견적제출 안내 공고,2023-07-18,,인천광역시교육청 인천광역시서부교육청 인천안남중학교,인천안남중학교,,7331220,중학교,인천광역시,
입찰-7ba905e4c6cb,물품,도선고 태블릿 노트북 구입 전자입찰 공고,2023-07-18,,서울특별시교육청 도선고등학교,도선고등학교,,7011318,고등학교,서울특별시,
입찰-8760213f9ca1,물품,[조합추천]평촌과학기술고등학교 스마트전기과 실험실습용 기자재 구입,2023-07-19,,경기도교육청 평촌과학기술고등학교,평촌과학기술고등학교,,7531424,고등학교,경기도,
입찰-b7fa397be5ca,물품,남평중학교 인공지능(AI) 교실 구축 업체(규격가격동시입찰) 공고,2023-07-19,,전라남도교육청 전라남도나주교육지원청 남평중학교,남평중학교,,8532008,중학교,전남광주통합특별시(전남),
입찰-988d8f217734,물품,인천안남중학교 전자칠판 구매 소액수의 견적제출 안내 공고,2023-07-20,,인천광역시교육청 인천광역시서부교육청 인천안남중학교,인천안남중학교,,7331220,중학교,인천광역시,
입찰-38b51c66db54,물품,안양공업고등학교 드론부사관과 항공정비실  기자재 구매 소액수의 견적제출 안내 공고,2023-07-20,,경기도교육청 안양공업고등학교,안양공업고등학교,,7530270,고등학교,경기도,
입찰-331967f156af,물품,인천안남중학교 전자칠판 구매 소액수의 견적 제출 안내 공고,2023-07-20,,인천광역시교육청 인천광역시서부교육청 인천안남중학교,인천안남중학교,,7331220,중학교,인천광역시,
입찰-381980505940,물품,충북에너지고 NCS기반 실험실습 기자재 OrCAD 소프트웨어 수의견적 제출 안내 공고,2023-07-21,,충청북도교육청 충북에너지고등학교,충북에너지고등학교,,8000310,고등학교,충청북도,
입찰-a9f90ccfe170,물품,서울아이티고 산학일체형 도제학교 및 학과재구조화 3D모델링과  기자재 구매-3D프린터,2023-07-21,,서울특별시교육청 서울아이티고등학교,서울아이티고등학교,,7010960,고등학교,서울특별시,
입찰-10113791e020,물품,서울수락초등학교 스마트기기(태블릿컴퓨터 외) 구입 2인견적 제출 수의계약 공고,2023-07-21,,서울특별시북부교육청 서울수락초등학교,서울수락초등학교,,7051134,초등학교,서울특별시,
입찰-adec63be6009,물품,2023학년도 세종특별자치시 가락초등학교 지능형과학실 기자재(노트북 및 태블릿) 구입,2023-07-24,,세종특별자치시교육청 가락초등학교,가락초등학교,,,,,
입찰-33421db3444f,물품,2023학년도 직업계고 재구조화 지원사업 스마트전자과 기자재 구매,2023-07-25,,서울특별시교육청 한양과학기술고등학교,한양과학기술고등학교,,7011650,고등학교,서울특별시,
입찰-a5376fcf5c64,물품,대구과학기술고 스마트팩토리과 기자재(시뮬레이션 프로그램) 구매 소액수의 견적제출 안내공고,2023-07-26,,대구광역시교육청 대구과학기술고등학교,대구과학기술고등학교,,7240452,고등학교,대구광역시,
입찰-34459c2ca9f6,물품,안양공업고등학교 스마트팩토리기계과 실습기자재  소액수의 견적 제출 안내 공고,2023-07-27,,경기도교육청 안양공업고등학교,안양공업고등학교,,7530270,고등학교,경기도,
입찰-b3e538b6c0f9,물품,2023년 천안아름초등학교 전자칠판 구매 다수공급자계약 2단계 경쟁 제안서 제출공고,2023-07-27,,충청남도교육청 충청남도천안교육지원청 천안아름초등학교,천안아름초등학교,,8151254,초등학교,충청남도,
입찰-0e972af810e2,물품,덕산초등학교 전자칠판 구매 다수공급자계약 2단계 경쟁 제안서 제출 공고,2023-07-28,,경상남도교육청 경상남도창원교육지원청 덕산초등학교,덕산초등학교,,,,,
입찰-d9f0777e5dad,물품,2023학년도 인천재능고 스마트통신과(AI코딩로봇)구입 소액수의 견적제출 안내공고,2023-07-28,,인천광역시교육청 인천재능고등학교,인천재능고등학교,,,,,
입찰-61b8b2ec7b2d,물품,2023학년도 직업계고 재구조화 지원사업 스마트전자과 기자재 구매,2023-07-28,,서울특별시교육청 한양과학기술고등학교,한양과학기술고등학교,,7011650,고등학교,서울특별시,
입찰-0e972af810e2,물품,덕산초등학교 전자칠판 구매 다수공급자계약 2단계 경쟁 제안서 제출 공고,2023-07-28,,경상남도교육청 경상남도창원교육지원청 덕산초등학교,덕산초등학교,,,,,
입찰-3124f73d0e05,용역,가좌초등학교 가상현실 스포츠실 설치 및 유지보수 용역,2023-07-21,,경상남도교육청 경상남도진주교육청 가좌초등학교,가좌초등학교,,,,,
입찰-970191973389,용역,인천조동초등학교 가상현실 스포츠실 설치 및 운영사업 업체 선정,2023-07-24,,인천광역시동부교육청 인천조동초등학교,인천조동초등학교,,7341057,초등학교,인천광역시,
입찰-970191973389,용역,인천조동초등학교 가상현실 스포츠실 설치 및 운영사업 업체 선정,2023-07-24,,인천광역시동부교육청 인천조동초등학교,인천조동초등학교,,7341057,초등학교,인천광역시,
입찰-970191973389,용역,인천조동초등학교 가상현실 스포츠실 설치 및 운영사업 업체 선정,2023-07-24,,인천광역시동부교육청 인천조동초등학교,인천조동초등학교,,7341057,초등학교,인천광역시,
입찰-970191973389,용역,인천조동초등학교 가상현실 스포츠실 설치 및 운영사업 업체 선정,2023-07-24,,인천광역시동부교육청 인천조동초등학교,인천조동초등학교,,7341057,초등학교,인천광역시,
입찰-970191973389,용역,인천조동초등학교 가상현실 스포츠실 설치 및 운영사업 업체 선정,2023-07-24,,인천광역시동부교육청 인천조동초등학교,인천조동초등학교,,7341057,초등학교,인천광역시,
입찰-970191973389,용역,인천조동초등학교 가상현실 스포츠실 설치 및 운영사업 업체 선정,2023-07-24,,인천광역시동부교육청 인천조동초등학교,인천조동초등학교,,7341057,초등학교,인천광역시,
입찰-970191973389,용역,인천조동초등학교 가상현실 스포츠실 설치 및 운영사업 업체 선정,2023-07-24,,인천광역시동부교육청 인천조동초등학교,인천조동초등학교,,7341057,초등학교,인천광역시,
입찰-48dfe4b57a5e,공사,우석여자고등학교 외 1교 그린스마트 미래학교 증개축 전기공사,2023-06-30,,경상북도교육청 우석여자고등학교,우석여자고등학교,,8750589,고등학교,경상북도,
입찰-2e36c161b8c3,공사,그린스마트 미래학교 관리실 및 시청각실 환경개선 공사,2023-06-30,,서울특별시성북교육청 서울수유초등학교,서울수유초등학교,,7121315,초등학교,서울특별시,
입찰-57b3ca150d1d,공사,서울인공지능고등학교 AI컴퓨터과 및 AI전자과 실습실 환경개선 건축공사 수의계약 견적 공고,2023-07-04,,서울특별시교육청 서울인공지능고등학교,서울인공지능고등학교,,7011498,고등학교,서울특별시,
입찰-9e5d967942c9,공사,정관중 디지털 기반시설 구축사업 실내건축공사 2인(소액) 수의 견적 제출 공고,2023-07-05,,부산광역시교육청 부산광역시해운대교육지원청 정관중학교,정관중학교,,7211226,중학교,부산광역시,
입찰-0130d0152ad9,공사,하귀초등학교 영어체험실 및 컴퓨터실 내부환경개선공사 수의계약 안내공고,2023-07-07,,제주특별자치도교육청 제주시교육청 하귀초등학교,하귀초등학교,,9296065,초등학교,제주특별자치도,
입찰-971ecce4688f,공사,부곡여자중학교 디지털 기반 미래교실 구축 시설공사,2023-07-07,,부산광역시동래교육청 부곡여자중학교,부곡여자중학교,,7191021,중학교,부산광역시,
입찰-6cc97deae1dc,공사,2023학년도 동아고 디지털 기반 미래교육 거점학교 구축공사,2023-07-10,,부산광역시교육청 동아고등학교,동아고등학교,,7150133,고등학교,부산광역시,
입찰-01936d913f85,공사,2023학년도 대전둔산중학교 인공지능(AI) 교실 구축에 따른 리모델링 공사,2023-07-10,,대전광역시교육청 대전광역시서부교육지원청 대전둔산중학교,대전둔산중학교,,7451026,중학교,대전광역시,
입찰-942323984bb7,공사,어유중학교 컴퓨터실 환경개선공사,2023-07-10,,경기도파주교육청 어유중학교,어유중학교,,7681009,중학교,경기도,
입찰-4a78abb489ac,공사,송정초 인공지능(AI)정보교실 구축공사 수의계약 안내공고,2023-07-11,,전남광주통합특별시교육청 전남광주통합특별시광주서부교육지원청 송정초등학교,송정초등학교,,,,,
입찰-4a78abb489ac,공사,송정초 인공지능(AI)정보교실 구축공사 수의계약 안내공고,2023-07-11,,전남광주통합특별시교육청 전남광주통합특별시광주서부교육지원청 송정초등학교,송정초등학교,,,,,
입찰-4a78abb489ac,공사,송정초 인공지능(AI)정보교실 구축공사 수의계약 안내공고,2023-07-11,,전남광주통합특별시교육청 전남광주통합특별시광주서부교육지원청 송정초등학교,송정초등학교,,,,,
입찰-acb7447c0b3b,공사,영흥초등학교 미래교실 구축 공사 수의계약 견적제출 안내 공고,2023-07-11,,인천광역시남부교육청 영흥초등학교,영흥초등학교,,7321017,초등학교,인천광역시,
입찰-9cfa3dfe19d2,공사,2023학년도 미래교실 공간혁신사업 인테리어공사 소액수의 견적제출 안내 공고,2023-07-11,,대구광역시교육청 대구광역시서부교육지원청 대구삼영초등학교,대구삼영초등학교,,7261218,초등학교,대구광역시,
입찰-b7c2e56cdfe9,공사,송정동초 AI 정보화실 구축 수의계약 안내공고,2023-07-11,,전남광주통합특별시교육청 전남광주통합특별시광주서부교육지원청 송정동초등학교,송정동초등학교,,7402196,초등학교,전남광주통합특별시(광주),
입찰-84af7560a78d,공사,청란여고 그린스마트 스쿨 리모델링 및 내진보강 공사 (종합공사),2023-07-11,,대전광역시교육청 청란여자고등학교,청란여자고등학교,,7430066,고등학교,대전광역시,
입찰-5ca76ca932e9,공사,청란여고 그린스마트스쿨 리모델링 정보통신공사,2023-07-11,,대전광역시교육청 청란여자고등학교,청란여자고등학교,,7430066,고등학교,대전광역시,
입찰-9cdf9d718db3,공사,청란여고 그린스마트 스쿨 리모델링 전기공사,2023-07-11,,대전광역시교육청 청란여자고등학교,청란여자고등학교,,7430066,고등학교,대전광역시,
입찰-5ca76ca932e9,공사,청란여고 그린스마트스쿨 리모델링 정보통신공사,2023-07-11,,대전광역시교육청 청란여자고등학교,청란여자고등학교,,7430066,고등학교,대전광역시,
입찰-84af7560a78d,공사,청란여고 그린스마트 스쿨 리모델링 및 내진보강 공사 (종합공사),2023-07-11,,대전광역시교육청 청란여자고등학교,청란여자고등학교,,7430066,고등학교,대전광역시,
입찰-285f904080dc,공사,청란여고 그린스마트스쿨 리모델링 소방공사,2023-07-11,,대전광역시교육청 청란여자고등학교,청란여자고등학교,,7430066,고등학교,대전광역시,
입찰-f6e487c92837,공사,청란여고 그린스마트스쿨 리모델링 석면철거공사,2023-07-11,,대전광역시교육청 청란여자고등학교,청란여자고등학교,,7430066,고등학교,대전광역시,
입찰-17c25715b67f,공사,청란여고 그린스마트 스쿨 리모델링 기계설비공사,2023-07-11,,대전광역시교육청 청란여자고등학교,청란여자고등학교,,7430066,고등학교,대전광역시,
입찰-5977cb1e965a,공사,인공지능 선도학교 및 놀이공간 재구조화 구축공사 수의견적 제출 안내 공고,2023-07-12,,경상북도교육청 경상북도김천교육지원청 김천신일초등학교,김천신일초등학교,,8781056,초등학교,경상북도,
입찰-3fe8c95fba36,공사,2023학년도 미래교실 공간혁신사업 인테리어공사 소액수의 견적제출 안내 공고,2023-07-12,,대구광역시교육청 대구광역시서부교육지원청 대구삼영초등학교,대구삼영초등학교,,7261218,초등학교,대구광역시,
입찰-4ce3eb3eabc7,공사,대구지묘초 공간혁신사업(초등미래교실) 실내건축공사 입찰 공고(긴급),2023-07-12,,대구광역시동부교육청 대구지묘초등학교,대구지묘초등학교,,7251075,초등학교,대구광역시,
입찰-a2c39d0bd8de,공사,"동해상업고등학교 미래역량강화 디지털컨퍼런스룸, NCS 실습실 환경개선 및  실습동 보수공사",2023-07-12,,강원도교육청 동해상업고등학교,동해상업고등학교,,7801125,고등학교,강원특별자치도,
입찰-f83bbcfe4f98,공사,명진초등학교 디지털교육센터 공간조성사업 구축공사,2023-07-13,,부산광역시북부교육청 명진초등학교,명진초등학교,,7201072,초등학교,부산광역시,
입찰-1e01e530eb57,공사,온샘초등학교 디지털교육센터 및 지능형과학실 구축 공사,2023-07-14,,부산광역시교육청 부산광역시동래교육지원청 온샘초등학교,온샘초등학교,,7191214,초등학교,부산광역시,
입찰-d5b7c0034ddb,공사,광주경신여고 AI팩토리(미래교실)구축 및 기타시설보수공사(건축) 수의계약 안내 공고,2023-07-14,,전남광주통합특별시교육청 광주경신여자고등학교,광주경신여자고등학교,,7140330,고등학교,전남광주통합특별시(광주),
입찰-d5b7c0034ddb,공사,광주경신여고 AI팩토리(미래교실)구축 및 기타시설보수공사(건축) 수의계약 안내 공고,2023-07-14,,전남광주통합특별시교육청 광주경신여자고등학교,광주경신여자고등학교,,7140330,고등학교,전남광주통합특별시(광주),
입찰-586e6d997e01,공사,광주경신여고 AI팩토리(미래교실) 구축 전기공사 수의계약 안내 공고,2023-07-14,,전남광주통합특별시교육청 광주경신여자고등학교,광주경신여자고등학교,,7140330,고등학교,전남광주통합특별시(광주),
입찰-f0cd7a1857c2,공사,여수공업고등학교 정보화실 실내보수 전기 공사,2023-07-18,,전라남도교육청 여수공업고등학교,여수공업고등학교,,7140240,고등학교,전남광주통합특별시(전남),
입찰-73bc4f742478,공사,여수공업고등학교 정보화실 실내보수 전기 공사 소액수의 견적 제출안내 공고,2023-07-18,,전라남도교육청 여수공업고등학교,여수공업고등학교,,7140240,고등학교,전남광주통합특별시(전남),
입찰-73bc4f742478,공사,여수공업고등학교 정보화실 실내보수 전기 공사 소액수의 견적 제출안내 공고,2023-07-18,,전라남도교육청 여수공업고등학교,여수공업고등학교,,7140240,고등학교,전남광주통합특별시(전남),
입찰-fe544964a98a,공사,인천봉수초등학교 미래교실 구축공사,2023-07-19,,인천광역시서부교육청 인천봉수초등학교,인천봉수초등학교,,7361036,초등학교,인천광역시,
입찰-2a5b7557bae4,공사,유한공업고등학교 로봇전기과 직업계고 학과 재구조화 건축공사,2023-07-19,,서울특별시교육청 유한공업고등학교,유한공업고등학교,,7010365,고등학교,서울특별시,
입찰-824f326459b5,공사,유한공업고등학교 로봇전기과 직업계고 학과 재구조화 건축공사,2023-07-20,,서울특별시교육청 유한공업고등학교,유한공업고등학교,,7010365,고등학교,서울특별시,
입찰-824f326459b5,공사,유한공업고등학교 로봇전기과 직업계고 학과 재구조화 건축공사,2023-07-20,,서울특별시교육청 유한공업고등학교,유한공업고등학교,,7010365,고등학교,서울특별시,
입찰-7712a282aa5e,공사,"토월중학교 특별실(컴퓨터실, 과학실) 리모델링 공사",2023-07-21,,경상남도교육청 경상남도창원교육지원청 토월중학교,토월중학교,,9022172,중학교,경상남도,
입찰-4ccba9a6107f,공사,배산초등학교 디지털기반미래교육 거점학교 구축 및 교사외벽 도장 공사,2023-07-24,,부산광역시해운대교육청 배산초등학교,배산초등학교,,7211054,초등학교,부산광역시,
입찰-3307f463f96c,공사,배산초등학교 디지털기반미래교육 거점학교 구축 전기공사,2023-07-24,,부산광역시해운대교육청 배산초등학교,배산초등학교,,7211054,초등학교,부산광역시,
입찰-4ccba9a6107f,공사,배산초등학교 디지털기반미래교육 거점학교 구축 및 교사외벽 도장 공사,2023-07-24,,부산광역시해운대교육청 배산초등학교,배산초등학교,,7211054,초등학교,부산광역시,
입찰-4ccba9a6107f,공사,배산초등학교 디지털기반미래교육 거점학교 구축 및 교사외벽 도장 공사,2023-07-24,,부산광역시해운대교육청 배산초등학교,배산초등학교,,7211054,초등학교,부산광역시,
입찰-43a1765d2f2b,공사,2023 미추홀외국어고등학교 미래교실(교실형) 구축 공사 수의계약 견적제출 안내공고,2023-07-24,,인천광역시교육청 미추홀외국어고등학교,미추홀외국어고등학교,,7310350,고등학교,인천광역시,
입찰-23fb267096e9,공사,광운인공지능고등학교 학과재구조화 실습실 환경 개선공사 소액수의 견적공고(긴급),2023-07-25,,서울특별시교육청 광운인공지능고등학교,광운인공지능고등학교,,7011505,고등학교,서울특별시,
입찰-4714c31bfc56,공사,[긴급]선정중학교 제1별관동 컴퓨터실 환경개선공사 중 건축공사 입찰 공고,2023-07-25,,서울특별시서부교육청 선정중학교,선정중학교,,7031193,중학교,서울특별시,
입찰-4714c31bfc56,공사,[긴급]선정중학교 제1별관동 컴퓨터실 환경개선공사 중 건축공사 입찰 공고,2023-07-25,,서울특별시서부교육청 선정중학교,선정중학교,,7031193,중학교,서울특별시,
입찰-5bd95f9373fc,공사,광주자연과학고 AI팩토리(미래교실) 구축 사업 전기 공사 수의계약 안내 공고,2023-07-26,,전남광주통합특별시교육청 광주자연과학고등학교,광주자연과학고등학교,,7140369,고등학교,전남광주통합특별시(광주),
입찰-d9026c1919af,공사,광주전자공업고 로봇자동화과 선진화실습실 및 기타환경개선 공사 수의계약 안내 공고,2023-07-26,,전남광주통합특별시교육청 광주전자공업고등학교,광주전자공업고등학교,,7140357,고등학교,전남광주통합특별시(광주),
입찰-6ca9841cb296,공사,여수서초그린스마트 미래학교 임시교사동 보수 전기공사,2023-07-27,,전라남도여수교육청 여수서초등학교,여수서초등학교,,8512025,초등학교,전남광주통합특별시(전남),
입찰-1e665e414c98,공사,[긴급]인천효성고등학교 미래교실 구축 공사 수의 계약 견적 제출 안내 공고,2023-07-27,,인천광역시교육청 인천효성고등학교,인천효성고등학교,,7310252,고등학교,인천광역시,
입찰-42096c7857ba,공사,군산제일고 그린스마트스쿨 리모델링 건축공사[긴급],2023-07-28,,전라북도교육청 군산제일고등학교,군산제일고등학교,,8321115,고등학교,전북특별자치도,
입찰-8ceedecab4b3,공사,군산제일고 도서관동 그린스마트스쿨 리모델링 전기공사[긴급],2023-07-28,,전라북도교육청 군산제일고등학교,군산제일고등학교,,8321115,고등학교,전북특별자치도,
입찰-565ebf319246,공사,군산제일고 그린스마트스쿨 리모델링 기계설비공사 수의계약 견적제출 안내 공고,2023-07-28,,전라북도교육청 군산제일고등학교,군산제일고등학교,,8321115,고등학교,전북특별자치도,
입찰-060489e3cade,공사,군산제일고 도서관동 그린스마트스쿨 리모델링 통신공사 수의계약 견적제출 안내 공고,2023-07-28,,전라북도교육청 군산제일고등학교,군산제일고등학교,,8321115,고등학교,전북특별자치도,
입찰-c35020af0bcf,공사,군산제일고 도서관동 그린스마트스쿨 리모델링 소방공사 수의계약 견적제출 안내 공고,2023-07-28,,전라북도교육청 군산제일고등학교,군산제일고등학교,,8321115,고등학교,전북특별자치도,
입찰-060489e3cade,공사,군산제일고 도서관동 그린스마트스쿨 리모델링 통신공사 수의계약 견적제출 안내 공고,2023-07-28,,전라북도교육청 군산제일고등학교,군산제일고등학교,,8321115,고등학교,전북특별자치도,
입찰-51656146bc82,공사,하단중학교 디지털 기반 미래교육 연구학교 구축 공사,2023-07-28,,부산광역시서부교육청 하단중학교,하단중학교,,7171031,중학교,부산광역시,
입찰-e2a134b53024,물품,도선고 태블릿 노트북 구입 전자입찰 재공고,2023-07-31,,서울특별시교육청 도선고등학교,도선고등학교,,7011318,고등학교,서울특별시,
입찰-1ee7f70c0b28,물품,공주봉황초등학교병설유치원 인공지능교육 기자재 구매 소액수의 견적공고,2023-08-01,,충청남도공주교육청 공주봉황초등학교,공주봉황초등학교,,8161025,초등학교,충청남도,
입찰-d3c6ff153b8a,물품,경남산업고등학교 스마트팩토리과 공압·유압실습장비 기자재 구입 입찰 공고,2023-08-01,,경상남도교육청 경남산업고등학교,경남산업고등학교,,9010332,고등학교,경상남도,
입찰-b9cd9d8b5f02,물품,2023학년도 전주화정초등학교 AI·에듀테크 수업교구 구입 소액수의 견적 공고,2023-08-03,,전라북도교육청 전라북도전주교육지원청 전주화정초등학교,전주화정초등학교,,8332156,초등학교,전북특별자치도,
입찰-250fc129d02c,물품,대암초등학교 전자칠판 구매 다수공급자계약 2단계 경쟁 제안서 제출 공고,2023-08-03,,경상남도창원교육청 대암초등학교,대암초등학교,,9022027,초등학교,경상남도,
입찰-250fc129d02c,물품,대암초등학교 전자칠판 구매 다수공급자계약 2단계 경쟁 제안서 제출 공고,2023-08-03,,경상남도창원교육청 대암초등학교,대암초등학교,,9022027,초등학교,경상남도,
입찰-b6b0e63a288f,물품,공동실습소 기자재(협동로봇실습장치 외 1종) 구매 공고,2023-08-04,,충청북도교육청 청주공업고등학교,청주공업고등학교,,8000280,고등학교,충청북도,
입찰-cf85b3733404,물품,공동실습소 물품(응용소프트웨어 외 1종) 구매 공고,2023-08-04,,충청북도교육청 청주공업고등학교,청주공업고등학교,,8000280,고등학교,충청북도,
입찰-a8f0e5f66063,물품,2023. 산학일체형 도제학교 실습기자재(CAM소프트웨어) 구매 수의견적 공고,2023-08-04,,경상남도교육청 경남자동차고등학교,경남자동차고등학교,,9010335,고등학교,경상남도,
입찰-d3a2cd40672d,물품,대구공업고등학교 (구)공동실습소 스마트제조공정시스템 구축 기자재 구입 긴급요청,2023-08-04,,대구광역시교육청 대구공업고등학교,대구공업고등학교,,7240111,고등학교,대구광역시,
입찰-b9ff679b1600,물품,2023학년도 스마트기계과 실험실습 기자재(PLC 실험장치) 소액수의 견적제출 안내공고,2023-08-04,,전남광주통합특별시교육청 목포공업고등학교,목포공업고등학교,,7140264,고등학교,전남광주통합특별시(전남),
입찰-33b40d28fb09,물품,AI 팩토리 미래교실 구축 물품 구입 및 설치 2단계(규격·가격 동시) 입찰 공고,2023-08-07,,전남광주통합특별시교육청 동일미래과학고등학교,동일미래과학고등학교,,7140390,고등학교,전남광주통합특별시(광주),
입찰-5162a35937f3,물품,전남생명과학고 공동실습소 개선 기자재 스마트팜시뮬레이터 구매,2023-08-08,,전남광주통합특별시교육청 전남생명과학고등학교,전남생명과학고등학교,,7140270,고등학교,전남광주통합특별시(전남),
입찰-7f0e1cc07ca1,물품,인천새말초등학교 가상현실 스포츠교실 구축에 따른 2단계(규격 가격 동시)긴급입찰 재공고,2023-08-08,,인천광역시동부교육청 인천새말초등학교,인천새말초등학교,,7341034,초등학교,인천광역시,
입찰-3baee2935219,물품,2023. 산학일체형 도제학교 실습기자재(CAM소프트웨어) 구매 수의견적 공고,2023-08-08,,경상남도교육청 경남자동차고등학교,경남자동차고등학교,,9010335,고등학교,경상남도,
입찰-3baee2935219,물품,2023. 산학일체형 도제학교 실습기자재(CAM소프트웨어) 구매 수의견적 공고,2023-08-08,,경상남도교육청 경남자동차고등학교,경남자동차고등학교,,9010335,고등학교,경상남도,
입찰-b129aa63bfd1,물품,AI 미래교실 거점학교 비품 및 취업맞춤반 재료 구입 수의계약 안내공고,2023-08-08,,전남광주통합특별시교육청 동일미래과학고등학교,동일미래과학고등학교,,7140390,고등학교,전남광주통합특별시(광주),
입찰-b46578a2e523,물품,AI 미래교실 거점학교 비품 및 취업맞춤반 재료 구입 수의계약 안내공고,2023-08-09,,전남광주통합특별시교육청 동일미래과학고등학교,동일미래과학고등학교,,7140390,고등학교,전남광주통합특별시(광주),
입찰-03fe4b959ba9,물품,2023학년도 인천재능고 스마트통신과(AI코딩로봇)구입 소액수의 견적제출 안내공고,2023-08-09,,인천광역시교육청 인천재능고등학교,인천재능고등학교,,,,,
입찰-5ecffdabb4c7,물품,경북여자상업고등학교(구.경복중) 그린스마트스쿨사업 관급자재 가구 제작 및 설치,2023-08-09,,대구광역시교육청 경북여자상업고등학교,경북여자상업고등학교,,7240296,고등학교,대구광역시,
입찰-86a9a5a15ff0,물품,동일미래과학고 AI 미래교실 거점학교 비품 및 취업맞춤반 재료 구입 수의계약 안내공고,2023-08-09,,전남광주통합특별시교육청 동일미래과학고등학교,동일미래과학고등학교,,7140390,고등학교,전남광주통합특별시(광주),
입찰-59fe0c4eaf31,물품,여수미평초등학교 2023. AI 인공지능교육 교재교구 구입 수의계약 안내 공고,2023-08-09,,전라남도여수교육청 여수미평초등학교,여수미평초등학교,,8512029,초등학교,전남광주통합특별시(전남),
입찰-51b7fc35da95,물품,공동실습소 물품(응용소프트웨어 외 1종) 구매 공고,2023-08-09,,충청북도교육청 청주공업고등학교,청주공업고등학교,,8000280,고등학교,충청북도,
입찰-a2f26bdafdff,물품,공동실습소 기자재(협동로봇실습장치 외 1종) 구매 공고,2023-08-09,,충청북도교육청 청주공업고등학교,청주공업고등학교,,8000280,고등학교,충청북도,
입찰-a2f26bdafdff,물품,공동실습소 기자재(협동로봇실습장치 외 1종) 구매 공고,2023-08-09,,충청북도교육청 청주공업고등학교,청주공업고등학교,,8000280,고등학교,충청북도,
입찰-16758c233242,물품,대암초등학교 전자칠판 구매 다수공급자계약 2단계 경쟁 제안서 제출 공고,2023-08-09,,경상남도창원교육청 대암초등학교,대암초등학교,,9022027,초등학교,경상남도,
입찰-a2f26bdafdff,물품,공동실습소 기자재(협동로봇실습장치 외 1종) 구매 공고,2023-08-09,,충청북도교육청 청주공업고등학교,청주공업고등학교,,8000280,고등학교,충청북도,
입찰-a2f26bdafdff,물품,공동실습소 기자재(협동로봇실습장치 외 1종) 구매 공고,2023-08-09,,충청북도교육청 청주공업고등학교,청주공업고등학교,,8000280,고등학교,충청북도,
입찰-fec538d75673,물품,AI 거점학교 태블릿 PC 구입 수의계약 안내공고,2023-08-10,,전남광주통합특별시교육청 동일미래과학고등학교,동일미래과학고등학교,,7140390,고등학교,전남광주통합특별시(광주),
입찰-96bdc335f5cc,물품,대전전자디자인고 콘텐츠디자인과 그래픽태블릿 구매 입찰 공고,2023-08-11,,대전광역시교육청 대전전자디자인고등학교,대전전자디자인고등학교,,7430311,고등학교,대전광역시,
입찰-b5eaa5978b6f,물품,경기자동차과학고 2023년 경기형도제학교 기자재 3D 프린터 외 12종 구매 입찰공고,2023-08-11,,경기도교육청 경기자동차과학고등학교,경기자동차과학고등학교,,7530908,고등학교,경기도,
입찰-a3cd14d84dab,물품,대전전자디자인고 콘텐츠디자인과 그래픽태블릿 구매 입찰 공고,2023-08-17,,대전광역시교육청 대전전자디자인고등학교,대전전자디자인고등학교,,7430311,고등학교,대전광역시,
입찰-b857807ca827,물품,효명고 그린스마트-경기형특화 사업 스마트기기(크롬북) 구매 입찰 공고,2023-08-17,,경기도교육청 효명고등학교,효명고등학교,,7530601,고등학교,경기도,
입찰-a3cd14d84dab,물품,대전전자디자인고 콘텐츠디자인과 그래픽태블릿 구매 입찰 공고,2023-08-17,,대전광역시교육청 대전전자디자인고등학교,대전전자디자인고등학교,,7430311,고등학교,대전광역시,
입찰-a3cd14d84dab,물품,대전전자디자인고 콘텐츠디자인과 그래픽태블릿 구매 입찰 공고,2023-08-17,,대전광역시교육청 대전전자디자인고등학교,대전전자디자인고등학교,,7430311,고등학교,대전광역시,
입찰-a3cd14d84dab,물품,대전전자디자인고 콘텐츠디자인과 그래픽태블릿 구매 입찰 공고,2023-08-17,,대전광역시교육청 대전전자디자인고등학교,대전전자디자인고등학교,,7430311,고등학교,대전광역시,
입찰-a3cd14d84dab,물품,대전전자디자인고 콘텐츠디자인과 그래픽태블릿 구매 입찰 공고,2023-08-17,,대전광역시교육청 대전전자디자인고등학교,대전전자디자인고등학교,,7430311,고등학교,대전광역시,
입찰-91f2d48abb0d,물품,성일정보고 경기콘텐츠창의학교 학생용 노트북 구매,2023-08-18,,경기도교육청 성일정보고등학교,성일정보고등학교,,7530591,고등학교,경기도,
입찰-91f2d48abb0d,물품,성일정보고 경기콘텐츠창의학교 학생용 노트북 구매,2023-08-18,,경기도교육청 성일정보고등학교,성일정보고등학교,,7530591,고등학교,경기도,
입찰-91f2d48abb0d,물품,성일정보고 경기콘텐츠창의학교 학생용 노트북 구매,2023-08-18,,경기도교육청 성일정보고등학교,성일정보고등학교,,7530591,고등학교,경기도,
입찰-91f2d48abb0d,물품,성일정보고 경기콘텐츠창의학교 학생용 노트북 구매,2023-08-18,,경기도교육청 성일정보고등학교,성일정보고등학교,,7530591,고등학교,경기도,
입찰-42dfd42d0ceb,물품,신진과학기술고등학교 2023학년도 실험실습기자재(로봇시스템키트외2종) 구매,2023-08-22,,서울특별시교육청 신진과학기술고등학교,신진과학기술고등학교,,7011316,고등학교,서울특별시,
입찰-287c8f51f8fb,물품,청구중학교 그린스마트스쿨사업 전자칠판 구입 및 설치 입찰 공고,2023-08-24,,대구광역시동부교육청 청구중학교,청구중학교,,7251037,중학교,대구광역시,
입찰-34c4bdb76aff,물품,2023년 부산전자공고 전자통신과 기자재(회로설계 소프트웨어) 구매 수의 계약 안내공고,2023-08-25,,부산광역시교육청 부산전자공업고등학교,부산전자공업고등학교,,7150177,고등학교,부산광역시,
입찰-e3971eb04008,물품,2023학년도 인천재능고 AI로봇과 기자재(오실로스코프 외 5종) 구입 입찰공고,2023-08-25,,인천광역시교육청 인천재능고등학교,인천재능고등학교,,,,,
입찰-34c4bdb76aff,물품,2023년 부산전자공고 전자통신과 기자재(회로설계 소프트웨어) 구매 수의 계약 안내공고,2023-08-25,,부산광역시교육청 부산전자공업고등학교,부산전자공업고등학교,,7150177,고등학교,부산광역시,
입찰-34c4bdb76aff,물품,2023년 부산전자공고 전자통신과 기자재(회로설계 소프트웨어) 구매 수의 계약 안내공고,2023-08-25,,부산광역시교육청 부산전자공업고등학교,부산전자공업고등학교,,7150177,고등학교,부산광역시,
입찰-ef9476530797,물품,청구중학교 그린스마트스쿨사업 전자칠판 구입 및 설치 입찰 공고,2023-08-25,,대구광역시동부교육청 청구중학교,청구중학교,,7251037,중학교,대구광역시,
입찰-cc2fc0ca73b7,물품,지능형 로봇 시스템 구입,2023-08-28,,강원도교육청 한국에너지마이스터고등학교,한국에너지마이스터고등학교,,7801196,고등학교,강원특별자치도,
입찰-4a7e359c1419,용역,신명고등학교 그린스마트 스쿨 및 환경개선 사업 건설폐기물 처리,2023-08-03,,대구광역시교육청 신명고등학교,신명고등학교,,7240218,고등학교,대구광역시,
입찰-875568612d60,용역,2023학년도 AI코스웨어 사업 용역업체 선정 2단계 입찰 공고,2023-08-22,,대구광역시교육청 대구광역시서부교육지원청 대구달성초등학교,대구달성초등학교,,7261041,초등학교,대구광역시,
입찰-1d15135a1647,용역,인천조동초등학교 가상현실 스포츠실 설치 및 운영사업 업체 선정 공고,2023-08-24,,인천광역시동부교육청 인천조동초등학교,인천조동초등학교,,7341057,초등학교,인천광역시,
입찰-aeb493dd3f7c,용역,인천조동초등학교 가상현실 스포츠실 설치 및 운영사업 업체 선정 공고,2023-08-25,,인천광역시동부교육청 인천조동초등학교,인천조동초등학교,,7341057,초등학교,인천광역시,
입찰-b6929efcddec,공사,평동중학교 AI팩토리(미래교실) 구축 사업 건축 공사 수의계약 안내공고,2023-07-31,,광주광역시서부교육청 평동중학교,평동중학교,,7402283,중학교,전남광주통합특별시(광주),
입찰-cadc16ad2b89,공사,평동중학교 AI팩토리(미래교실) 구축 사업 전기 공사 수의계약 안내 공고,2023-07-31,,광주광역시서부교육청 평동중학교,평동중학교,,7402283,중학교,전남광주통합특별시(광주),
입찰-d7c23f3d55df,공사,"신명고등학교 그린스마트 스쿨 및 환경개선 사업 건축, 토목 공사",2023-07-31,,대구광역시교육청 신명고등학교,신명고등학교,,7240218,고등학교,대구광역시,
입찰-a83eb5988582,공사,신명고등학교 그린스마트 스쿨 및 환경개선 사업 기계설비 공사,2023-07-31,,대구광역시교육청 신명고등학교,신명고등학교,,7240218,고등학교,대구광역시,
입찰-fb7384efd45d,공사,신명고등학교 그린스마트 스쿨 및 환경개선 사업 전기 공사,2023-07-31,,대구광역시교육청 신명고등학교,신명고등학교,,7240218,고등학교,대구광역시,
입찰-e053fc416dd6,공사,신명고등학교 그린스마트 스쿨 및 환경개선 사업 정보통신 공사,2023-07-31,,대구광역시교육청 신명고등학교,신명고등학교,,7240218,고등학교,대구광역시,
입찰-ef1ed86c1178,공사,신명고등학교 그린스마트 스쿨 및 환경개선 사업 소방시설 공사,2023-07-31,,대구광역시교육청 신명고등학교,신명고등학교,,7240218,고등학교,대구광역시,
입찰-e3c670cf3637,공사,신명고등학교 그린스마트 스쿨 및 환경개선 사업 조경 공사,2023-07-31,,대구광역시교육청 신명고등학교,신명고등학교,,7240218,고등학교,대구광역시,
입찰-e85925e084c9,공사,경운중학교 시청각실·정보화교육실 환경개선공사 및 아스콘포장 공사 수의견적 제출 공고,2023-08-01,,경상남도김해교육청 경운중학교,경운중학교,,,,,
입찰-5b87b5618cb6,공사,광주효동초등학교 AI 정보교육실 환경개선공사 수의계약 공고,2023-08-03,,전남광주통합특별시교육청 전남광주통합특별시광주동부교육지원청 광주효동초등학교,광주효동초등학교,,7392114,초등학교,전남광주통합특별시(광주),
입찰-45af84d75ffe,공사,진만초 정보교육실(인공지능 교실) 구축 공사 수의계약 안내 공고,2023-08-04,,광주광역시서부교육청 진만초등학교,진만초등학교,,7402233,초등학교,전남광주통합특별시(광주),
입찰-9fd49e430427,공사,"의성남부초등학교 컴퓨터실, 특수학급 및 유치원 환경개선공사",2023-08-04,,경상북도의성교육청 의성남부초등학교,의성남부초등학교,,8871039,초등학교,경상북도,
입찰-4455356be017,공사,전주근영중 그린스마트미래학교 조성사업 전기공사,2023-08-09,,전라북도전주교육청 전주근영중학교,전주근영중학교,,8332228,중학교,전북특별자치도,
입찰-90441993276c,공사,(긴급)효청보건고등학교 실습동 스마트헬스케어 증축 및 옹벽설치 외 기타공사 경쟁입찰 공고,2023-08-11,,경상북도교육청 효청보건고등학교,효청보건고등학교,,8750669,고등학교,경상북도,
입찰-90441993276c,공사,(긴급)효청보건고등학교 실습동 스마트헬스케어 증축 및 옹벽설치 외 기타공사 경쟁입찰 공고,2023-08-11,,경상북도교육청 효청보건고등학교,효청보건고등학교,,8750669,고등학교,경상북도,
입찰-c04c1268836d,공사,(긴급)효청보건고등학교 실습동 스마트헬스케어센터 증축 및 옹벽설치 공사 경쟁 입찰공고,2023-08-11,,경상북도교육청 효청보건고등학교,효청보건고등학교,,8750669,고등학교,경상북도,
입찰-b175a634b6a5,공사,효청보건고등학교 실습동 스마트헬스케어 증축 기계설비공사 소액수의 견적 제출 공고,2023-08-14,,경상북도교육청 효청보건고등학교,효청보건고등학교,,8750669,고등학교,경상북도,
입찰-dfa39405647d,공사,효청보건고등학교 실습동 스마트헬스케어 증축 전기공사 소액수의 견적 제출 공고,2023-08-14,,경상북도교육청 효청보건고등학교,효청보건고등학교,,8750669,고등학교,경상북도,
입찰-ea0d14a7025e,공사,효청보건고등학교 실습동 스마트헬스케어 증축 정보통신공사 소액수의 견적 제출 공고,2023-08-14,,경상북도교육청 효청보건고등학교,효청보건고등학교,,8750669,고등학교,경상북도,
입찰-956df4df3ef9,공사,효청보건고등학교 실습동 스마트헬스케어 증축 소방공사 소액수의 견적 제출 공고,2023-08-14,,경상북도교육청 효청보건고등학교,효청보건고등학교,,8750669,고등학교,경상북도,
입찰-e300a803c2f7,공사,대구하이텍고등학교 스마트테크과 직업계고 미래형실습실 환경구축공사,2023-08-17,,대구광역시교육청 대구하이텍고등학교,대구하이텍고등학교,,7240462,고등학교,대구광역시,
입찰-955e888b5a7e,공사,부산여자상업고등학교 그린스마트스쿨 리모델링 공사,2023-08-18,,부산광역시교육청 해연여자고등학교,해연여자고등학교,,7150756,고등학교,부산광역시,
입찰-77cbde93caf7,공사,여강중학교 그린스마트 미래학교 전기공사,2023-08-18,,경기도교육청 경기도여주교육지원청 여강중학교,여강중학교,,7661014,중학교,경기도,
입찰-e46d2f5b89f0,공사,충북공고 디지털 창의융합실 조성 및 사무실 환경개선 공사 (전기) 수의계약 안내 공고,2023-08-18,,충청북도교육청 충북공업고등학교,충북공업고등학교,,8000127,고등학교,충청북도,
입찰-bdcaec94d566,공사,충북공고 디지털 창의융합실 및 사무실 환경개선 공사(건축) 수의계약 안내 공고,2023-08-18,,충청북도교육청 충북공업고등학교,충북공업고등학교,,8000127,고등학교,충청북도,
입찰-2fecb60d41cd,공사,부산여자상업고등학교 그린스마트스쿨 리모델링 기계설비공사,2023-08-22,,부산광역시교육청 해연여자고등학교,해연여자고등학교,,7150756,고등학교,부산광역시,
입찰-38312b40ad45,공사,오션중학교 2023년 디지털 신기술 기반 연구학교 공간 재구조화 구축 공사 수의계약 안내 공고,2023-08-25,,부산광역시교육청 부산광역시북부교육지원청 오션중학교,오션중학교,,7201262,중학교,부산광역시,
입찰-8b48c50ef7f2,공사,2023년 학교혁신사업 미래교실(음악실) 조성 인테리어 공사,2023-08-25,,인천광역시교육청 부광고등학교,부광고등학교,,7310046,고등학교,인천광역시,
입찰-7f69be13b3ca,공사,삼도초 인공지능(AI)정보교실 구축공사 수의계약 안내공고,2023-08-28,,전남광주통합특별시교육청 전남광주통합특별시광주서부교육지원청 삼도초등학교,삼도초등학교,,7402211,초등학교,전남광주통합특별시(광주),
입찰-1dcf1571d35d,물품,대전전자디자인고 콘텐츠디자인과 그래픽태블릿 구매 입찰 재공고,2023-08-29,,대전광역시교육청 대전전자디자인고등학교,대전전자디자인고등학교,,7430311,고등학교,대전광역시,
입찰-871f1136acf8,물품,청구중학교 그린스마트스쿨사업 전자칠판 구입 및 설치 입찰 공고,2023-08-29,,대구광역시동부교육청 청구중학교,청구중학교,,7251037,중학교,대구광역시,
입찰-9f7129fba3ae,물품,조일고등학교 항공기계과 CAM소프트웨어 구입 소액수의 견적 안내공고,2023-08-29,,대구광역시교육청 조일고등학교,조일고등학교,,7240402,고등학교,대구광역시,
입찰-71637755ccf9,물품,로봇 제어 교육 시스템 구입,2023-08-30,,강원도교육청 한국에너지마이스터고등학교,한국에너지마이스터고등학교,,7801196,고등학교,강원특별자치도,
입찰-e31b89caeb1f,물품,2023년 부산전자공고 전자통신과 기자재(회로설계 소프트웨어) 구매 수의 계약 안내공고,2023-08-30,,부산광역시교육청 부산전자공업고등학교,부산전자공업고등학교,,7150177,고등학교,부산광역시,
입찰-811256a85692,물품,2023년 부산전자공고 전자통신과 기자재(회로설계 소프트웨어) 구매 수의 계약 안내 공고,2023-08-31,,부산광역시교육청 부산전자공업고등학교,부산전자공업고등학교,,7150177,고등학교,부산광역시,
입찰-456e28a69aa8,물품,경주공업고등학교 AI로봇 구입 소액수의 견적제출 안내공고,2023-08-31,,경상북도교육청 한국반도체마이스터고등학교,한국반도체마이스터고등학교,,8750834,고등학교,경상북도,
입찰-a062ea0b2e62,물품,2023년 디지털 온 선도학교 운영을 위한 AI코스웨어(마타수학) 구매건,2023-09-04,,경상북도교육청 후포고등학교,후포고등학교,,8750140,고등학교,경상북도,
입찰-f23a1cf0c39f,물품,진주기계공업고 공동실습소 기자재(인공지능모델링시스템) 구입  소액수의 견적 제출 안내 공고,2023-09-05,,경상남도교육청 진주기계공업고등학교,진주기계공업고등학교,,9010147,고등학교,경상남도,
입찰-eff8489dbad0,물품,로봇 제어 교육 시스템 구입,2023-09-05,,강원도교육청 한국에너지마이스터고등학교,한국에너지마이스터고등학교,,7801196,고등학교,강원특별자치도,
입찰-7cf86b1c6eca,물품,기자재(태블릿PC) 구매,2023-09-06,,부산광역시교육청 부산광역시서부교육청 남성초등학교,남성초등학교,,,,,
입찰-7cf86b1c6eca,물품,기자재(태블릿PC) 구매,2023-09-06,,부산광역시교육청 부산광역시서부교육청 남성초등학교,남성초등학교,,,,,
입찰-8d56c57657cb,물품,상명사대부속초 신나는 AI 교실 수업 교구 업체 선정,2023-09-12,,서울특별시중부교육청 상명대학교사범대학부속초등학교,상명대학교사범대학부속초등학교,,7061056,초등학교,서울특별시,
입찰-4a2367c567e8,물품,양산고등학교 전자칠판구매 다수공급자계약 2단계경쟁요청대상자 선정을 위한  제안서 제출 공고,2023-09-13,,경상남도교육청 양산고등학교,양산고등학교,,9010058,고등학교,경상남도,
입찰-4d48f76ed038,물품,공동실습소 직업교육지원센터 기자재 구입(AI자율주행 및 로봇제어시스템),2023-09-14,,강원도교육청 춘천기계공업고등학교,춘천기계공업고등학교,,7801187,고등학교,강원특별자치도,
입찰-68d17b2398c7,물품,지능형 로봇 시스템 구입,2023-09-15,,강원도교육청 한국에너지마이스터고등학교,한국에너지마이스터고등학교,,7801196,고등학교,강원특별자치도,
입찰-54e4d85028dd,물품,로봇 제어 교육 시스템 구입,2023-09-18,,강원도교육청 한국에너지마이스터고등학교,한국에너지마이스터고등학교,,7801196,고등학교,강원특별자치도,
입찰-ea8d4af324c2,물품,광주소프트웨어마이스터고 실험실습기자재(AI드론제어 실습장비) 구매 수의 견적 제출 안내 공고,2023-09-18,,전남광주통합특별시교육청 광주소프트웨어마이스터고등학교,광주소프트웨어마이스터고등학교,,7140392,고등학교,전남광주통합특별시(광주),
입찰-ea8d4af324c2,물품,광주소프트웨어마이스터고 실험실습기자재(AI드론제어 실습장비) 구매 수의 견적 제출 안내 공고,2023-09-18,,전남광주통합특별시교육청 광주소프트웨어마이스터고등학교,광주소프트웨어마이스터고등학교,,7140392,고등학교,전남광주통합특별시(광주),
입찰-610d0e341ffb,물품,"삼도초 AI교실(정보교육실) 노트북,전자칠판 구매 수의견적 안내 공고",2023-09-18,,전남광주통합특별시교육청 전남광주통합특별시광주서부교육지원청 삼도초등학교,삼도초등학교,,7402211,초등학교,전남광주통합특별시(광주),
입찰-9d837a3a274f,물품,경진고등학교  실험실습 기자재 (드론 VR 시뮬레이터) 구입,2023-09-18,,경상남도교육청 경진고등학교,경진고등학교,,9010280,고등학교,경상남도,
입찰-bf0b011cf6de,물품,조일고등학교 항공기계과 CAM소프트웨어 구입 소액수의 견적 안내공고,2023-09-19,,대구광역시교육청 조일고등학교,조일고등학교,,7240402,고등학교,대구광역시,
입찰-64bd4fc02e7d,물품,세광고 지능형과학실 구축공사 기자재(전자칠판 외 32종) 구매,2023-09-21,,충청북도교육청 세광고등학교,세광고등학교,,8000086,고등학교,충청북도,
입찰-0478c899ad05,물품,삼일공업고등학교 소방전기과 실험실습 기자재 로봇시스템통합장비 구매,2023-09-26,,경기도교육청 삼일공업고등학교,삼일공업고등학교,,7530335,고등학교,경기도,
입찰-0a0eaa906b66,물품,한림공고 기계과 노트북컴퓨터 구입 계약,2023-09-26,,제주특별자치도교육청 한림항공우주고등학교,한림항공우주고등학교,,9290226,고등학교,제주특별자치도,
입찰-84384ffd926e,물품,진주기계공업고등학교 공동실습소 기자재[3D 프린터(SLA 방식) 외 2종] 구매 입찰 공고,2023-09-26,,경상남도교육청 진주기계공업고등학교,진주기계공업고등학교,,9010147,고등학교,경상남도,
입찰-7bbe7e20ad04,물품,서울아이티고 스마트공장거점학교 기자재 구매,2023-09-26,,서울특별시교육청 서울아이티고등학교,서울아이티고등학교,,7010960,고등학교,서울특별시,
입찰-301d28e68b83,물품,[물품공급협약]광주소프트웨어마이스터고 2023기자재 AI머신러닝소프트웨어 구입,2023-09-27,,전남광주통합특별시교육청 광주소프트웨어마이스터고등학교,광주소프트웨어마이스터고등학교,,7140392,고등학교,전남광주통합특별시(광주),
입찰-10f71640bc11,물품,정관중 AI코스웨어용 콘텐츠 라이센스 구입 수의계약  안내 공고,2023-09-27,,부산광역시교육청 부산광역시해운대교육지원청 정관중학교,정관중학교,,7211226,중학교,부산광역시,
입찰-dc75e56d6cd5,용역,계성초등학교 교수학습용 기자재(태블릿 PC) 임차 용역,2023-09-06,,대구광역시동부교육청 계성초등학교,계성초등학교,,,,,
입찰-a24023a80e42,용역,2023년 경일여자중학교 AI 코스웨어 용역 규격·가격 동시 입찰 공고,2023-09-06,,대구광역시남부교육청 경일여자중학교,경일여자중학교,,7271046,중학교,대구광역시,
입찰-a24023a80e42,용역,2023년 경일여자중학교 AI 코스웨어 용역 규격·가격 동시 입찰 공고,2023-09-06,,대구광역시남부교육청 경일여자중학교,경일여자중학교,,7271046,중학교,대구광역시,
입찰-c6ecc2f789f0,용역,2023학년도 인천조동초등학교 가상현실 스포츠실 및 운영사업 업체 선정 공고,2023-09-08,,인천광역시동부교육청 인천조동초등학교,인천조동초등학교,,7341057,초등학교,인천광역시,
입찰-ae7dba33c225,용역,대구노변초등학교 AI코스웨어 서비스 활용 사업 용역 2단계[규격·가격 동시] 입찰 공고,2023-09-13,,대구광역시동부교육청 대구노변초등학교,대구노변초등학교,,7251104,초등학교,대구광역시,
입찰-d9a307105693,용역,2023년 대구송정초등학교 AI 코스웨어 서비스 용역  2단계 [규격·가격 동시] 입찰 공고,2023-09-14,,대구광역시동부교육청 대구송정초등학교,대구송정초등학교,,7251079,초등학교,대구광역시,
입찰-1e939e8abbc9,용역,2023학년도 대구욱수초등학교 AI코스웨어 서비스 용역 2단계[규격·가격 동시] 입찰 공고,2023-09-21,,대구광역시동부교육청 대구욱수초등학교,대구욱수초등학교,,7251103,초등학교,대구광역시,
입찰-1e939e8abbc9,용역,2023학년도 대구욱수초등학교 AI코스웨어 서비스 용역 2단계[규격·가격 동시] 입찰 공고,2023-09-21,,대구광역시동부교육청 대구욱수초등학교,대구욱수초등학교,,7251103,초등학교,대구광역시,
입찰-458afd9f32f7,용역,2023학년도 우촌초등학교 메타버스 플랫폼구축 용역,2023-09-21,,서울특별시성북교육청 우촌초등학교,우촌초등학교,,7121340,초등학교,서울특별시,
입찰-b1b487ec1e1c,용역,2023학년도 우촌초등학교 메타버스 플랫폼구축 용역,2023-09-25,,서울특별시성북교육청 우촌초등학교,우촌초등학교,,7121340,초등학교,서울특별시,
입찰-d9f83cfbc1f8,용역,대구노변초등학교 AI코스웨어 서비스 활용 사업 용역 2단계[규격·가격동시] 입찰 공고,2023-09-27,,대구광역시동부교육청 대구노변초등학교,대구노변초등학교,,7251104,초등학교,대구광역시,
입찰-8747926a4a59,용역,합천여자고등학교 그린스마트 미래학교 리모델링 설계 제안공모,2023-09-21,,경상남도교육청 합천여자고등학교,합천여자고등학교,,9010189,고등학교,경상남도,
입찰-00d510ad2fb9,공사,스마트건강교실 환경개선공사 소액수의견적공고,2023-08-29,,서울특별시동부교육청 영란여자중학교,영란여자중학교,,7021135,중학교,서울특별시,
입찰-d731973907c6,공사,대전대신중학교 그린스마트 미래학교 조성 및 화장실 증축 공사(종합공사)입찰 공고,2023-08-29,,대전광역시서부교육청 대전대신중학교,대전대신중학교,,7451022,중학교,대전광역시,
입찰-6da2268c7e77,공사,대전대신중학교 그린스마트 미래학교 조성 및 화장실 증축 전기공사,2023-08-29,,대전광역시서부교육청 대전대신중학교,대전대신중학교,,7451022,중학교,대전광역시,
입찰-be92c576befa,공사,대전대신중학교 그린스마트 미래학교 조성 및 화장실 증축 정보통신공사,2023-08-29,,대전광역시서부교육청 대전대신중학교,대전대신중학교,,7451022,중학교,대전광역시,
입찰-47e83a7d49c0,공사,대전대신중학교 그린스마트 미래학교 조성 및 화장실 증축 소방공사,2023-08-29,,대전광역시서부교육청 대전대신중학교,대전대신중학교,,7451022,중학교,대전광역시,
입찰-d731973907c6,공사,대전대신중학교 그린스마트 미래학교 조성 및 화장실 증축 공사(종합공사)입찰 공고,2023-08-29,,대전광역시서부교육청 대전대신중학교,대전대신중학교,,7451022,중학교,대전광역시,
입찰-6da2268c7e77,공사,대전대신중학교 그린스마트 미래학교 조성 및 화장실 증축 전기공사,2023-08-29,,대전광역시서부교육청 대전대신중학교,대전대신중학교,,7451022,중학교,대전광역시,
입찰-595c7a0f6485,공사,대전대신중학교 그린스마트 미래학교 조성 및 화장실 증축 기계설비 공사,2023-08-29,,대전광역시서부교육청 대전대신중학교,대전대신중학교,,7451022,중학교,대전광역시,
입찰-d731973907c6,공사,대전대신중학교 그린스마트 미래학교 조성 및 화장실 증축 공사(종합공사)입찰 공고,2023-08-29,,대전광역시서부교육청 대전대신중학교,대전대신중학교,,7451022,중학교,대전광역시,
입찰-b52fc835dfdc,공사,충북산업과학고등학교 에듀테크실 전기공사 수의계약 안내공고,2023-08-31,,충청북도교육청 충북산업과학고등학교,충북산업과학고등학교,,8000384,고등학교,충청북도,
입찰-937d84779e60,공사,충북산업과학고 에듀테크실 리모델링(통신)공사 수의계약 공고,2023-08-31,,충청북도교육청 충북산업과학고등학교,충북산업과학고등학교,,8000384,고등학교,충청북도,
입찰-87692a0b1ff7,공사,양영디지털고 체육관 증축 전기공사,2023-09-04,,경기도교육청 양영디지털고등학교,양영디지털고등학교,,7530782,고등학교,경기도,
입찰-044ae7f2c312,공사,양영디지털고 체육관 증축 통신공사,2023-09-05,,경기도교육청 양영디지털고등학교,양영디지털고등학교,,7530782,고등학교,경기도,
입찰-63921068008b,공사,양영디지털고 체육관 증축 소방공사,2023-09-05,,경기도교육청 양영디지털고등학교,양영디지털고등학교,,7530782,고등학교,경기도,
입찰-c7cd772a6590,공사,지산고등학교 2023년 디지털 기반 미래교육 거점학교 구축 공사,2023-09-05,,부산광역시교육청 지산고등학교,지산고등학교,,,,,
입찰-044ae7f2c312,공사,양영디지털고 체육관 증축 통신공사,2023-09-05,,경기도교육청 양영디지털고등학교,양영디지털고등학교,,7530782,고등학교,경기도,
입찰-4a03af7632c3,공사,"청구고등학교 그린스마트스쿨, 영역단위 공간혁신, 24년 환경개선사업 건축토목공사",2023-09-05,,대구광역시교육청 청구고등학교,청구고등학교,,7240103,고등학교,대구광역시,
입찰-eb5d5b0bcdf1,공사,"청구고등학교 그린스마트스쿨, 영역단위 공간혁신, 24년 환경개선사업 기계설비공사 입찰 공고",2023-09-05,,대구광역시교육청 청구고등학교,청구고등학교,,7240103,고등학교,대구광역시,
입찰-c4a31c53e4e3,공사,"청구고등학교 그린스마트스쿨, 영역단위 공간혁신, 24년 환경개선사업 전기공사 입찰 공고",2023-09-05,,대구광역시교육청 청구고등학교,청구고등학교,,7240103,고등학교,대구광역시,
입찰-be00ef81d275,공사,"청구고등학교 그린스마트스쿨, 영역단위 공간혁신, 24년 환경개선사업 정보통신공사 입찰 공고",2023-09-05,,대구광역시교육청 청구고등학교,청구고등학교,,7240103,고등학교,대구광역시,
입찰-7097147b327c,공사,"청구고등학교 그린스마트스쿨, 영역단위 공간혁신, 24년 환경개선사업 소방시설공사",2023-09-05,,대구광역시교육청 청구고등학교,청구고등학교,,7240103,고등학교,대구광역시,
입찰-eaa4986dcb11,공사,지산고등학교 2023년 디지털 기반 미래교육 거점학교 구축 공사,2023-09-06,,부산광역시교육청 지산고등학교,지산고등학교,,,,,
입찰-419289da5433,공사,지산고등학교 2023년 디지털 기반 미래교육 거점학교 구축 공사 소액수의 견적 공고,2023-09-06,,부산광역시교육청 지산고등학교,지산고등학교,,,,,
입찰-015bad2f9a0b,공사,지산고등학교 2023년 디지털 기반 미래교육 거점학교 구축 전기공사,2023-09-07,,부산광역시교육청 지산고등학교,지산고등학교,,,,,
입찰-46363f874196,공사,군남초등학교 드론축구장 시설공사,2023-09-11,,전라남도영광교육청 군남초등학교,군남초등학교,,,,,
입찰-6faea47b3afe,공사,금호중앙여고 AI팩토리(미래교실) 구축공사 건축공사 수의계약 안내공고,2023-09-13,,전남광주통합특별시교육청 금호중앙여자고등학교,금호중앙여자고등학교,,7140389,고등학교,전남광주통합특별시(광주),
입찰-fbf6f774ed51,공사,그린스마트 미래학교 리모델링 및 신관동 증축 공사,2023-09-15,,대구광역시서부교육청 경명여자중학교,경명여자중학교,,7261037,중학교,대구광역시,
입찰-e39efe3b5975,공사,그린스마트미래학교 리모델링 및 신관동 증축 전기공사,2023-09-15,,대구광역시서부교육청 경명여자중학교,경명여자중학교,,7261037,중학교,대구광역시,
입찰-119089f542a8,공사,그린스마트미래학교 리모델링 및 신관동 증축 정보통신공사,2023-09-15,,대구광역시서부교육청 경명여자중학교,경명여자중학교,,7261037,중학교,대구광역시,
입찰-f0325cccbe93,공사,그린스마트미래학교 리모델링 및 신관동 증축 기계설비공사,2023-09-15,,대구광역시서부교육청 경명여자중학교,경명여자중학교,,7261037,중학교,대구광역시,
입찰-6b4c7fb4d781,공사,그린스마트미래학교 리모델링 및 신관동 증축 소방시설공사,2023-09-15,,대구광역시서부교육청 경명여자중학교,경명여자중학교,,7261037,중학교,대구광역시,
입찰-3eb780c96efc,공사,오목초등학교 AI실 구축 및 컴퓨터실 리모델링 공사,2023-09-15,,충청남도아산교육청 오목초등학교,오목초등학교,,,,,
입찰-6a914b230d77,공사,숭덕고 AI팩토리(미래교실) 구축 건축공사 수의계약 안내 공고,2023-09-15,,전남광주통합특별시교육청 숭덕고등학교,숭덕고등학교,,7140351,고등학교,전남광주통합특별시(광주),
입찰-6a914b230d77,공사,숭덕고 AI팩토리(미래교실) 구축 건축공사 수의계약 안내 공고,2023-09-15,,전남광주통합특별시교육청 숭덕고등학교,숭덕고등학교,,7140351,고등학교,전남광주통합특별시(광주),
입찰-208867d71a51,공사,다시초등학교 인공지능(AI)교실 구축공사,2023-09-18,,전라남도나주교육청 다시초등학교,다시초등학교,,8532029,초등학교,전남광주통합특별시(전남),
입찰-5edbdf5396e3,공사,(긴급)(실습장지원사업) 스마트팜 구축 공사 입찰 공고,2023-09-20,,강원도교육청 주천고등학교,주천고등학교,,7801179,고등학교,강원특별자치도,
입찰-ff0af1ba3372,공사,예산고등학교 그린스마트 미래학교 협동관 리모델링 공사(건축),2023-09-22,,충청남도교육청 예산고등학교,예산고등학교,,8140100,고등학교,충청남도,
입찰-ff0af1ba3372,공사,예산고등학교 그린스마트 미래학교 협동관 리모델링 공사(건축),2023-09-22,,충청남도교육청 예산고등학교,예산고등학교,,8140100,고등학교,충청남도,
입찰-ff0af1ba3372,공사,예산고등학교 그린스마트 미래학교 협동관 리모델링 공사(건축),2023-09-22,,충청남도교육청 예산고등학교,예산고등학교,,8140100,고등학교,충청남도,
입찰-ff0af1ba3372,공사,예산고등학교 그린스마트 미래학교 협동관 리모델링 공사(건축),2023-09-22,,충청남도교육청 예산고등학교,예산고등학교,,8140100,고등학교,충청남도,
입찰-e1193d0d9b48,공사,광주소프트웨어마이스터고 AI팩토리 구축 건축 공사 수의계약 안내 공고,2023-09-22,,전남광주통합특별시교육청 광주소프트웨어마이스터고등학교,광주소프트웨어마이스터고등학교,,7140392,고등학교,전남광주통합특별시(광주),
입찰-e410b9c7741b,공사,광주소프트웨어마이스터고 AI팩토리 구축 사업 전기 공사 수의계약 안내 공고,2023-09-22,,전남광주통합특별시교육청 광주소프트웨어마이스터고등학교,광주소프트웨어마이스터고등학교,,7140392,고등학교,전남광주통합특별시(광주),
입찰-fed7373f0201,공사,광주소프트웨어마이스터고 AI팩토리 구축 사업 통신 공사,2023-09-22,,전남광주통합특별시교육청 광주소프트웨어마이스터고등학교,광주소프트웨어마이스터고등학교,,7140392,고등학교,전남광주통합특별시(광주),
입찰-c99f80f54154,공사,부산여자상업고등학교 그린스마트스쿨 리모델링 전기공사,2023-09-22,,부산광역시교육청 해연여자고등학교,해연여자고등학교,,7150756,고등학교,부산광역시,
입찰-fd0133712abc,공사,부산여자상업고등학교 그린스마트스쿨 리모델링 정보통신공사,2023-09-22,,부산광역시교육청 해연여자고등학교,해연여자고등학교,,7150756,고등학교,부산광역시,
입찰-17e7b47d6c71,공사,부산여자상업고등학교 그린스마트스쿨 리모델링 소방공사,2023-09-22,,부산광역시교육청 해연여자고등학교,해연여자고등학교,,7150756,고등학교,부산광역시,
입찰-a5f1e6eb8d80,공사,예산고등학교 그린스마트 미래학교 협동관 리모델링 공사(건축),2023-09-23,,충청남도교육청 예산고등학교,예산고등학교,,8140100,고등학교,충청남도,
입찰-54a03b418ead,공사,예산고등학교그린스마트 미래학교 협동관 리모델링 전기공사,2023-09-23,,충청남도교육청 예산고등학교,예산고등학교,,8140100,고등학교,충청남도,
입찰-a6fa03e9a847,공사,문성고등학교 AI팩토리(미래교실) 구축 건축공사 수의계약 안내공고,2023-09-26,,전남광주통합특별시교육청 문성고등학교,문성고등학교,,7140345,고등학교,전남광주통합특별시(광주),
입찰-5d4253d817e4,공사,문성중학교 AI팩토리(미래교실) 구축 건축공사 수의계약 안내공고,2023-09-26,,광주광역시서부교육청 문성중학교,문성중학교,,,,,
입찰-ac298d61e1e1,공사,예산고등학교그린스마트 미래학교 협동관 리모델링 전기공사,2023-09-27,,충청남도교육청 예산고등학교,예산고등학교,,8140100,고등학교,충청남도,
입찰-ac298d61e1e1,공사,예산고등학교그린스마트 미래학교 협동관 리모델링 전기공사,2023-09-27,,충청남도교육청 예산고등학교,예산고등학교,,8140100,고등학교,충청남도,
입찰-5606289b1759,물품,2023학년도 덕일전자공업고등학교 전자칠판 제조구매 입찰 공고,2023-10-04,,서울특별시교육청 덕일전자공업고등학교,덕일전자공업고등학교,,7010317,고등학교,서울특별시,
입찰-4fe979fd5455,물품,"김포제일공업고 컴퓨터응용기계과 학과재구조화 실습기자재 구매(공정제어실험장치, 교육용로봇)",2023-10-04,,경기도교육청 김포제일공업고등학교,김포제일공업고등학교,,,,,
입찰-ed9d0c48156a,물품,신명고등학교 그린스마트 스쿨 사업 가구 제작 및 설치,2023-10-04,,대구광역시교육청 신명고등학교,신명고등학교,,7240218,고등학교,대구광역시,
입찰-d91fd8a495df,물품,2023학년도 충암중학교 레이저사격시스템 구매 및 설치,2023-10-05,,서울특별시서부교육청 충암중학교,충암중학교,,7031220,중학교,서울특별시,
입찰-884c59199720,물품,교육용 소프트웨어 구입 소액수의 견적제출 안내공고,2023-10-05,,대구광역시교육청 대구스마트고등학교,대구스마트고등학교,,7240517,고등학교,대구광역시,
입찰-383f85be31a5,물품,디지털 선도학교 운영을 위한 수학 AI 코스웨어 사용 계약,2023-10-05,,충청남도논산교육청 논산중학교,논산중학교,,8222009,중학교,충청남도,
입찰-658f6cabf7f2,물품,서울아이티고 스마트공장거점학교 기자재 구매,2023-10-05,,서울특별시교육청 서울아이티고등학교,서울아이티고등학교,,7010960,고등학교,서울특별시,
입찰-9f0afec5be3c,물품,마산서중학교 전자칠판 구매 다수공급자계약 2단계 경쟁 대상자 선정을 위한 제안서 제출 공고,2023-10-10,,경상남도마산교육청 마산서중학교,마산서중학교,,9022130,중학교,경상남도,
입찰-f232a8081b0b,물품,정관중 AI코스웨어용 콘텐츠 라이센스 구입 수의계약  안내 재공고,2023-10-10,,부산광역시교육청 부산광역시해운대교육지원청 정관중학교,정관중학교,,7211226,중학교,부산광역시,
입찰-22f44e3db1a3,물품,"인천대중예술고 드론영상과 기자재(음향,영상장비) 구매 소액수의 견적 제출 안내 공고",2023-10-10,,인천광역시교육청 인천대중예술고등학교,인천대중예술고등학교,,7310563,고등학교,인천광역시,
입찰-08d20feab83b,물품,삼천포공업고등학교 항공전기과 전자기기개발실  소프트웨어  구입,2023-10-10,,경상남도교육청 삼천포공업고등학교,삼천포공업고등학교,,9010139,고등학교,경상남도,
입찰-e28e04cc0503,물품,대전산업정보고등학교 미래직업교육센터 스마트공장시스템 교육훈련장비 구매,2023-10-11,,대전광역시교육청 대전산업정보고등학교,대전산업정보고등학교,,7430322,각종학교(고),대전광역시,
입찰-d2d6d654530a,물품,2023년 디지털선도학교 운영을 위한 프로그램 라이선스 구매,2023-10-11,,대전광역시교육청 대전대성고등학교,대전대성고등학교,,7430325,고등학교,대전광역시,
입찰-21d897f90888,물품,마산서중학교 전자칠판 구매 다수공급자계약 2단계 경쟁 대상자 선정을 위한 제안서 제출 공고,2023-10-12,,경상남도마산교육청 마산서중학교,마산서중학교,,9022130,중학교,경상남도,
입찰-b9a853a275bc,물품,2023년 디지털선도학교 운영을 위한 프로그램 라이선스 구매,2023-10-13,,대전광역시교육청 대전대성고등학교,대전대성고등학교,,7430325,고등학교,대전광역시,
입찰-93d2cba18e1b,물품,영광중학교 AI 코스웨어 프로그램 구독 소액 수의 견적 제출 안내,2023-10-13,,경상북도영주교육청 영광중학교,영광중학교,,,,,
입찰-224d484fdad3,물품,경남산업고등학교 신산업·신기술 기자재(미용예술과 AI 스마트미러) 구매,2023-10-16,,경상남도교육청 경남산업고등학교,경남산업고등학교,,9010332,고등학교,경상남도,
입찰-3fd13ec83b3b,물품,경남산업고등학교 신산업·신기술 기자재(안내용로봇 외 6종) 구매 입찰 공고,2023-10-16,,경상남도교육청 경남산업고등학교,경남산업고등학교,,9010332,고등학교,경상남도,
입찰-757e70f9fd5d,물품,영광중학교 AI 코스웨어 프로그램 구독 소액 수의 견적 제출 안내,2023-10-17,,경상북도영주교육청 영광중학교,영광중학교,,,,,
입찰-78017a4b0511,물품,[긴급]세명컴퓨터고-2023학년도 직업계고 재구조화 지원사업 기자재 확충 공고(다관절로봇),2023-10-17,,서울특별시교육청 세명컴퓨터고등학교,세명컴퓨터고등학교,,7010537,고등학교,서울특별시,
입찰-31e4303792bc,물품,대전산업정보고등학교 미래직업교육센터 로봇시연 체험 실습장비 구매 설치,2023-10-17,,대전광역시교육청 대전산업정보고등학교,대전산업정보고등학교,,7430322,각종학교(고),대전광역시,
입찰-a2d7adaa8a01,물품,[긴급] 김제농생명마이스터고 기자재(스마트팜 온실 모형 외 1종) 제작 구매 2단계 입찰 공고,2023-10-17,,전라북도교육청 김제농생명마이스터고등학교,김제농생명마이스터고등학교,,8321160,고등학교,전북특별자치도,
입찰-757e70f9fd5d,물품,영광중학교 AI 코스웨어 프로그램 구독 소액 수의 견적 제출 안내,2023-10-17,,경상북도영주교육청 영광중학교,영광중학교,,,,,
입찰-50247d5f0345,물품,[긴급]세명컴퓨터고-2023학년도 인공지능SW과 기자재 확충 공고(컴퓨터),2023-10-17,,서울특별시교육청 세명컴퓨터고등학교,세명컴퓨터고등학교,,7010537,고등학교,서울특별시,
입찰-e50d1c9a76fa,물품,[긴급]세명컴퓨터고-2023학년도 스마트보안솔루션과 기자재 확충 공고(베어본PC),2023-10-17,,서울특별시교육청 세명컴퓨터고등학교,세명컴퓨터고등학교,,7010537,고등학교,서울특별시,
입찰-443cb9cc2d40,물품,충남기계공고 철도차량 디지털 학습장 구축,2023-10-17,,대전광역시교육청 충남기계공업고등학교,충남기계공업고등학교,,7430073,고등학교,대전광역시,
입찰-f5c2a08be168,물품,2023. 디지털교육선도학교 AI코스웨어(수학) 구입 1인수의 견적 안내,2023-10-17,,충청북도교육청 충청북도청주교육지원청 경산초등학교,경산초등학교,,,,,
입찰-ede2904981e7,물품,거제중앙고 전자칠판 구매 다수공급자계약 2단계경쟁 요청대상자 선정을 위한 제안서 제출 공고,2023-10-19,,경상남도교육청 거제중앙고등학교,거제중앙고등학교,,9010031,고등학교,경상남도,
입찰-e78ed72c0439,물품,대전산업정보고등학교 미래직업교육센터 협동로봇실습장비 구매 설치,2023-10-19,,대전광역시교육청 대전산업정보고등학교,대전산업정보고등학교,,7430322,각종학교(고),대전광역시,
입찰-21c45934a98e,물품,공동실습소 직업교육지원센터 기자재 구입(AI자율주행 및 로봇제어시스템),2023-10-20,,강원도교육청 춘천기계공업고등학교,춘천기계공업고등학교,,7801187,고등학교,강원특별자치도,
입찰-f4157fc45d8d,물품,진주기계공업고등학교 공동실습소 기자재(역설계 소프트웨어) 구매 수의계약 안내 공고,2023-10-20,,경상남도교육청 진주기계공업고등학교,진주기계공업고등학교,,9010147,고등학교,경상남도,
입찰-13eff934df42,물품,광양하이텍고 소프트웨어(GV-CNC) 라이선스 구매 수의계약 안내 공고,2023-10-20,,전라남도교육청 광양하이텍고등학교,광양하이텍고등학교,,7140301,고등학교,전남광주통합특별시(전남),
입찰-bc8674931923,물품,김해건설공고 신산업 및 신기술 분야 기자재(4족보행로봇) 구매 수의계약 안내 공고,2023-10-20,,경상남도교육청 김해건설공업고등학교,김해건설공업고등학교,,9010130,고등학교,경상남도,
입찰-828f096637fc,물품,김해건설공고 신산업 및 신기술 분야 기자재(3D프린터 외1종) 구매 수의계약 안내 공고,2023-10-20,,경상남도교육청 김해건설공업고등학교,김해건설공업고등학교,,9010130,고등학교,경상남도,
입찰-c3b96005456a,물품,공동실습소 직업종합체험관 기자재(로봇 Teleoperation 외 2종),2023-10-23,,충청북도교육청 청주공업고등학교,청주공업고등학교,,8000280,고등학교,충청북도,
입찰-c3b96005456a,물품,공동실습소 직업종합체험관 기자재(로봇 Teleoperation 외 2종),2023-10-23,,충청북도교육청 청주공업고등학교,청주공업고등학교,,8000280,고등학교,충청북도,
입찰-da46c7a85968,물품,대건고등학교 태블릿PC 구매 소액수의 전자견적 제출공고,2023-10-23,,대구광역시교육청 대건고등학교,대건고등학교,,7240082,고등학교,대구광역시,
입찰-343abc96ff13,물품,경진고등학교 실험실습 기자재(카본 복합소재 3D프린터)  구매 수의견적 제출 안내 공고,2023-10-24,,경상남도교육청 경진고등학교,경진고등학교,,9010280,고등학교,경상남도,
입찰-343abc96ff13,물품,경진고등학교 실험실습 기자재(카본 복합소재 3D프린터)  구매 수의견적 제출 안내 공고,2023-10-24,,경상남도교육청 경진고등학교,경진고등학교,,9010280,고등학교,경상남도,
입찰-2898a3ecd5d6,물품,2023. 스마트 건설기계 VR 시뮬레이터 구입,2023-10-24,,전라북도교육청 전주공업고등학교,전주공업고등학교,,8321088,고등학교,전북특별자치도,
입찰-7369f57c89fe,물품,경남로봇고 실험실습기자재 확충 및 미래역량강화사업 기자재 협동로봇 구입 입찰 공고,2023-10-25,,경상남도교육청 경남로봇고등학교,경남로봇고등학교,,9010505,고등학교,경상남도,
입찰-fca41162137c,물품,창원성민여자고등학교 전자칠판 구매 다수공급자 2단계 경쟁 요청대상자 선정을 위한 제출 공고,2023-10-25,,경상남도교육청 창원성민여자고등학교,창원성민여자고등학교,,9010405,고등학교,경상남도,
입찰-fca41162137c,물품,창원성민여자고등학교 전자칠판 구매 다수공급자 2단계 경쟁 요청대상자 선정을 위한 제출 공고,2023-10-25,,경상남도교육청 창원성민여자고등학교,창원성민여자고등학교,,9010405,고등학교,경상남도,
입찰-c7ba1b3ab045,물품,김해건설공업고등학교 공정제어실험장치(자동제어로봇 외 2종) 중앙조달 계약 요청,2023-10-25,,경상남도교육청 김해건설공업고등학교,김해건설공업고등학교,,9010130,고등학교,경상남도,
입찰-a0d43e6b9863,물품,성일정보고 산학일체형 도제학교 학습근로자용 노트북 구매,2023-10-25,,경기도교육청 성일정보고등학교,성일정보고등학교,,7530591,고등학교,경기도,
입찰-031fdbd31452,물품,삽량초등학교 융합형 선진 교실 구축을 위한 전자칠판 구매,2023-10-26,,경상남도교육청 경상남도양산교육청 삽량초등학교,삽량초등학교,,9151012,초등학교,경상남도,
입찰-0a449a983146,물품,삽량초등학교 전자칠판 구매 다수공급자계약 2단계 경쟁 제안서 제출 공고,2023-10-26,,경상남도교육청 경상남도양산교육청 삽량초등학교,삽량초등학교,,9151012,초등학교,경상남도,
입찰-0a449a983146,물품,삽량초등학교 전자칠판 구매 다수공급자계약 2단계 경쟁 제안서 제출 공고,2023-10-26,,경상남도교육청 경상남도양산교육청 삽량초등학교,삽량초등학교,,9151012,초등학교,경상남도,
입찰-d57fa0624daf,물품,영광중학교 AI 코스웨어 프로그램 구독 소액 수의 견적 제출 안내,2023-10-27,,경상북도영주교육청 영광중학교,영광중학교,,,,,
입찰-eb97874a0e1b,물품,광양하이텍고 소프트웨어(GV-CNC) 라이선스 구매 수의계약 안내 공고,2023-10-27,,전라남도교육청 광양하이텍고등학교,광양하이텍고등학교,,7140301,고등학교,전남광주통합특별시(전남),
입찰-3baf005db259,물품,김해건설공고 신산업 및 신기술 분야 기자재(3D프린터 외1종) 구매 수의계약 안내 공고,2023-10-27,,경상남도교육청 김해건설공업고등학교,김해건설공업고등학교,,9010130,고등학교,경상남도,
입찰-74b4f2f4a7b7,용역,2023년 대구송정초등학교 AI 코스웨어 서비스 용역  2단계 [규격·가격 동시] 입찰 공고,2023-10-05,,대구광역시동부교육청 대구송정초등학교,대구송정초등학교,,7251079,초등학교,대구광역시,
입찰-bcc3baa1f1a1,용역,대구노변초등학교 AI코스웨어 서비스 활용사업 용역 2단계[규격·가격 동시]입찰 공고,2023-10-13,,대구광역시동부교육청 대구노변초등학교,대구노변초등학교,,7251104,초등학교,대구광역시,
입찰-be4b6a4d3806,용역,2023년 대구송정초등학교 AI 코스웨어 서비스 용역  2단계 [규격·가격 동시] 입찰 공고,2023-10-13,,대구광역시동부교육청 대구송정초등학교,대구송정초등학교,,7251079,초등학교,대구광역시,
입찰-960ccc6b161a,용역,2023년 대구욱수초등학교 AI 코스웨어 서비스 용역 2단계 [규격·가격 동시] 입찰 공고,2023-10-13,,대구광역시동부교육청 대구욱수초등학교,대구욱수초등학교,,7251103,초등학교,대구광역시,
입찰-2d9f08c29d96,용역,2023학년도 송수초등학교 「AI 코스웨어 사업 운영」용역 2단계 입찰,2023-10-16,,부산광역시교육청 부산광역시해운대교육청 송수초등학교,송수초등학교,,7211093,초등학교,부산광역시,
입찰-6f02998bc728,용역,신안초 가상현실 스포츠실 구축 사업 제안서 제출 공고,2023-10-17,,경기도안양교육청 신안초등학교,신안초등학교,,,,,
입찰-3f90d17c4fff,용역,2023학년도 달서고등학교 AI코스웨어 용역 2단계(규격가격동시) 입찰 공고,2023-10-17,,대구광역시교육청 달서고등학교,달서고등학교,,7240081,고등학교,대구광역시,
입찰-b7e9af2da6f7,용역,2023년 대구욱수초등학교 AI 코스웨어 서비스 용역 2단계 [규격·가격 동시] 입찰 공고,2023-10-23,,대구광역시동부교육청 대구욱수초등학교,대구욱수초등학교,,7251103,초등학교,대구광역시,
입찰-1dd128134e71,공사,여주제일고 그린스마트 미래학교 개축 및 리모델링공사(건축+기계+토목+조경) 입찰공고,2023-10-04,,경기도교육청 여주제일고등학교,여주제일고등학교,,7530583,고등학교,경기도,
입찰-0a08a3820e1e,공사,여주제일고 그린스마트 미래학교 개축 및 리모델링 전기공사 입찰공고,2023-10-04,,경기도교육청 여주제일고등학교,여주제일고등학교,,7530583,고등학교,경기도,
입찰-6f5077cf8f6c,공사,여주제일고 그린스마트 미래학교 개축 및 리모델링 정보통신공사 입찰공고,2023-10-04,,경기도교육청 여주제일고등학교,여주제일고등학교,,7530583,고등학교,경기도,
입찰-e8241a2a888e,공사,여주제일고 그린스마트 미래학교 개축 및 리모델링 소방공사 소액수의 견적 제출 공고,2023-10-04,,경기도교육청 여주제일고등학교,여주제일고등학교,,7530583,고등학교,경기도,
입찰-ea94506980d3,공사,군산영광여고 본관동 그린스마트 미래학교 리모델링 및 내진보강공사,2023-10-12,,전라북도교육청 군산영광여자고등학교,군산영광여자고등학교,,8321118,고등학교,전북특별자치도,
입찰-4fd9f9863482,공사,군산영광여고 본관동 그린스마트 미래학교 리모델링 전기공사,2023-10-13,,전라북도교육청 군산영광여자고등학교,군산영광여자고등학교,,8321118,고등학교,전북특별자치도,
입찰-c6d25cbb0d9b,공사,군산영광여고 그린스마트 미래학교 리모델링 통신공사,2023-10-13,,전라북도교육청 군산영광여자고등학교,군산영광여자고등학교,,8321118,고등학교,전북특별자치도,
입찰-4fd9f9863482,공사,군산영광여고 본관동 그린스마트 미래학교 리모델링 전기공사,2023-10-13,,전라북도교육청 군산영광여자고등학교,군산영광여자고등학교,,8321118,고등학교,전북특별자치도,
입찰-4fd9f9863482,공사,군산영광여고 본관동 그린스마트 미래학교 리모델링 전기공사,2023-10-13,,전라북도교육청 군산영광여자고등학교,군산영광여자고등학교,,8321118,고등학교,전북특별자치도,
입찰-17b8a27051f7,공사,군산영광여고 본관동 그린스마트 미래학교 리모델링 소방공사,2023-10-13,,전라북도교육청 군산영광여자고등학교,군산영광여자고등학교,,8321118,고등학교,전북특별자치도,
입찰-3a01bae36d7a,공사,군산영광여고 그린스마트 미래학교 리모델링 통신공사,2023-10-16,,전라북도교육청 군산영광여자고등학교,군산영광여자고등학교,,8321118,고등학교,전북특별자치도,
입찰-26d040d03a97,공사,군산영광여고 본관동 그린스마트 미래학교 리모델링 전기공사,2023-10-16,,전라북도교육청 군산영광여자고등학교,군산영광여자고등학교,,8321118,고등학교,전북특별자치도,
입찰-5481cca67210,공사,군산영광여고 본관동 그린스마트 미래학교 리모델링 소방공사,2023-10-16,,전라북도교육청 군산영광여자고등학교,군산영광여자고등학교,,8321118,고등학교,전북특별자치도,
입찰-26d040d03a97,공사,군산영광여고 본관동 그린스마트 미래학교 리모델링 전기공사,2023-10-16,,전라북도교육청 군산영광여자고등학교,군산영광여자고등학교,,8321118,고등학교,전북특별자치도,
입찰-3a01bae36d7a,공사,군산영광여고 그린스마트 미래학교 리모델링 통신공사,2023-10-16,,전라북도교육청 군산영광여자고등학교,군산영광여자고등학교,,8321118,고등학교,전북특별자치도,
입찰-5481cca67210,공사,군산영광여고 본관동 그린스마트 미래학교 리모델링 소방공사,2023-10-16,,전라북도교육청 군산영광여자고등학교,군산영광여자고등학교,,8321118,고등학교,전북특별자치도,
입찰-7152523fe0cb,공사,광산중학교 AI팩토리(미래교실) 구축 공사 수의견적 제출 안내 공고,2023-10-17,,전남광주통합특별시교육청 전남광주통합특별시광주서부교육지원청 광산중학교,광산중학교,,7402281,중학교,전남광주통합특별시(광주),
입찰-3bd0d9e75089,공사,광산중학교 AI팩토리(미래교실) 구축 전기공사 수의견젝 제출 안내 공고,2023-10-17,,전남광주통합특별시교육청 전남광주통합특별시광주서부교육지원청 광산중학교,광산중학교,,7402281,중학교,전남광주통합특별시(광주),
입찰-9e93895dbfa3,공사,창녕슈퍼텍고등학교 스마트팜 포그시스템 설치공사  수의계약 안내 공고,2023-10-17,,경상남도교육청 창녕슈퍼텍고등학교,창녕슈퍼텍고등학교,,9010570,고등학교,경상남도,
입찰-1c6fa8fbe968,공사,경기폴리텍고등학교 실습실 및 스마트진로활동실 환경개선 공사,2023-10-18,,경기도교육청 경기폴리텍고등학교,경기폴리텍고등학교,,7531378,고등학교,경기도,
입찰-0f08286fcf1d,공사,삼가중학교 스마트미래학교 조성 전기공사 수의계약 안내공고,2023-10-19,,경상남도합천교육청 삼가중학교,삼가중학교,,9221025,중학교,경상남도,
입찰-e7fa08e086fc,공사,경기폴리텍고등학교 실습실 및 스마트진로활동실 환경개선 공사,2023-10-20,,경기도교육청 경기폴리텍고등학교,경기폴리텍고등학교,,7531378,고등학교,경기도,
입찰-acb65d5b6e68,공사,경기폴리텍고등학교 실습실 및 스마트진로활동실 환경개선공사 소액수의견적 제출 안내,2023-10-20,,경기도교육청 경기폴리텍고등학교,경기폴리텍고등학교,,7531378,고등학교,경기도,
입찰-af7fd4c0f784,공사,광주경신중학교 AI팩토리(미래교실) 구축공사 수의계약 안내공고,2023-10-23,,전남광주통합특별시교육청 전남광주통합특별시광주동부교육지원청 광주경신중학교,광주경신중학교,,7392194,중학교,전남광주통합특별시(광주),
입찰-ce4ac2eeead2,공사,경주 효청보건고등학교 실습동 스마트헬스케어센터 증축 전기인입공사 견적제출 공고,2023-10-25,,경상북도교육청 효청보건고등학교,효청보건고등학교,,8750669,고등학교,경상북도,
입찰-b88b91110be4,공사,경주 효청보건고등학교 실습동 스마트헬스케어센터 증축 정보통신인입공사 견적제출 공고,2023-10-25,,경상북도교육청 효청보건고등학교,효청보건고등학교,,8750669,고등학교,경상북도,
입찰-b419e256e1b2,공사,살레시오여자고등학교 AI팩토리(미래교실) 구축 시설공사  수의견적 제출 안내공고,2023-10-25,,전남광주통합특별시교육청 살레시오여자고등학교,살레시오여자고등학교,,7140347,고등학교,전남광주통합특별시(광주),
입찰-a41b7750766b,공사,"(긴급) 인천당하초등학교 인성온실, 컴퓨터실, 커뮤니티실 등 환경개선공사",2023-10-25,,인천광역시서부교육청 인천당하초등학교,인천당하초등학교,,7361032,초등학교,인천광역시,
입찰-3bb14ac3d07e,공사,AI팩토리(미래교실) 구축공사 수의계약 안내공고,2023-10-25,,광주광역시동부교육청 일곡중학교,일곡중학교,,7392182,중학교,전남광주통합특별시(광주),
입찰-02d65f39be59,공사,일곡중학교 AI팩토리(미래교실) 구축 전기공사,2023-10-25,,광주광역시동부교육청 일곡중학교,일곡중학교,,7392182,중학교,전남광주통합특별시(광주),
입찰-3bb14ac3d07e,공사,AI팩토리(미래교실) 구축공사 수의계약 안내공고,2023-10-25,,광주광역시동부교육청 일곡중학교,일곡중학교,,7392182,중학교,전남광주통합특별시(광주),
입찰-3bb14ac3d07e,공사,AI팩토리(미래교실) 구축공사 수의계약 안내공고,2023-10-25,,광주광역시동부교육청 일곡중학교,일곡중학교,,7392182,중학교,전남광주통합특별시(광주),
입찰-0e6357fe0098,물품,성주초등학교 전자칠판 구매를 위한 다수공급자계약 2단계 경쟁 제안서 제출 공고,2023-10-30,,경상남도교육청 경상남도창원교육지원청 성주초등학교,성주초등학교,,,,,
입찰-2243dfb72071,물품,2023년 디지털선도학교 수학 AI코스웨어 구입,2023-10-30,,대구광역시교육청 경화여자고등학교,경화여자고등학교,,,,,
입찰-acc75618009f,물품,진주기계공업고등학교 공동실습소 기자재(역설계 소프트웨어) 구매 수의계약 안내 공고,2023-10-30,,경상남도교육청 진주기계공업고등학교,진주기계공업고등학교,,9010147,고등학교,경상남도,
입찰-c8ed11b9066b,물품,2023학년도 실습기자재(협동로봇 실습장치 등 4종) 구매,2023-10-31,,중소벤처기업부 전북기계공업고등학교,전북기계공업고등학교,,1421118,고등학교,전북특별자치도,
입찰-50bf260c98a5,물품,양산제일고 전자칠판구매 다수공급자계약 2단계경쟁 요청대상자 선정을 위한 제안서제출공고,2023-10-31,,경상남도교육청 양산제일고등학교,양산제일고등학교,,9010299,고등학교,경상남도,
입찰-5ae0dfb7396d,물품,2023. 스마트 건설기계 VR 시뮬레이터 구입,2023-10-31,,전라북도교육청 전주공업고등학교,전주공업고등학교,,8321088,고등학교,전북특별자치도,
입찰-2444d55d2a78,물품,경남산업고등학교 신산업·신기술 기자재(미용예술과 AI 스마트미러) 구매 수의계약 안내 재공고,2023-10-31,,경상남도교육청 경남산업고등학교,경남산업고등학교,,9010332,고등학교,경상남도,
입찰-a1c0ea494272,물품,공동실습소 3D CAD 소프트웨어 구입,2023-10-31,,강원도교육청 춘천기계공업고등학교,춘천기계공업고등학교,,7801187,고등학교,강원특별자치도,
입찰-602c307fe097,물품,웅상여자중학교 전자칠판 구매 다수공급자계약 2단계경쟁 제안서 제출 공고,2023-11-01,,경상남도양산교육청 웅상여자중학교,웅상여자중학교,,9151045,중학교,경상남도,
입찰-602c307fe097,물품,웅상여자중학교 전자칠판 구매 다수공급자계약 2단계경쟁 제안서 제출 공고,2023-11-01,,경상남도양산교육청 웅상여자중학교,웅상여자중학교,,9151045,중학교,경상남도,
입찰-d12c31f91cef,물품,초계고등학교 가상(VR) 용접 시뮬레이터 외  5종 구매,2023-11-02,,경상남도교육청 초계고등학교,초계고등학교,,9010328,고등학교,경상남도,
입찰-c25420fb8277,물품,경남외고 전자칠판 구매 다수공급자계약 2단계경쟁 요청대상자 선정을 위한 제안서 제출 공고,2023-11-02,,경상남도교육청 경남외국어고등학교,경남외국어고등학교,,9010083,고등학교,경상남도,
입찰-79cf094bb8d4,물품,경북기계금속고 NCS기자재(CAM소프트웨어) 구매 소액수의 견적제출 안내 공고,2023-11-02,,경상북도교육청 경북기계금속고등학교,경북기계금속고등학교,,8750667,고등학교,경상북도,
입찰-212179402cd0,물품,김해건설공고 신산업 및 신기술 분야 기자재(3D프린터 외1종) 구매 수의계약 안내 재공고,2023-11-03,,경상남도교육청 김해건설공업고등학교,김해건설공업고등학교,,9010130,고등학교,경상남도,
입찰-39629a8f2622,물품,해건설공고 신산업 및 신기술 분야 기자재(4족보행로봇) 구매 수의계약안내 공고(조합추천),2023-11-03,,경상남도교육청 김해건설공업고등학교,김해건설공업고등학교,,9010130,고등학교,경상남도,
입찰-f3b41a83a9f2,물품,김해건설공고 신산업 및 신기술 분야 기자재(4족보행로봇) 구매 수의계약안내 공고(조합추천),2023-11-03,,경상남도교육청 김해건설공업고등학교,김해건설공업고등학교,,9010130,고등학교,경상남도,
입찰-50d412bdc9ac,물품,진주기계공업고 도제학교 기자재(자동제어 교육용소프트웨어) 구입 견적 제출 안내 공고,2023-11-06,,경상남도교육청 진주기계공업고등학교,진주기계공업고등학교,,9010147,고등학교,경상남도,
입찰-794dd69c0265,물품,논산대건고등학교 인공지능을 이용한 맞춤형 수학 학습 프로그램 구매,2023-11-06,,충청남도교육청 논산대건고등학교,논산대건고등학교,,8140085,고등학교,충청남도,
입찰-0102a87ef3a0,물품,경남관광고 전자칠판 구매 다수공급자계약 2단계경쟁 요청대상자 선정을 위한 제안서 제출 공고,2023-11-06,,경상남도교육청 경남관광고등학교,경남관광고등학교,,9010334,고등학교,경상남도,
입찰-0102a87ef3a0,물품,경남관광고 전자칠판 구매 다수공급자계약 2단계경쟁 요청대상자 선정을 위한 제안서 제출 공고,2023-11-06,,경상남도교육청 경남관광고등학교,경남관광고등학교,,9010334,고등학교,경상남도,
입찰-dda9c96b2c3d,물품,경남외고 전자칠판 구매 다수공급자계약 2단계경쟁 요청대상자 선정을 위한 제안서 제출 공고,2023-11-06,,경상남도교육청 경남외국어고등학교,경남외국어고등학교,,9010083,고등학교,경상남도,
입찰-110c18911b19,물품,진주기계공업고등학교 공동실습소 기자재 (SCADA소프트웨어 외 1종) 구입,2023-11-06,,경상남도교육청 진주기계공업고등학교,진주기계공업고등학교,,9010147,고등학교,경상남도,
입찰-93c05f9e099f,물품,경남외국어고등학교 전자칠판 구매 다수공급자계약 2단계경쟁  제안서 제출 공고,2023-11-06,,경상남도교육청 경남외국어고등학교,경남외국어고등학교,,9010083,고등학교,경상남도,
입찰-0102a87ef3a0,물품,경남관광고 전자칠판 구매 다수공급자계약 2단계경쟁 요청대상자 선정을 위한 제안서 제출 공고,2023-11-06,,경상남도교육청 경남관광고등학교,경남관광고등학교,,9010334,고등학교,경상남도,
입찰-74c5f874e4cb,물품,영신고등학교 전자칠판 구매 다수공급자계약 2단계 경쟁 제안서 제출 공고,2023-11-06,,서울특별시교육청 영신고등학교,영신고등학교,,,,,
입찰-80278f20cae2,물품,영신고등학교 전자칠판 구매 다수공급자계약 2단계 경쟁 제안서 제출 공고,2023-11-07,,서울특별시교육청 영신고등학교,영신고등학교,,,,,
입찰-0489b0b57bd2,물품,웅상여자중학교 전자칠판 구매 다수공급자계약 2단계경쟁 제안서 제출 공고,2023-11-07,,경상남도양산교육청 웅상여자중학교,웅상여자중학교,,9151045,중학교,경상남도,
입찰-6567c62aee1b,물품,[긴급]세명컴퓨터고-2023학년도 신나는AI교실구축사업 기자재 확충 공고(노트북),2023-11-07,,서울특별시교육청 세명컴퓨터고등학교,세명컴퓨터고등학교,,7010537,고등학교,서울특별시,
입찰-0489b0b57bd2,물품,웅상여자중학교 전자칠판 구매 다수공급자계약 2단계경쟁 제안서 제출 공고,2023-11-07,,경상남도양산교육청 웅상여자중학교,웅상여자중학교,,9151045,중학교,경상남도,
입찰-496118ed049f,물품,정밀기계과 소프트웨어 구입 입찰공고,2023-11-08,,울산광역시교육청 현대공업고등학교,현대공업고등학교,,7480186,고등학교,울산광역시,
입찰-8bf10a32608b,물품,[긴급]세명컴고-2023학년도 직업계고 재구조화 사업 기자재 확충 공고(스마트시퀀스제어회로),2023-11-10,,서울특별시교육청 세명컴퓨터고등학교,세명컴퓨터고등학교,,7010537,고등학교,서울특별시,
입찰-bbb82f49cf50,물품,유한공업고등학교 실험실습기자재 3D프린터 외 3종 입찰공고,2023-11-11,,서울특별시교육청 유한공업고등학교,유한공업고등학교,,7010365,고등학교,서울특별시,
입찰-90452fd16689,물품,인천바이오과학고 실험실습 기자재[그래픽소프트웨어 외 3종] 구매 수의계약 견적제출 안내 공고,2023-11-14,,인천광역시교육청 인천바이오과학고등학교,인천바이오과학고등학교,,7310593,고등학교,인천광역시,
입찰-b8b66336ca33,물품,동아마이스터고 기계과 협동로봇 융합 실습장치 구입,2023-11-15,,대전광역시교육청 동아마이스터고등학교,동아마이스터고등학교,,7430256,고등학교,대전광역시,
입찰-52c4f121b937,물품,불로초등학교 미래교실 가구 제작설치 소액수의 견적제출 안내공고,2023-11-17,,대구광역시동부교육청 대구불로초등학교,대구불로초등학교,,7251089,초등학교,대구광역시,
입찰-df80727080c4,물품,삼천포공업고등학교 항공전기과  소프트웨어 구입 소액수의 전자견적 제출 안내 공고,2023-11-20,,경상남도교육청 삼천포공업고등학교,삼천포공업고등학교,,9010139,고등학교,경상남도,
입찰-316afe392dea,물품,전자과 NCS기반 실습실 기자재(OrCAD) 구입,2023-11-20,,경상북도교육청 경북에너지기술고등학교,경북에너지기술고등학교,,8750836,고등학교,경상북도,
입찰-487d9d2f0814,물품,대룡중학교 전자칠판 구매 다수공급자계약 2단계 경쟁 제안서 제출 공고,2023-11-20,,강원도교육청 강원도춘천교육청 대룡중학교,대룡중학교,,7812098,중학교,강원특별자치도,
입찰-d05501396330,물품,김해한일여자고등학교 전자칠판 구매 다수공급자계약 2단계경쟁 제안서 제출 공고,2023-11-20,,경상남도교육청 김해한일여자고등학교,김해한일여자고등학교,,9010241,고등학교,경상남도,
입찰-d05501396330,물품,김해한일여자고등학교 전자칠판 구매 다수공급자계약 2단계경쟁 제안서 제출 공고,2023-11-20,,경상남도교육청 김해한일여자고등학교,김해한일여자고등학교,,9010241,고등학교,경상남도,
