계약번호,계약구분,거래구분,계약명,기관명,공고일,계약일,금액,시도,업체명
S2BA202001140002-E00,입찰(낙찰),용역,2019정읍시지역으뜸인재육성사업(중학교) 드림창의캠프 용역(스키캠프) 입찰 공고(긴급),호남중학교,2020-01-14,2020-01-21,22700000,,유한회사 월드레포츠
S2BA202001300002-A00,입찰(계약),물품,건대부중 컴퓨터실 교육용 PC(일체형) 구매,건국대학교사범대학부속중학교,2020-01-30,2020-02-10,28558500,,더아이티
S2BA202001140004-A00,입찰(계약),물품,예림디자인고 애니메이션과 실습용 그래핏태블릿 구매 견적서제출 공고,예림디자인고등학교,2020-01-14,2020-02-19,41876000,,(주)큐벡스미디어
S2BA202001090001-A01,입찰(낙찰),물품,[재입찰] 2020학년도 다산중학교 교복 구매 입찰 공고,다산중학교,2020-01-10,2020-02-20,292000,,고령교복사
S2BA202004160001-A00,입찰(계약),물품,외식조리과 실습 기자재,동산정보산업고등학교,2020-04-16,2020-05-04,10135850,,비엘커피
S2BA202004140001-A00,입찰(계약),물품,뷰티아트과 1학기 실습 재료,동산정보산업고등학교,2020-04-14,2020-05-07,14006573,,영재마트
S2BA202004230001-A00,입찰(계약),물품,2020학년도 1분기 실험실습재료 구매 소액수의 전자견적 제출 안내 공고,휘경공업고등학교,2020-04-24,2020-05-12,29341404,,에이치필
S2BA202004290002-A01,입찰(낙찰),물품,[재입찰] 2020년 제1차 도서구입 신청,서울고명초등학교,2020-04-29,2020-05-12,7695130,,상암누리문고(구 망원문고)
S2BA202004200001-E00,입찰(계약),물품,서울디지텍고 1분기 실험실습재료소모품 구입 입찰공고,서울디지텍고등학교,2020-04-20,2020-05-18,8872820,,협성산업사
S2BA202005070005-A00,입찰(계약),물품,영천전자고 상반기 실험실습재료 구입,영천전자고등학교,2020-05-08,2020-05-21,17379870,,YK시스템
S2BA202005070004-A00,입찰(계약),물품,영천전자고 명장 공방 기자재구입(전자회로시뮬레이션 및 PCB디자인 소프트웨어),영천전자고등학교,2020-05-08,2020-05-27,21670000,,조아텍(JOA)
S2BA202005170001-A00,입찰(계약),물품,전자기계과 실습기자재 구입,충남기계공업고등학교,2020-05-18,2020-06-03,54000000,,주식회사 프로랩
S2BA202007010001-E00,입찰(계약),물품,보건간호과 실습기자재,동산정보산업고등학교,2020-07-01,2020-07-09,12358450,,비엘코리아
S2BA202007010002-A00,입찰(계약),물품,보건간호과 NCS 기자재,동산정보산업고등학교,2020-07-01,2020-07-27,16965000,,(주)엘케이나비
S2BA202007070002-A00,입찰(계약),물품,전주공고 산학일체형 도제학교 기계과 실습기자재 구입 재공고,전주공업고등학교,2020-07-07,2020-08-05,61976370,,주식회사 다인기술
S2BA202007150002-A00,입찰(계약),물품,특성화고 NCS기반 기계과 실습기자재(범용선반) 구매 입찰 공고,여수공업고등학교,2020-07-16,2020-08-26,59100000,,DS테크
S2BA202010190001-E00,입찰(계약),물품,수서중 이동식 계단겸용 휠체어 리프트 구매설치,수서중학교,2020-10-19,2020-10-26,34950000,,주식회사 비에프코리아
S2BA202011170001-A00,입찰(낙찰),물품,2020학년도 2차 도서 구입,덕원고등학교,2020-11-17,2020-12-03,3270320,,한결서점
S2BA202011200001-A00,입찰(계약),물품,청원고등학교 초중등 온라인 교육인프라 구축사업에 따른 노트북 구매,서울청원고등학교,2020-11-20,2020-12-28,69101000,,주식회사 에스인
S2BA202012160001-A00,입찰(계약),물품,영천전자고 혁신지원사업 드론 축구경기장 구매 및 설치건,영천전자고등학교,2020-12-16,2021-01-13,25702500,,주식회사 마밍
S2BA202101110001-A00,입찰(낙찰),물품,2021학년도 다산중학교 교복 구매 입찰 공고,다산중학교,2021-01-11,2021-02-09,293000,,고령교복사
S2BA202102160001-E00,입찰(계약),물품,정신여고 교사동 교실용 텔레비전(천장형) 구매 입찰 공고,정신여자고등학교,2021-02-16,2021-03-03,62424000,,주식회사 에스인
S2BA202103300001-E00,입찰(계약),물품,서울디지텍고 1분기 실험실습재료 소모품 구입 입찰 공고,서울디지텍고등학교,2021-03-30,2021-04-09,5496280,,협성산업사
S2BA202104280001-E00,입찰(계약),물품,영천전자고 2021학년 상반기 실습재료 구입,영천전자고등학교,2021-04-28,2021-05-17,20976330,,경진
S2BA202105120002-E00,입찰(낙찰),물품,스마트교육실용 데스크탑 컴퓨터 구입,성덕고등학교,2021-05-14,2021-05-25,541200,,(주)한울피앤케이
S2BA202105170001-C00,입찰(계약),물품,[정정] 제2차 교구교재 구입 입찰 정정공고,나성중학교,2021-05-17,2021-05-31,64878000,,다옴
S2BA202105140001-A00,입찰(계약),용역,선하여자중학교 2021년 상하반기 제3종시설물(옹벽) 정기안전점검 용역,선화여자중학교,2021-05-14,2021-06-03,3583460,,조은건설산업(주)
S2BA202106040002-E00,입찰(계약),물품,서울디지텍고 2분기 실험실습재료 소모품 구입 입찰 공고,서울디지텍고등학교,2021-06-04,2021-06-11,4863100,,한빛상사
S2BA202011270001-R00,입찰(계약),물품,[재] 2021학년도 영천전자고 학교주관 교복(동.하복)구매 입찰 공고,영천전자고등학교,2020-11-27,2021-06-16,260850,,스마트영천점
S2BA202107060001-A00,입찰(낙찰),물품,2021학년도 부산형 블렌디드교실 물품(태블릿 PC) 구매,부산해사고등학교,2021-07-06,2021-07-19,38478579,,삼보컴퓨터경산센터 (티지에스)
S2BA202107290002-A00,입찰(계약),물품,메이커스페이스 환경 개선 기자재 확충 구입,미래산업과학고등학교,2021-07-29,2021-08-11,10000000,,창림교구
S2BA202109080001-A00,입찰(낙찰),물품,정남진산업고등학교 기계자동차과 기자재 구입,정남진산업고등학교,2021-09-28,2021-10-07,12000000,,EH 물류 시스템
S2BA202109290002-A00,입찰(계약),물품,영천전자고 하반기 실험실습재료 구매 입찰 공고,영천전자고등학교,2021-09-30,2021-10-22,17614340,,평산상사
S2BA202110140001-E00,입찰(계약),물품,뷰티아트과 건강관리사업 기자재 구입,서울동산고등학교,2021-10-14,2021-10-26,16503141,,(주)국제스쿨
S2BA202110210001-A00,입찰(낙찰),물품,2021학년도 미림여자정보과학고등학교 실험실습재료 및 기자재 수리 소모품 구매 입찰 공고,미림여자정보과학고등학교,2021-10-21,2021-11-08,14393610,,이지프런
S2BA202111020002-A00,입찰(계약),물품,서울디지텍고 전공심화반 실험실습재료 구입 입찰 공고,서울디지텍고등학교,2021-11-02,2021-11-12,6599440,,협성산업사
S2BA202111110004-A00,입찰(계약),물품,2021년도 NCS 학습모듈 스마트기기 구입,미래산업과학고등학교,2021-11-11,2021-11-24,69000000,,다담시스 주식회사
S2BA202110200001-A00,입찰(계약),물품,2021학년도 제2차 도서 구입,대평초등학교,2021-10-20,2021-11-25,19625830,,누리서적
S2BA202111110003-C00,입찰(계약),물품,[정정] 화곡고 학생용 스마트기기(태블릿) 구매 입찰 공고,화곡고등학교,2021-11-11,2021-11-29,60744500,,한결시스템
S2BA202112090002-A00,입찰(낙찰),물품,특수학교 맞춤형수업지원에 따른 악기 구입,광주세광학교,2021-12-09,2021-12-20,5265000,,성호테크
S2BA202112150001-E00,입찰(계약),물품,급식실 자율배식대 구입,서울동산고등학교,2021-12-15,2021-12-23,17613000,,지해윤 주식회사
S2BA202201040001-A00,입찰(계약),물품,충암고 학생용 스마트기기(태블릿)구매 입찰공고,충암고등학교,2022-01-05,2022-01-18,50540700,,주식회사 에스인
S2BA202201270001-A00,입찰(계약),물품,신진과학기술고등학교 학생용 스마트기기(태블릿) 구매,신진과학기술고등학교,2022-01-27,2022-02-09,64263400,,주식회사 에스인
S2BA202202160003-E00,입찰(계약),물품,환일고등학교 체력단련기구 구매 입찰 공고[긴급],환일고등학교,2022-02-16,2022-03-23,56768240,,래미컴퍼니
S2BA202202100001-A00,입찰(계약),물품,영동고 학생용 스마트기기 구입,영동고등학교,2022-02-22,2022-03-28,10969000,,주식회사 빛나는교육
S2BA202204010001-E00,입찰(계약),물품,서울디지텍고 1분기 실습재료소모품 구입 입찰공고,서울디지텍고등학교,2022-04-01,2022-04-11,6765000,,한빛상사
S2BA202206090002-A00,입찰(낙찰),물품,현대고등학교 국토순례 물품제작 구매 업체 선정 입찰 공고,서울현대고등학교,2022-06-09,2022-06-17,26300000,,SJ스포츠
S2BA202206080002-E00,입찰(계약),물품,2021학년도 서문여고 온라인 학습용 기자재태블릿PC) 구매,서문여자고등학교,2022-06-10,2022-06-27,64129600,,주식회사 에스인
S2BA202207200001-A00,입찰(계약),물품,학생용 노트북 및 충전보관함 구매 입찰 공고,동아중학교,2022-07-22,2022-08-02,70860000,,(주)세명시스템
S2BA202209060001-A00,입찰(계약),물품,서울디지텍고등학교 3분기 실습재료소모품 구입 입찰 공고,서울디지텍고등학교,2022-09-06,2022-09-21,6444440,,협성산업사
S2BA202210250001-A00,입찰(낙찰),물품,선정고등학교 과학중점학교 개방형실험실 구축 물품구입,선정고등학교,2022-10-26,2022-11-23,29099999,,오선하이테크(주)
S2BA202211020001-A00,입찰(계약),물품,서울디지텍고등학교 4분기 실습재료소모품 구입 입찰 공고,서울디지텍고등학교,2022-11-02,2022-11-23,5528440,,협성산업사
S2BA202301200001-E00,입찰(계약),물품,신진과학기술고등학교 스마트건설과 직업계고 재구조화 기자재 컴퓨터 구매,신진과학기술고등학교,2023-01-20,2023-01-31,52403890,,주식회사 디엘정보
S2BA202305160001-E00,입찰(계약),물품,서울디지텍고등학교 1분기 실습재료소모품 구입 입찰 공고,서울디지텍고등학교,2023-05-16,2023-05-23,5443680,,주식회사 서화테크
S2BA202305170001-A01,입찰(낙찰),물품,[재입찰] 현대고등학교 국토순례 물품제작 구매 업체 선정 입찰 공고,서울현대고등학교,2023-05-17,2023-06-12,30100000,,SJ스포츠
S2BA202311230001-A00,입찰(낙찰),물품,2023학년도 지능형 과학실 구축을 위한 MBL 무선 센서 구입 공고,호수돈여자중학교,2023-11-23,2023-12-06,22680000,,주식회사 파이브
S2BA202401180001-E00,입찰(낙찰),물품,(긴급) 2023학년도 구미산동고등학교 지능형 과학실 구축 스마트보드(전자칠판) 구입 입찰 공고,구미산동고등학교,2024-01-18,2024-01-31,21935497,,주식회사 아이티에스
S2BA202402070001-A00,입찰(낙찰),물품,2023학년도 호수돈여자고등학교 지능형 과학실 MBL 물품 입찰 공고,호수돈여자고등학교,2024-02-07,2024-02-15,22174000,,원일과학
S2BA202403140001-A00,입찰(낙찰),물품,2024학년도 1학기 학습준비물 구매 공고,서울봉화초등학교,2024-03-14,2024-03-22,5921080,,주식회사 내담오앤씨
S2BA202405200001-A00,입찰(계약),물품,현대고등학교 국토순례 물품제작 구매 업체 선정 입찰 공고,서울현대고등학교,2024-05-21,2024-06-10,28891000,,이엠이컴퍼니
S2BA202409260001-A00,입찰(낙찰),물품,2024학년도 감천초등학교 급식실 급식기구 입찰 공고,예천감천초등학교,2024-09-26,2024-10-04,15903590,,신도물산
S2BA202410080001-A00,입찰(계약),물품,경남간호고등학교 간호실습실 기자재 및 소모품 구입,경남간호고등학교,2024-10-08,2024-10-17,29114900,,태진스포츠산업
S2BA202310250001-A00,입찰(계약),공사,안용중 그린스마트스쿨 리모델링공사 바닥 교체 공사 입찰 공고,화성안용중학교,2023-10-25,2025-01-20,130000000,,주식회사 토템제이앤씨
S2BA202501230001-A00,입찰(계약),물품,태안여자고등학교 직업계고 재구조화 사업 관련 기자재(액정 타블렛) 구입,태안여자고등학교,2025-01-31,2025-02-10,33250000,,삼성컴랜드
S2BA202505210001-A00,입찰(계약),물품,경진고등학교 교육발전특구 실습기자재 구매 소액 수의계약 견적 제출,진주경진고등학교,2025-05-21,2025-06-09,39402000,,아이티즈
S2BA202504080003-A00,입찰(계약),물품,2025학년도 송현여자고등학교 1차 신간 도서 구입 전자 입찰 공고,송현여자고등학교,2025-04-08,2025-07-07,7588360,,제일서점
S2BA202507180001-R00,입찰(계약),물품,[재] 전남여상고 액정태블릿 구입 입찰 공고,전남여자상업고등학교,2025-07-18,2025-07-24,30700000,,프리즘
S2BA202509190001-A00,입찰(계약),물품,경진고등학교 2025년 교육발전특구사업 항공전기전자장비실 실습기자재 구매 소액 수의계약 견적 제출,진주경진고등학교,2025-09-19,2025-10-13,58990000,,(주)새온
S2BA202509300007-A00,입찰(계약),물품,"2026. 수능 대비 마무리 자료집 인쇄,포장,배송(회송불포함) 지명경쟁입찰 공고",경상남도교육청 재정과,2025-10-01,2025-10-17,73945000,,(주)경남신문사
S2BA202509290002-A00,입찰(낙찰),물품,2025학년도 송현여자고등학교 2차 신간 도서 구입 전자 입찰 공고,송현여자고등학교,2025-10-13,2025-10-23,7303640,,베베북
S2BA202512190002-A00,입찰(계약),공사,경진고등학교 근역관(A동) 천장교체석면철거 공사 입찰공고,진주경진고등학교,2025-12-19,2026-02-02,62924000,,일신산업개발(주)
S2BA202604140002-A00,입찰(낙찰),물품,2026학년도 송현여자고등학교 1차 신간 도서 구입 전자 입찰 공고,송현여자고등학교,2026-04-15,2026-04-24,6145500,,경진도서
S2BA202604300001-A00,입찰(낙찰),물품,2026학년도 대구중리초등학교 1차 도서구입 소액수의 견적 제출 안내 공고,대구중리초등학교,2026-05-06,2026-05-14,7198810,,북하우스
S2BA202605070001-A00,입찰(낙찰),물품,2026학년도 제1차 학교도서관 도서구입 소액수의 견적제출 안내 공고,경북여자상업고등학교,2026-05-07,2026-05-18,7510450,,제일시스템
S2BA202604240001-A00,입찰(계약),물품,2026학년도 1학기 대구도림초등학교 도서 구입 전자 입찰 공고,대구도림초등학교,2026-04-24,2026-06-01,4797660,,이노북스
S2BA202608100001-A00,입찰(계약),물품,2026학년도 부산영상예술고 NCS 실험실습 기자재 구입 입찰 공고,부산영상예술고등학교,2026-08-10,2026-08-20,135920000,,(주)광동안전
