학교열쇠,학교명,학교급,시도,주소,등급,방법,위도,경도
7010523,광성하늘빛학교,특수학교,서울,서울특별시 송파구 올림픽로 625,G,주소변환(Nominatim),37.5358378,127.12235
7010575,교남학교,특수학교,서울,서울특별시 강서구 까치산로22길 38,G,주소변환(Nominatim),37.548377,126.8521674
7011317,금천문화예술정보학교,각종학교(고),서울,서울특별시 금천구 남부순환로126길 25,G,주소변환(Nominatim),37.4786565,126.9064674
7011096,꿈타래학교,각종학교(고),서울,서울특별시 관악구 신림로 67,G,주소변환(Nominatim),37.470695,126.9422
7011302,누리학교,특수학교,서울,서울특별시 동작구 상도로 53,G,주소변환(Nominatim),37.5005645,126.9498448
7010459,다니엘학교,특수학교,서울,서울특별시 서초구 헌릉로468길 21-16,O,OSM 같은이름(유일) · 주소변환과 0.4km,37.460424,127.0919421
7010908,리라아트고등학교,고등학교,서울,서울특별시 중구 소파로2길 ,B,공식·이름일치(주소 다름) · 주소변환과 0.1km,37.55711546,126.988252
7010460,밀알학교,특수학교,서울,서울특별시 강남구 일원로 90,G,주소변환(Nominatim),37.4857687,127.0823156
7091429,반포중학교,중학교,서울,서울특별시 서초구 신반포로 67,O,OSM 이름 변형(지역명·분교장 표기 차이) · 주소변환과 0.8km,37.5030261,126.9921856
7010561,서울경운학교,특수학교,서울,서울특별시 종로구 삼일대로 454,G,주소변환(Nominatim),37.5751141,126.9867569
7010519,서울광진학교,특수학교,서울,서울특별시 광진구 강변역로 18,O,OSM 같은이름(유일) · 주소변환과 0.2km,37.5373063,127.0917626
7011483,서울나래학교,특수학교,서울,서울특별시 서초구 염곡안1길 25,O,OSM 같은이름(유일) · 주소변환과 0.2km,37.4635099,127.0517042
1342099,서울농학교,특수학교,서울,서울특별시 종로구 필운대로 103,O,OSM 같은이름(유일) · 주소변환과 0.0km,37.5849123,126.9686585
7011320,서울다솜관광고등학교,각종학교(고),서울,서울특별시 종로구 종로58길 30,O,OSM 같은이름(유일) · 주소변환과 0.1km,37.5719951,127.0176378
7011309,서울다원학교,특수학교,서울,서울특별시 성북구 성북로31길 5-15,G,주소변환(Nominatim),37.5941053,126.9905604
7051121,서울도봉초등학교,초등학교,서울,서울특별시 도봉구 도봉산길 27,B,공식·이름일치(주소 다름) · 주소변환과 0.9km,37.6799617514,127.038288664
7011484,서울도솔학교,특수학교,서울,"(본교) 서울특별시 도봉구 평화로15번길 9-26, (초등) 도봉산길 27",O,OSM 이름 변형(지역명·분교장 표기 차이) · 주소변환과 0.0km,37.6944896,127.0424387
7010582,서울동천학교,특수학교,서울,서울특별시 노원구 노원로18길 41,O,OSM 이름 변형(지역명·분교장 표기 차이) · 주소변환과 0.0km,37.6444011,127.0733772
1342098,서울맹학교,특수학교,서울,서울특별시 종로구 필운대로 97,G,주소변환(Nominatim),37.5846719,126.9674183
7021092,서울면중초등학교,초등학교,서울,서울특별시 중랑구 용마산로70길 43,O,OSM 이름 변형(지역명·분교장 표기 차이) · 주소변환과 0.0km,37.5821223,127.0965428
7091386,서울반포초등학교,초등학교,서울,서울특별시 서초구 신반포로 55-4,O,OSM 같은이름(유일) · 주소변환과 0.9km,37.5028135,126.9911336
7061066,서울보광초등학교,초등학교,서울,서울특별시 용산구 우사단로 20,O,OSM 이름 변형(지역명·분교장 표기 차이) · 주소변환과 0.0km,37.5324087,126.9963271
7010565,서울산업정보학교,각종학교(고),서울,서울특별시 관악구 신림로 67,G,주소변환(Nominatim),37.470695,126.9422
7010464,서울삼성학교,특수학교,서울,서울특별시 동작구 양녕로30길 19-4,O,OSM 같은이름(유일) · 주소변환과 0.1km,37.4991434,126.9461236
7011468,서울새롬학교,특수학교,서울,서울특별시 관악구 보라매로 44,G,주소변환(Nominatim),37.4909459,126.9273116
7011485,서울서진학교,특수학교,서울,서울특별시 강서구 양천로55길 22,O,OSM 같은이름(유일) · 주소변환과 0.1km,37.5652924,126.8502594
7081452,서울신남초등학교,초등학교,서울,서울특별시 양천구 남부순환로83길,B,공식·이름일치(주소 다름) · 주소변환과 0.1km,37.51652866,126.8447962
7011216,서울실용음악고등학교,각종학교(고),서울,서울특별시 중구 퇴계로88가길 8,G,주소변환(Nominatim),37.5624394,127.0232485
7010465,서울애화학교,특수학교,서울,서울특별시 강북구 솔매로52길 31,O,OSM 같은이름(유일) · 주소변환과 0.1km,37.6252147,127.0287236
7011583,서울온라인학교,각종학교(고),서울,서울특별시 성동구 왕십리로 199,O,OSM 같은이름(유일) · 주소변환과 0.0km,37.5554492,127.042175
7091419,서울우면초등학교,초등학교,서울,서울특별시 서초구 태봉로,B,공식·이름일치(주소 다름) · 주소변환과 0.6km,37.4647104685,127.0237894
7021106,서울장평초등학교,초등학교,서울,서울특별시 동대문구 답십리로 ,B,공식·이름일치(주소 다름) · 주소변환과 0.7km,37.5739950231,127.0738909773
7010457,서울정문학교,특수학교,서울,서울특별시 관악구 난향3길 31,O,OSM 같은이름(유일) · 주소변환과 0.0km,37.4616414,126.9164833
7010533,서울정민학교,특수학교,서울,서울특별시 노원구 공릉로58길 24,O,OSM 같은이름(유일) · 주소변환과 0.1km,37.6338929,127.07323
7010520,서울정애학교,특수학교,서울,서울특별시 강남구 봉은사로81길 16,O,OSM 같은이름(유일) · 주소변환과 0.1km,37.5143913,127.0543007
7010521,서울정인학교,특수학교,서울,서울특별시 강북구 인수봉로 119-20,O,OSM 같은이름(유일) · 주소변환과 0.0km,37.630814,127.0119614
7010456,서울정진학교,특수학교,서울,서울특별시 구로구 부일로9길 158,O,OSM 같은이름(유일) · 주소변환과 0.6km,37.4980253,126.8220974
7041254,서울천이초등학교,초등학교,서울,서울특별시 구로구 오류로 30,G,주소변환(Nominatim),37.4863458,126.8404774
7011462,서울효정학교,특수학교,서울,서울특별시 강북구 삼양로63길 33,G,주소변환(Nominatim),37.6273939,127.0170297
7011208,서초문화예술정보학교,각종학교(고),서울,서울특별시 서초구 남부순환로347길 69,O,OSM 같은이름(유일) · 주소변환과 0.1km,37.4876797,127.0297523
7010469,성베드로학교,특수학교,서울,서울특별시 구로구 연동로 320,G,주소변환(Nominatim),37.48859,126.824783
7010858,수도사랑의학교,특수학교,서울,서울특별시 종로구 사직로7길 17,G,주소변환(Nominatim),37.5748025,126.9652401
7081506,신화중학교,중학교,서울,서울특별시 양천구 남부순환로29길 35,O,OSM 같은이름(유일) · 주소변환과 0.0km,37.5406196,126.8301896
7010566,아현산업정보학교,각종학교(고),서울,서울특별시 마포구 마포대로 249,O,OSM 같은이름(유일) · 주소변환과 0.1km,37.5568167,126.9574683
7010966,여명학교,각종학교(고),서울,서울특별시 강서구 허준로 221-22,G,주소변환(Nominatim),37.5652746,126.8535207
7081544,여명학교(중),각종학교(중),서울,서울특별시 강서구 허준로 221-22,G,주소변환(Nominatim),37.5652746,126.8535207
7010859,연세대학교재활학교,특수학교,서울,서울특별시 서대문구 연세로 50,G,주소변환(Nominatim),37.567836,126.9393747
7010098,영등포고등학교,고등학교,서울,서울특별시 동작구 등용로8길 5-13,B,공식·이름일치(주소 다름) · 주소변환과 0.1km,37.5080846,126.9331435
7061109,예원학교,각종학교(중),서울,서울특별시 중구 정동길 25,O,OSM 같은이름(유일) · 주소변환과 0.0km,37.5667604,126.9717083
7011310,오디세이학교,각종학교(고),서울,서울특별시 종로구 종로58길 30,G,주소변환(Nominatim),37.5724151,127.0172695
7010583,은평대영학교,특수학교,서울,서울특별시 은평구 갈현로11길 30,G,주소변환(Nominatim),37.6051764,126.9075044
7011207,은평문화예술정보학교,각종학교(고),서울,서울특별시 은평구 가좌로 208,O,OSM 같은이름(유일) · 주소변환과 1.3km,37.5893329,126.9192234
7010227,이화여자고등학교,고등학교,서울,서울특별시 중구 정동길,B,공식·이름일치(주소 다름) · 주소변환과 0.0km,37.56617664,126.9713244
7031212,인왕중학교,중학교,서울,서울특별시 서대문구 세검정로4길,B,공식·이름일치(주소 다름) · 주소변환과 0.2km,37.59427355,126.9484284
7010567,종로산업정보학교,각종학교(고),서울,서울특별시 종로구 종로58길 28,G,주소변환(Nominatim),37.5723513,127.018234
7010472,주몽학교,특수학교,서울,서울특별시 강동구 상암로 369,G,주소변환(Nominatim),37.5508838,127.125809
7041214,지구촌학교,각종학교(초),서울,서울특별시 구로구 오리로 1189,G,주소변환(Nominatim),37.4889405,126.8350087
7041275,지구촌학교 고등학교,각종학교(고),서울,서울특별시 구로구 오리로 1189,G,주소변환(Nominatim),37.4889405,126.8350087
7041274,지구촌학교 중학교,각종학교(중),서울,서울특별시 구로구 오리로 1189,G,주소변환(Nominatim),37.4889405,126.8350087
7010112,청담고등학교,고등학교,서울,서울특별시 서초구 신반포로23길 66,B,공식·이름일치(주소 다름) · 주소변환과 3.9km 어긋남(이전 여부 확인),37.5280030163,127.0437002434
7011120,학력인정 서울자동차고등학교,평생학교(고)-3년6학기,서울,서울특별시 용산구 백범로45길 15,G,주소변환(Nominatim),37.5415851,126.9589331
7041215,학력인정 서현초등학교,평생학교(초)-3년6학기,서울,서울특별시 영등포구 도신로53길 18,G,주소변환(Nominatim),37.5120798,126.9150175
7011138,학력인정 신동신정보산업고등학교(2년제),평생학교(고)-2년6학기,서울,서울특별시 동작구 동작대로33마길 27-1,G,주소변환(Nominatim),37.4908901,126.9782064
7011118,학력인정 신동신중.정보산업고등학교,평생학교(고)-3년6학기,서울,서울특별시 동작구 동작대로33마길 27-1,G,주소변환(Nominatim),37.4908901,126.9782064
7011139,학력인정 신동신중학교(2년제),평생학교(중)-2년6학기,서울,서울특별시 동작구 동작대로33마길 27-1,G,주소변환(Nominatim),37.4908901,126.9782064
7011140,학력인정 일성여자고등학교(2년제),평생학교(고)-2년6학기,서울,서울특별시 마포구 마포대로11다길 11-6,G,주소변환(Nominatim),37.5494598,126.9486646
7011141,학력인정 일성여자중학교(2년제),평생학교(중)-2년6학기,서울,서울특별시 마포구 마포대로11다길 11-6,G,주소변환(Nominatim),37.5494598,126.9486646
7011122,학력인정 정암미용고등학교(2년제),평생학교(고)-2년6학기,서울,서울특별시 동대문구 왕산로 225,G,주소변환(Nominatim),37.5820199,127.0471489
7011142,학력인정 진형고등학교(2년제),평생학교(고)-2년6학기,서울,서울특별시 종로구 종로 386,G,주소변환(Nominatim),37.5740928,127.0203661
7011143,학력인정 진형중학교(2년제),평생학교(중)-2년6학기,서울,서울특별시 종로구 종로 386,G,주소변환(Nominatim),37.5740928,127.0203661
7011125,학력인정 청량정보고등학교,평생학교(고)-3년6학기,서울,서울특별시 동대문구 답십리로15길 32,G,주소변환(Nominatim),37.577838,127.0475714
7011150,학력인정 청량정보고등학교(2년제),평생학교(고)-2년6학기,서울,서울특별시 동대문구 답십리로15길 32,G,주소변환(Nominatim),37.577838,127.0475714
7011144,학력인정 청암고등학교(2년제),평생학교(고)-2년6학기,서울,서울특별시 노원구 중계로 244,G,주소변환(Nominatim),37.6462131,127.0816428
7011145,학력인정 청암중학교(2년제),평생학교(중)-2년6학기,서울,서울특별시 노원구 중계로 244,G,주소변환(Nominatim),37.6462131,127.0816428
7011148,학력인정 한림실업고등학교(2년제),평생학교(고)-2년6학기,서울,서울특별시 송파구 충민로 172,G,주소변환(Nominatim),37.4848704,127.1334778
7011149,학력인정 한림연예예술고등학교,평생학교(고)-3년6학기,서울,서울특별시 송파구 충민로 172,G,주소변환(Nominatim),37.4848704,127.1334778
7011147,학력인정 한림중학교(2년제),평생학교(중)-2년6학기,서울,서울특별시 송파구 충민로 172,G,주소변환(Nominatim),37.4848704,127.1334778
7011146,학력인정 한림초등학교(4년제),평생학교(초)-3년6학기,서울,서울특별시 송파구 충민로6길 71,G,주소변환(Nominatim),37.4813771,127.1319817
7010473,한국구화학교,특수학교,서울,서울특별시 강동구 고덕로 295-59,G,주소변환(Nominatim),37.5546701,127.1505309
1342102,한국우진학교,특수학교,서울,서울특별시 마포구 월드컵북로38길 21,O,OSM 같은이름(유일) · 주소변환과 0.1km,37.5716409,126.9032985
7010474,한국육영학교,특수학교,서울,서울특별시 송파구 충민로6길 15,O,OSM 같은이름(유일) · 주소변환과 0.3km,37.4817802,127.1324929
7010722,한국제과학교,고등기술학교,서울,서울특별시 영등포구 여의대방로61길 42,G,주소변환(Nominatim),37.5151499,126.9232944
7010578,한빛맹학교,특수학교,서울,서울특별시 강북구 삼양로73가길 47,G,주소변환(Nominatim),37.6288677,127.0164587
local-8437840c6659,(가칭)에코1초등학교,초등학교,부산,부산광역시 북구 백양대로1016번다길 44,G,주소변환(Nominatim),35.1941061,128.9950809
local-917e9d7415eb,(가칭)에코3중학교,중학교,부산,부산광역시 북구 백양대로1016번다길 44,G,주소변환(Nominatim),35.1941061,128.9950809
local-93dec77e25c7,(가칭)일광3초등학교,초등학교,부산,부산광역시 기장군 일광읍 일광로 169,G,주소변환(Nominatim),35.2973003,129.2587708
7201269,가락중학교,중학교,부산,부산광역시 강서구 에코델타2로 24,B,공식·이름일치(주소 다름) · 주소변환과 0.0km,35.1423056947,128.9180233451
7201046,괘법초등학교,초등학교,부산,부산광역시 사상구 사상로161번길 8,O,OSM 같은이름(유일) · 주소변환과 0.1km,35.1598849,128.985982
7181021,대남초등학교,초등학교,부산,부산광역시 남구 황령대로 343번길 9-55,B,공식·이름일치(주소 다름),35.14885579,129.0972346
7201055,대사초등학교,초등학교,부산,부산광역시 강서구 낙동북로 73,B,공식·이름일치(주소 다름) · 주소변환과 4.6km 어긋남(이전 여부 확인),35.2204181114,128.9385486882
7171095,봉래초등학교,초등학교,부산,부산광역시 중구 대영로 226번길 15호,B,공식·이름일치(주소 다름),35.1113951433,129.0355665109
7150281,부산구화학교,특수학교,부산,부산광역시 남구 수영로123번길 54,X,못 찾음,,
7150351,부산국제영화고등학교,고등기술학교,부산,부산광역시 동구 고관로 68,O,OSM 같은이름(유일) · 주소변환과 0.3km,35.124709,129.044407
7150535,부산동암학교,특수학교,부산,부산광역시 연제구 톳고개로 50,O,OSM 같은이름(유일) · 주소변환과 0.1km,35.1808815,129.1018308
7150384,부산두레학교,특수학교,부산,부산광역시 연제구 고분로123번길 13-7,G,주소변환(Nominatim),35.1862373,129.0969223
7150276,부산맹학교,특수학교,부산,부산광역시 동래구 충렬사로67번길 56,O,OSM 같은이름(유일) · 주소변환과 0.1km,35.206699,129.0978048
7150277,부산배화학교,특수학교,부산,부산광역시 수영구 연수로310번길 73,O,OSM 같은이름(유일) · 주소변환과 0.2km,35.1693952,129.1036843
7150238,부산산업학교,각종학교(고),부산,부산광역시 사상구 백양대로768번길 64,G,주소변환(Nominatim),35.175645,128.9909837
7150432,부산성우학교,특수학교,부산,부산광역시 기장군 장안읍 대룡2길 45,X,못 찾음,,
7150376,부산솔빛학교,특수학교,부산,부산 사상구 백양대로 650 부산솔빛학교,X,못 찾음,,
7150673,부산예빛학교,각종학교(고),부산,부산광역시 기장군 일광면 이화로 147,D,"도로 수준(근사, Photon) — 건물을 못 찾아 도로 위치",35.2774353,129.2315517
7150744,부산온라인학교,각종학교(고),부산,부산광역시 북구 의성로47번길 45-4,G,주소변환(Nominatim),35.216559,129.0103017
7150403,부산은애학교,특수학교,부산,부산광역시 금정구 청룡예전로 107,G,주소변환(Nominatim),35.2766262,129.0899052
7150365,부산장안고등학교,고등학교,부산,부산광역시 기장군 장안읍 장안고길 8-16,B,공식·이름일치(주소 다름),35.3187590097,129.2361258074
7150360,부산천사의학교,특수학교,부산,부산광역시 사하구 오작로88번길 30,X,못 찾음,,
7150753,부산한별학교,특수학교,부산,부산광역시 강서구 에코델타5로 32,G,주소변환(Nominatim),35.1510516,128.9176498
7150547,부산한솔학교,특수학교,부산,부산광역시 강서구 명지오션시티2로 86,O,OSM 같은이름(유일) · 주소변환과 0.7km,35.0813559,128.8987321
7150548,부산해마루학교,특수학교,부산,부산광역시 기장군 정관읍 모전로 23,O,OSM 같은이름(유일) · 주소변환과 0.0km,35.340296,129.1658562
7150278,부산혜남학교,특수학교,부산,부산광역시 남구 진남로166번길 10-19,O,OSM 이름 변형(지역명·분교장 표기 차이) · 주소변환과 0.1km,35.1418975,129.0810894
7150279,부산혜성학교,특수학교,부산,부산광역시 남구 진남로166번길 10-9,G,주소변환(Nominatim),35.1414746,129.0804945
7150336,부산혜송학교,특수학교,부산,부산광역시 서구 천마로50번길 1,G,주소변환(Nominatim),35.081743,129.0239428
7150283,부산혜원학교,특수학교,부산,부산광역시 강서구 공항로 1319,G,주소변환(Nominatim),35.2144908,128.9884004
7201238,송정중학교,각종학교(중),부산,부산광역시 강서구 가락대로 230-72,G,주소변환(Nominatim),35.16393,128.8936133
7171071,신선초등학교,초등학교,부산,부산광역시 영도구 산정길 17,G,주소변환(Nominatim),35.0827491,129.0468414
7181048,신연초등학교,초등학교,부산,부산광역시 남구 유엔로35번길 46,X,못 찾음,,
7211063,신재초등학교,초등학교,부산,부산광역시 해운대구 해운대로81번길 81,B,공식·이름일치(주소 다름) · 주소변환과 0.2km,35.1917698776,129.1227741
7201210,신호중학교,중학교,부산,부산광역시 강서구 신호이로 76,B,공식·이름일치(주소 다름),35.082414257,128.8770923685
7201091,신호초등학교,초등학교,부산,부산광역시 강서구 신호이로75번길 12,B,공식·이름일치(주소 다름),35.0819695329,128.8785862265
7181054,연학초등학교,초등학교,부산,부산광역시 부산진구 초읍천로 43번길,B,공식·이름일치(주소 다름),35.1764062827,129.0466199633
7150676,장대현중고등학교,각종학교(고),부산,부산광역시 강서구 신호사로76번길 71,X,못 찾음,,
7201264,장대현중고등학교(중),각종학교(중),부산,부산광역시 강서구 신호산단4로76번길 71,G,주소변환(Nominatim),35.0833156,128.8812215
7191093,장서초등학교,초등학교,부산,부산광역시 금정구 금강로 453,B,공식·이름일치(주소 다름) · 주소변환과 1.9km,35.2480507332,129.0854915475
7150406,학력인정국제금융고등학교,평생학교(고)-3년6학기,부산,부산광역시 사하구 하신중앙로3번길 34,G,주소변환(Nominatim),35.0765127,128.9583101
7150439,학력인정국제금융고등학교(2년제),평생학교(고)-2년6학기,부산,부산광역시 사하구 하신중앙로3번길 34,G,주소변환(Nominatim),35.0765127,128.9583101
7150408,학력인정부경보건고등학교,평생학교(고)-3년6학기,부산,부산광역시 사하구 두송로 53,G,주소변환(Nominatim),35.0711519,128.9858492
7150443,학력인정부경보건고등학교(2년제),평생학교(고)-2년6학기,부산,부산광역시 사하구 두송로 53,G,주소변환(Nominatim),35.0711519,128.9858492
7150436,학력인정부경보건고등학교병설부경중학교(2년제),평생학교(중)-2년6학기,부산,부산광역시 사하구 두송로 53,G,주소변환(Nominatim),35.0711519,128.9858492
7150412,학력인정부산경호고등학교,평생학교(고)-3년6학기,부산,부산광역시 금정구 서금로 91-5,G,주소변환(Nominatim),35.2178378,129.1034874
7150440,학력인정부산경호고등학교(2년제),평생학교(고)-2년6학기,부산,부산광역시 금정구 서금로 91-5,G,주소변환(Nominatim),35.2178378,129.1034874
7150599,학력인정부산예원고등학교,평생학교(고)-3년6학기,부산,부산광역시 금정구 회천로13번길 60,G,주소변환(Nominatim),35.2256867,129.1143255
7150463,학력인정부산예원고등학교(2년제),평생학교(고)-2년6학기,부산,부산광역시 금정구 회천로13번길 60,G,주소변환(Nominatim),35.2256867,129.1143255
7150464,학력인정부산예원고등학교병설예원여자중학교(2년제),평생학교(중)-2년6학기,부산,부산광역시 금정구 회천로13번길 60,G,주소변환(Nominatim),35.2256867,129.1143255
7150409,학력인정부산조리고등학교,평생학교(고)-3년6학기,부산,부산광역시 사상구 낙동대로1390번길 65,G,주소변환(Nominatim),35.1836932,128.979111
7150740,학력인정부산조리고등학교(2년제),평생학교(고)-2년6학기,부산,부산광역시 사상구 낙동대로1390번길 65,G,주소변환(Nominatim),35.1836932,128.979111
7150400,한국과학영재학교,고등학교,부산,,B,공식·이름일치(주소 다름),35.1652001148,129.0257843961
7150163,혜화여자고등학교,고등학교,부산,부산광역시 동래구 명장로 99,B,공식·이름일치(주소 다름) · 주소변환과 0.8km,35.2031558911,129.11156149
7240197,대구광명학교,특수학교,대구,대구광역시 남구 성당로50길 33,G,주소변환(Nominatim),35.8550094,128.576578
7271057,대구남부초등학교,초등학교,대구,대구광역시 달서구 야외음악당로 15길,B,공식·이름일치(주소 다름),35.8441230966,128.5524346412
7240172,대구남양학교,특수학교,대구,대구광역시 수성구 무학로37안길 6,G,주소변환(Nominatim),35.8335921,128.6290271
7240198,대구덕희학교,특수학교,대구,대구광역시 남구 성당로50길 33,G,주소변환(Nominatim),35.8550094,128.576578
7240199,대구보건학교,특수학교,대구,대구광역시 남구 성당로50길 33,G,주소변환(Nominatim),35.8550094,128.576578
7240200,대구보명학교,특수학교,대구,대구광역시 남구 성당로50길 33,G,주소변환(Nominatim),35.8550094,128.576578
8862036,대구부계초등학교석산캠퍼스,초등학교,대구,대구광역시 군위군 삼국유사면 삼국유사로 1314,D,"도로 수준(근사, Photon) — 건물을 못 찾아 도로 위치",36.1281191,128.7803553
7240201,대구선명학교,특수학교,대구,대구광역시 동구 팔공산로 225,G,주소변환(Nominatim),35.9601318,128.6956879
7240173,대구성보학교,특수학교,대구,대구광역시 북구 동북로71길 9-45,G,주소변환(Nominatim),35.8900245,128.6284665
7240361,대구세명학교,특수학교,대구,대구광역시 달서구 새방로 62,O,OSM 같은이름(유일) · 주소변환과 0.4km,35.8632498,128.5243301
7240202,대구영화학교,특수학교,대구,대구광역시 남구 성당로50길 33,G,주소변환(Nominatim),35.8550094,128.576578
7240395,대구예담학교,각종학교(고),대구,대구광역시 달서구 구마로21길 36,O,OSM 같은이름(유일) · 주소변환과 0.0km,35.8394141,128.5400494
7240451,대구예아람학교,특수학교,대구,대구광역시 달성군 옥포읍 비슬로 1934,G,주소변환 — OSM 같은이름은 3.7km 떨어져 버림,35.7911379,128.4735207
7240496,대구온라인학교,각종학교(고),대구,대구광역시 서구 달구벌대로 1747-1,G,주소변환(Nominatim),35.8622524,128.5721394
8862013,대구우보초등학교,초등학교,대구,대구광역시 군위군 우보면 이화길 95,O,OSM 이름 변형(지역명·분교장 표기 차이) · 주소변환과 0.0km,36.1950274,128.6608188
7240455,대구이룸고등학교,특수학교,대구,대구광역시 북구 복현로8길 16-54,G,주소변환(Nominatim),35.8962326,128.6255506
7240463,대구해올고등학교,특수학교,대구,대구광역시 달서구 야외음악당로 42,G,주소변환(Nominatim),35.8559087,128.5627378
8862007,의흥중학교,중학교,대구,대구광역시 군위군 의흥면 읍내길 89-32,G,주소변환(Nominatim),36.1742738,128.7217795
7240270,학력인정한남중미용정보고등학교,평생학교(고)-2년6학기,대구,대구광역시 달성군 화원읍 비슬로 2614-18,D,도로 수준(근사) — 건물번호를 못 찾아 도로 위치,35.8059821,128.5057034
7240277,학력인정한남중학교,평생학교(중)-2년6학기,대구,대구광역시 달성군 화원읍 비슬로 2614-18,D,도로 수준(근사) — 건물번호를 못 찾아 도로 위치,35.8059821,128.5057034
7240276,한남중미용정보고등학교,평생학교(고)-3년6학기,대구,대구광역시 달성군 화원읍 비슬로 2614-18,D,도로 수준(근사) — 건물번호를 못 찾아 도로 위치,35.8059821,128.5057034
local-0b4326d465e1,검단3고등학교(설립예정),고등학교,인천,인천광역시 검단구 고산후로310번길 16,X,못 찾음,,
7310629,결마루미래학교,각종학교(고),인천,인천광역시 남동구 문화로169번길 73,G,주소변환(Nominatim),37.4553712,126.6967521
local-3833171b73a5,결마루미래학교(중),각종학교(중),인천,인천광역시 남동구 문화로169번길 73,G,주소변환(Nominatim),37.4553712,126.6967521
7341279,구월여자중학교부설방송통신중학교,방송통신중학교,인천,인천광역시 남동구 성말로13번길 78,H,본교(구월여자중학교) 좌표,37.4485455406,126.7027391481
local-6fa0a11c5fd9,미단초등학교(개교예정),초등학교,인천,인천광역시 영종구 예단포3로 2,G,주소변환(Nominatim),37.5295472,126.5060574
7310338,미추홀학교,특수학교,인천,인천광역시 남동구 수현로136번길 16,O,OSM 같은이름(유일) · 주소변환과 0.1km,37.464905,126.7399469
7310075,서인천고등학교,고등학교,인천,인천광역시 서해구 서곶로 587,B,공식·이름일치(주소 다름) · 주소변환과 1.0km,37.5610834397,126.6757710234
7310630,세계로국제중고등학교,각종학교(고),인천,인천광역시 남동구 논현고잔로 215,G,주소변환(Nominatim),37.3860522,126.7110693
local-16f99698310c,세계로국제중고등학교(중),각종학교(중),인천,인천광역시 남동구 논현고잔로 215,G,주소변환(Nominatim),37.3860522,126.7110693
7351069,승영중학교,중학교,인천,인천광역시 강화군 삼산면 삼산북로 473,B,공식·이름일치(주소 다름) · 주소변환과 1.7km,37.7016753181,126.3187693328
7310055,연평고등학교,고등학교,인천,인천광역시 옹진군 연평면 연평로 137번길,B,공식·이름일치(주소 다름),37.66412851,125.70102328
7321079,연평중학교,중학교,인천,인천광역시 옹진군 연평면 연평로 137번길,B,공식·이름일치(주소 다름),37.6641242093,125.70102328
7310083,인성여자고등학교,고등학교,인천,인천광역시 제물포구 홍예문로 39 인성여자고등학교 (22315),B,공식·이름일치(주소 다름),37.4739458,126.624248
7361341,인천검단가온중학교,중학교,인천,인천광역시 검단구 동화시로 122,G,주소변환(Nominatim),37.6091811,126.6964444
7361337,인천검단호수초등학교,초등학교,인천,인천광역시 검단구 독정로324번길 26,B,공식·이름일치(주소 다름),37.6088514397,126.6834777203
7321238,인천달빛초등학교,초등학교,인천,인천광역시 영종구 은하수로 124,B,공식·이름일치(주소 다름) · 주소변환과 6.1km 어긋남(이전 여부 확인),37.4839703836,126.502062156
7310245,인천산업정보학교,각종학교(고),인천,인천광역시 제물포구 금창로 31,O,OSM 같은이름(유일) · 주소변환과 0.1km,37.4718246,126.6410511
7310555,인천서희학교,특수학교,인천,인천광역시 검단구 독정로 44-4,O,OSM 같은이름(유일) · 주소변환과 0.4km,37.5841198,126.6830556
7310152,인천성동학교,특수학교,인천,인천광역시 부평구 경인로 880,G,주소변환 — OSM 같은이름은 3.1km 떨어져 버림,37.4832493,126.7540153
7310150,인천연일학교,특수학교,인천,인천광역시 연수구 함박뫼로 208,O,OSM 같은이름(유일) · 주소변환과 0.0km,37.4204931,126.6884557
7310154,인천예림학교,특수학교,인천,인천광역시 부평구 동수로 87,G,주소변환(Nominatim),37.4858309,126.7373111
7310620,인천온라인학교,각종학교(고),인천,인천광역시 부평구 굴포로 59,G,주소변환(Nominatim),37.5117309,126.7288405
7310642,인천운남고등학교,고등학교,인천,인천광역시 영종구 찬들로284번길 30,B,공식·이름일치(주소 다름) · 주소변환과 0.1km,37.48314685,126.5419036
7321236,인천윤슬초등학교,초등학교,인천,인천광역시 영종구 영종대로278번길 27,B,공식·이름일치(주소 다름) · 주소변환과 0.1km,37.48426206,126.5020588
7310155,인천은광학교,특수학교,인천,인천광역시 부평구 마분로 8,G,주소변환(Nominatim),37.4851139,126.7380237
7310151,인천인혜학교,특수학교,인천,인천광역시 계양구 장제로 1304,O,OSM 같은이름(유일) · 주소변환과 1.0km,37.5785082,126.7317654
local-c4b2a5d7537e,인천정화초등학교(개교예정),초등학교,인천,인천광역시 서해구 서곶로 144,G,주소변환(Nominatim),37.5701223,126.6765741
7321065,인천주안남초등학교승봉분교장,초등학교,인천,인천광역시 옹진군 자월면 승봉로67번길 43-18,O,OSM 이름 변형(지역명·분교장 표기 차이),37.1706501,126.2967955
7310446,인천청담고등학교,각종학교(고),인천,인천광역시 연수구 앵고개로 132,G,주소변환(Nominatim),37.4086206,126.6468228
7310474,인천청선학교,특수학교,인천,인천광역시 남동구 인주대로914번길 16,G,주소변환(Nominatim),37.4457741,126.7382373
7310477,인천청인학교,특수학교,인천,인천광역시 미추홀구 숙골로135번길 14,O,OSM 같은이름(유일) · 주소변환과 0.1km,37.4738985,126.6588195
7310156,인천혜광학교,특수학교,인천,인천광역시 부평구 경인로769번길 27,G,주소변환(Nominatim),37.4786281,126.7096157
7310387,학력인정남인천고등학교,평생학교(고)-3년6학기,인천,인천광역시 미추홀구 매소홀로418번길 14-57,G,주소변환(Nominatim),37.4392344,126.6670712
7310394,학력인정남인천고등학교(2년제),평생학교(고)-2년6학기,인천,인천광역시 미추홀구 매소홀로418번길 14-57,G,주소변환(Nominatim),37.4392344,126.6670712
7310392,학력인정남인천고등학교병설남인천중학교(2년제),평생학교(중)-2년6학기,인천,인천광역시 미추홀구 매소홀로418번길 14-57,G,주소변환(Nominatim),37.4392344,126.6670712
7310476,학력인정인천생활예술고등학교,평생학교(고)-3년6학기,인천,인천광역시 부평구 부흥북로24번길 4,G,주소변환(Nominatim),37.5007742,126.7247218
7310065,학익고등학교,고등학교,인천,"인천광역시 미추홀구 한나루로 358, 23-22",B,공식·이름일치(주소 다름) · 주소변환과 2.0km,37.43903057,126.6633844
7140364,광주선광학교,특수학교,광주,전남광주통합특별시 광산구 목련로394번길 60-3,O,OSM 같은이름(유일) · 주소변환과 0.0km,35.1825684,126.8361461
7140365,광주선명학교,특수학교,광주,전남광주통합특별시 남구 서문대로749번마길 2,O,OSM 이름 변형(지역명·분교장 표기 차이) · 주소변환과 0.0km,35.1258356,126.8927451
7140387,광주선우학교,특수학교,광주,전남광주통합특별시 북구 모룡대길 61,O,OSM 같은이름(유일) · 주소변환과 0.4km,35.2162825,126.8940817
7140366,광주세광학교,특수학교,광주,전남광주통합특별시 서구 유덕로 177,G,주소변환(Nominatim),35.1663404,126.8431025
7140396,광주자동화설비마이스터고등학교,고등학교,광주,전남광주통합특별시 광산구 사암로92번길,B,공식·이름일치(주소 다름) · 주소변환과 0.4km,35.1500209356,126.8140920884
7140391,광주푸른꿈창작학교,고등학교,광주,전남광주통합특별시 남구 서문대로749번길 12,G,주소변환(Nominatim),35.1261011,126.895627
7140385,금호미용예술학교,고등기술학교,광주,전남광주통합특별시 북구 동운로 167-5,G,주소변환(Nominatim),35.1735265,126.8713775
7140382,돈보스코학교,고등학교,광주,전남광주통합특별시 남구 서문대로749번마길 12,G,주소변환(Nominatim),35.124506,126.8932052
7140395,빛고을온학교,각종학교(고),광주,전남광주통합특별시 남구 서문대로749번마길 12,G,주소변환(Nominatim),35.124506,126.8932052
7140384,새날학교,고등학교,광주,전남광주통합특별시 광산구 평동로 29,G,주소변환(Nominatim),35.1244913,126.7092939
7140397,선예학교,특수학교,광주,전남광주통합특별시 광산구 선암1로 7,O,OSM 같은이름(유일) · 주소변환과 0.0km,35.1472184,126.782517
7402222,신가초등학교,초등학교,광주,전남광주통합특별시 광산구 신가로40번길 21,X,못 찾음,,
7140400,용연학교,중학교,광주,전남광주통합특별시 광산구 왕버들로322번길 6,O,OSM 같은이름(유일) · 주소변환과 0.0km,35.1945294,126.8417497
7402269,월광기독학교,각종학교(초),광주,전남광주통합특별시 서구 염화로 23-20,G,주소변환(Nominatim),35.1358718,126.8719241
7140367,은혜학교,특수학교,광주,전남광주통합특별시 북구 앰코로 127,G,주소변환(Nominatim),35.2331881,126.8500244
7392166,참미르초등학교,초등학교,광주,전남광주통합특별시 북구 거진길41번길 41-6,O,OSM 같은이름(유일) · 주소변환과 0.1km,35.2187893,126.8701367
7402190,효광초등학교,초등학교,광주,전남광주통합특별시 서구 광천2길 33,O,OSM 같은이름(유일) · 주소변환과 0.0km,35.1666514,126.879723
7402322,효천중학교,중학교,광주,전남광주통합특별시 남구 서문대로 402,B,공식·이름일치(주소 다름) · 주소변환과 1.6km,35.10204636,126.8831279194
7430281,대전가원학교,특수학교,대전,대전광역시 서구 계백로 1095,G,주소변환(Nominatim),36.3153537,127.3857092
7451081,대전둔원초등학교,초등학교,대전,대전광역시 서구 대덕대로 112-10,B,공식·이름일치(주소 다름) · 주소변환과 0.2km,36.3430904725,127.3749798914
7430110,대전맹학교,특수학교,대전,대전광역시 동구 은어송로 95,O,OSM 같은이름(유일) · 주소변환과 0.0km,36.3091523,127.4583475
7441065,대전목동초등학교,초등학교,대전,대전광역시 중구 목중로 19번길,B,공식·이름일치(주소 다름),36.3357672822,127.4112156666
7430322,대전산업정보고등학교,각종학교(고),대전,대전광역시 서구 괴정로 191,G,주소변환(Nominatim),36.3331318,127.3907852
7430112,대전성세재활학교,특수학교,대전,대전광역시 유성구 유성대로298번길 175,X,못 찾음,,
7430357,대전온라인학교,각종학교(고),대전,대전광역시 대덕구 덕암북로22번길 105,G,주소변환(Nominatim),36.4437314,127.4220711
7430113,대전원명학교,특수학교,대전,대전광역시 대덕구 대화1길 2,O,OSM 같은이름(유일) · 주소변환과 0.3km,36.366485,127.413099
7430349,대전해든학교,특수학교,대전,대전광역시 대덕구 대청로 232,G,주소변환(Nominatim),36.4489528,127.454614
7430111,대전혜광학교,특수학교,대전,대전광역시 동구 은어송로 111,O,OSM 같은이름(유일) · 주소변환과 0.0km,36.3098457,127.4593646
7430368,새로남기독중고등학교(고등학교),각종학교(고),대전,대전광역시 서구 둔산대로117번길 12,G,주소변환(Nominatim),36.3697482,127.3817754
7430367,새로남기독중고등학교(중학교),각종학교(중),대전,대전광역시 서구 둔산대로117번길 12,G,주소변환(Nominatim),36.3697482,127.3817754
7430330,새소리음악고등학교,각종학교(고),대전,대전광역시 서구 변동중로 24-2,G,주소변환(Nominatim),36.3295908,127.3767759
7430331,새소리음악중학교,각종학교(중),대전,대전광역시 서구 변동중로 24-2,G,주소변환(Nominatim),36.3295908,127.3767759
7430341,학력인정 대전시립중고등학교,평생학교(고)-2년6학기,대전,대전광역시 동구 동대전로144번길 47,G,주소변환(Nominatim),36.333759,127.4485868
7430342,학력인정 대전시립중학교,평생학교(중)-2년6학기,대전,대전광역시 동구 동대전로144번길 47,G,주소변환(Nominatim),36.333759,127.4485868
7491151,농소중학교,중학교,울산,울산광역시 북구 호계7길 13,B,공식·이름일치(주소 다름) · 주소변환과 1.0km,35.631297573,129.3545552584
7480054,메아리학교,특수학교,울산,울산광역시 북구 갓안1길 8,O,OSM 같은이름(유일) · 주소변환과 0.0km,35.6660356,129.340458
7501255,서사초등학교,초등학교,울산,울산광역시 울주군 범서읍 서사별빛1로 62,B,공식·이름일치(주소 다름),35.5924964082,129.2718855
7480142,울산강남고등학교,고등학교,울산,울산광역시 남구 팔등로 115,B,공식·이름일치(주소 다름) · 주소변환과 0.5km,35.549042557,129.3192236839
7501019,울산강남중학교,중학교,울산,울산광역시 남구 돋질로 325번길,B,공식·이름일치(주소 다름),35.5458873299,129.341502894
7480256,울산고운고등학교,각종학교(고),울산,울산광역시 울주군 두서면 구량차리로 16,D,"도로 수준(근사, Photon) — 건물을 못 찾아 도로 위치",35.6292752,129.1292382
7480244,울산고운중학교,각종학교(중),울산,울산광역시 울주군 두서면 구량차리로 16,D,"도로 수준(근사, Photon) — 건물을 못 찾아 도로 위치",35.6292752,129.1292382
7480110,울산과학고등학교,고등학교,울산,울산광역시 울주군 상북면 도동신리로,B,공식·이름일치(주소 다름) · 주소변환과 1.1km,35.598641453,129.1015713457
7480200,울산행복학교,특수학교,울산,울산광역시 울주군 언양읍 언양로 594,D,"도로 수준(근사, Photon) — 건물을 못 찾아 도로 위치",35.5522587,129.1746399
7480255,울산혜인학교,특수학교,울산,울산광역시 중구 북부순환도로 777,O,OSM 같은이름(유일) · 주소변환과 0.0km,35.5744656,129.3372936
7501064,월봉초등학교,초등학교,울산,울산광역시 남구 팔등로 115,B,공식·이름일치(주소 다름) · 주소변환과 0.4km,35.5480784034,129.3188594094
7480055,태연학교,특수학교,울산,울산광역시 북구 대안4길 60,G,학교이름 검색(Nominatim),35.6371171,129.4315287
9300188,세종누리학교,특수학교,세종,세종특별자치시  만남로 326-14,O,OSM 같은이름(유일) · 주소변환과 0.0km,36.5253464,127.2429649
9300331,세종늘벗학교,각종학교(대안학교),세종,세종특별자치시 조치원읍 내창천로 52,G,주소변환(Nominatim),36.6033129,127.2856442
9300317,세종이음학교,특수학교,세종,세종특별자치시  집현부강로 15,O,OSM 같은이름(유일) · 주소변환과 0.0km,36.5003769,127.3372852
9300025,조치원대동초등학교,초등학교,세종,세종특별자치시 조치원읍 대동학교길 ,B,공식·이름일치(주소 다름) · 주소변환과 0.1km,36.5969550577,127.2941193447
7652166,건원초등학교,초등학교,경기,경기도 구리시 동구릉로 80,B,공식·이름일치(주소 다름) · 주소변환과 4.3km 어긋남(이전 여부 확인),37.6040586786,127.137578491
7741109,경기새울학교,각종학교(중),경기,경기도 이천시 율면 금율로862번길 231-20,X,못 찾음,,
7531602,경기오산소프트웨어고등학교,고등학교,경기,경기도 오산시 죽담4로 18,G,주소변환(Nominatim),37.1672401,127.047093
7530860,경은학교,특수학교,경기,경기도 남양주시 별내면 송산로 679,G,주소변환(Nominatim),37.7062852,127.1148178
7530410,계명고등학교,평생학교(고)-3년6학기,경기,경기도 수원시 장안구 장안로496번길 88,O,OSM 같은이름(유일) · 주소변환과 0.2km,37.3210301,126.9714144
7530869,계명고등학교(2년제),평생학교(고)-2년6학기,경기,경기도 수원시 장안구 장안로496번길 88,G,주소변환(Nominatim),37.3202794,126.9736305
7692004,고골초등학교,초등학교,경기,경기도 하남시 대성로 90,O,OSM 같은이름(유일) · 주소변환과 1.2km,37.5182928,127.1977259
7531360,고양송암고등학교,평생학교(고)-3년6학기,경기,경기도 고양시 일산동구 고봉로531번길 67-13,O,OSM 같은이름(유일),37.7058576,126.7791017
7531360,고양송암고등학교(2년제),평생학교(고)-2년6학기,경기,경기도 고양시 일산동구 고봉로531번길 67-13,O,OSM 같은이름(유일),37.7058576,126.7791017
7731019,곡수초등학교,초등학교,경기,경기도 양평군 지평면 곡수길 56,B,공식·이름일치(주소 다름),37.4184872212,127.6113777233
7541339,곡정초등학교,초등학교,경기,경기도 수원시 권선구 곡선로 7번,B,공식·이름일치(주소 다름),37.24086034,127.02569
7591015,광명광덕초등학교,초등학교,경기,경기도 광명시 오리로 841,B,공식·이름일치(주소 다름) · 주소변환과 0.4km,37.4739336733,126.8659323
7621331,광성드림학교,각종학교(중),경기,경기도 고양시 일산서구 하이파크로 161,O,OSM 같은이름(유일) · 주소변환과 0.0km,37.7038885,126.7578181
7531400,광성드림학교(고),각종학교(고),경기,경기도 고양시 일산서구 하이파크로 161,G,주소변환(Nominatim),37.7038905,126.7577143
7531271,광주새롬학교,특수학교,경기,경기도 광주시 초월읍 경수길 25,G,"주소변환(Photon, 도로명·번호 일치)",37.4190294,127.2870389
7781166,군서미래국제학교,각종학교(중),경기,경기도 시흥시 봉우재로37번길 5,O,OSM 같은이름(유일) · 주소변환과 0.0km,37.3460855,126.7435607
7781177,군서미래국제학교(초),각종학교(초),경기,경기도 시흥시 봉우재로37번길 5,G,주소변환(Nominatim),37.3460856,126.7435607
7681028,금신초등학교,초등학교,경기,경기도 파주시 마음밭길 70,B,공식·이름일치(주소 다름) · 주소변환과 0.1km,37.7683590394,126.7702710024
7751416,기흥중학교,중학교,경기,경기도 용인시 기흥구 기곡로 1-28,D,도로 수준(근사) — 건물번호를 못 찾아 도로 위치,37.2496618,127.100182
local-ed7b022211a9,남양2중학교(개교예정),중학교,경기,경기도 오산시 북삼미로 119,G,주소변환(Nominatim),37.1860277,127.0615475
7652045,남양주양지초등학교,초등학교,경기,경기도 남양주시 오남읍 진건오남로 808번길,B,공식·이름일치(주소 다름),37.6990874478,127.2064926978
7631067,내기초등학교신영분교장,초등학교,경기,경기도 평택시 포승읍 신영새싹길 86-29,D,"도로 수준(근사, Photon) — 건물을 못 찾아 도로 위치",36.9536282,126.8780205
7531372,노비따스음악중고등학교,각종학교(고),경기,경기도 가평군 설악면 한서로 210번길 325,G,주소변환(Nominatim),37.6433262,127.5213672
7531254,다원학교,특수학교,경기,경기도 이천시 부발읍 부발중앙로46번길 21,X,못 찾음,,
7531604,다율고등학교,고등학교,경기,경기도 파주시 청암로 140,G,주소변환(Nominatim),37.7308912,126.7365814
7551058,대원초등학교,초등학교,경기,경기도 성남시 중원구 희망로343번길 24,O,OSM 이름 변형(지역명·분교장 표기 차이),37.4368696,127.1554217
7621299,덕이중학교,중학교,경기,경기도 고양시 일산서구 하이파크3로,B,공식·이름일치(주소 다름) · 주소변환과 0.5km,37.6921876926,126.7549202193
7621326,도래울초등학교,초등학교,경기,경기도 고양시 덕양구 도래울3로,B,공식·이름일치(주소 다름) · 주소변환과 0.2km,37.6317385836,126.870579069
7530424,동방학교,특수학교,경기,경기도 평택시 소사1길 33,G,학교이름 검색(Nominatim),36.9919105,127.1250955
7692082,동부중학교,중학교,경기,경기도 하남시 신평로,B,공식·이름일치(주소 다름) · 주소변환과 1.3km,37.534117891,127.2030918194
7692087,동성고등공민학교,고등공민학교,경기,경기도 하남시 광암로148번길 67,X,못 찾음,,
7541075,동수원초등학교,초등학교,경기,경기도 수원시 영통구 동수원로 455,B,공식·이름일치(주소 다름) · 주소변환과 0.1km,37.26956799,127.0405267548
7530425,동현학교,특수학교,경기,경기도 광주시 곤지암읍 광여로 555-55,G,주소변환(Nominatim),37.3585626,127.3744234
7531603,마루고등학교,고등학교,경기,경기도 오산시 탑동1길 67,X,못 찾음,,
7541059,매향중학교,중학교,경기,경기도 수원시 팔달구 매향삼일로 16,B,공식·이름일치(주소 다름),37.2857583273,127.0192070222
7530509,명현학교,특수학교,경기,경기도 고양시 덕양구 세솔로 138,O,OSM 같은이름(유일),37.6559697,126.8841574
7530426,명혜학교,특수학교,경기,경기도 안산시 상록구 해안로 865,O,OSM 같은이름(유일),37.2839778,126.8403466
7531609,모두학교,특수학교,경기,경기 안성시 보개면 보개원삼로 1001,G,주소변환(Nominatim),37.0614809,127.2979406
7681238,물향기초등학교,초등학교,경기,경기도 파주시 물향기1로 15,B,공식·이름일치(주소 다름) · 주소변환과 0.2km,37.71118163,126.7255462
7692122,미사강변초등학교,초등학교,경기,경기도 하남시 미사강변북로 55번길,B,공식·이름일치(주소 다름),37.5758242462,127.1860041358
7679535,바른중학교,중학교,경기,경기도 화성시 동탄구 동탄신리천로9길 67,O,OSM 같은이름(유일),37.1818064,127.1379525
7561025,발곡초등학교,초등학교,경기,경기도 의정부시 동일로454번길,B,공식·이름일치(주소 다름) · 주소변환과 0.2km,37.727243099,127.0724604487
7530427,밝은학교,특수학교,경기,경기도 고양시 일산서구 대화로37번길 104-9,G,주소변환(Nominatim),37.6672326,126.7221765
7781192,배곧라라초등학교,초등학교,경기,경기도 시흥시 서울대학로 249,B,공식·이름일치(주소 다름) · 주소변환과 1.4km,37.3693389,126.7230306179
7561026,배영초등학교,초등학교,경기,경기도 의정부시 가능로 135,B,공식·이름일치(주소 다름) · 주소변환과 0.6km,37.7481941581,127.0465848145
7652250,별가람중학교,중학교,경기,경기도 남양주시 별내3로 ,B,공식·이름일치(주소 다름) · 주소변환과 0.1km,37.6591240247,127.1225367093
7681241,별하람중학교,중학교,경기,경기 파주시 가람로 121,G,주소변환(Nominatim),37.7387716,126.7654689
7751081,보라초등학교,초등학교,경기,경기도 용인시 기흥구 금화로 105,B,공식·이름일치(주소 다름),37.2639580976,127.1072221
7530940,복정고등학교,고등학교,경기,경기도 성남시 수정구 남위례로 93,B,공식·이름일치(주소 다름),37.4615283263,127.1372793983
7530659,부천상록학교,특수학교,경기,경기도 부천시 길주로 574,G,주소변환(Nominatim),37.5031556,126.7764977
7530415,부천실업고등학교,평생학교(고)-3년6학기,경기,경기도 부천시 오정로211번길 35-29,O,OSM 같은이름(유일) · 주소변환과 0.0km,37.5279965,126.7814647
7530428,부천혜림학교,특수학교,경기,경기도 부천시 경인로304번길 26,G,주소변환(Nominatim),37.4807507,126.7900957
7631034,비전초등학교,초등학교,경기,경기도 평택시 비전1로 57번길,B,공식·이름일치(주소 다름),37.0015900682,127.0907770538
7781198,산현중학교,중학교,경기,경기도 시흥시 목감남서로 68,B,공식·이름일치(주소 다름) · 주소변환과 0.1km,37.3750598123,126.8462127092
7531427,삼일고등학교,고등학교,경기,경기도 수원시 팔달구 매향삼일로 20,B,공식·이름일치(주소 다름),37.2863839311,127.0196791201
7530335,삼일공업고등학교,고등학교,경기,경기도 수원시 팔달구 매향삼일로 32,B,공식·이름일치(주소 다름),37.2855447349,127.0205554465
7679536,새동중학교,중학교,경기,경기도 화성시 만세구 남양읍 남양중앙로 391,G,주소변환(Nominatim),37.2034471,126.8212368
7531140,새솔학교,특수학교,경기,경기도 김포시 김포한강3로 315,G,주소변환(Nominatim),37.6405222,126.6558908
7530429,새얼학교,특수학교,경기,경기도 파주시 법원읍 술이홀로1333번길 69-1,X,못 찾음,,
7679534,서봉초등학교,초등학교,경기,경기도 화성시 향남읍 상신하길로195번길,B,공식·이름일치(주소 다름),37.1108896798,126.9071893073
7530430,성광학교,특수학교,경기,경기도 하남시 신장로55번길 71,O,OSM 같은이름(유일) · 주소변환과 0.0km,37.5323863,127.2106977
7551046,성남제일초등학교,초등학교,경기,경기도 성남시 중원구 광명로 184,B,공식·이름일치(주소 다름),37.4389067635,127.1496107297
7530422,성남혜은학교,특수학교,경기,경기도 성남시 수정구 희망로518번길 8,G,주소변환(Nominatim),37.4503779,127.1531003
7530528,성문고등학교,고등학교,경기,경기도 안양시 만안구 성문길 1,B,공식·이름일치(주소 다름),37.3798430757,126.9246852221
7569075,성문중학교,중학교,경기,경기도 안양시 만안구 성문길 1,B,공식·이름일치(주소 다름),37.3798430757,126.9246852221
7530431,성심학교,특수학교,경기,경기도 오산시 독산성로 140-24,O,OSM 같은이름(유일) · 주소변환과 2.3km,37.1771497,127.0170021
7530423,성은학교,특수학교,경기,경기도 성남시 분당구 돌마로 866,G,"주소변환(Photon, 도로명·번호 일치)",37.4093118,127.144467
7781015,소래초등학교,초등학교,경기,경기도 시흥시 호현로 27번길,B,공식·이름일치(주소 다름),37.4426153107,126.7846566022
7530170,소명여자고등학교,고등학교,경기,경기도 부천시 원미구 부일로 571번길,B,공식·이름일치(주소 다름),37.4878229819,126.7913100326
7531112,송민학교,특수학교,경기,경기도 의정부시 민락로 262,O,OSM 같은이름(유일) · 주소변환과 0.0km,37.7456357,127.1071654
7530432,수원서광학교,특수학교,경기,경기도 수원시 장안구 장안로 517,D,도로 수준(근사) — 건물번호를 못 찾아 도로 위치,37.3109007,126.9872035
7681239,숲노을초등학교,초등학교,경기,경기도 파주시 초롱꽃로 61,B,공식·이름일치(주소 다름),37.71272985,126.7110615
7531516,쉐마글로벌학교(고),각종학교(고),경기,경기도 양주시 은현면 화합로1080번길 184-50,G,주소변환(Nominatim),37.8488082,127.0277694
7531515,쉐마글로벌학교(중),각종학교(중),경기,경기도 양주시 은현면 화합로1080번길 184-50,G,주소변환(Nominatim),37.8488082,127.0277694
7531514,쉐마글로벌학교(초),각종학교(초),경기,경기도 양주시 은현면 화합로1080번길 184-50,G,주소변환(Nominatim),37.8488082,127.0277694
7761124,신나는학교,각종학교(중),경기,경기도 안성시 보개면 복평길 18,X,못 찾음,,
7531405,신나는학교(고),각종학교(고),경기,경기도 안성시 보개면 복평길 18,X,못 찾음,,
7621024,신능중학교,중학교,경기,경기도 고양시 덕양구 충장로 ,B,공식·이름일치(주소 다름) · 주소변환과 4.7km 어긋남(이전 여부 확인),37.61956704,126.8354976922
7531528,신동고등학교,고등학교,경기,경기도 화성시 동탄신동 2길 5,B,공식·이름일치(주소 다름),37.17559214,127.1366328
7531607,신양고등학교,고등학교,경기,경기도 김포시 양촌읍 양곡3로 57,G,주소변환(Nominatim),37.6605801,126.6370002
7621314,신원중학교,중학교,경기,경기도 고양시 덕양구 신원2로,B,공식·이름일치(주소 다름) · 주소변환과 0.7km,37.66750838,126.8877767711
7631011,신한중학교,중학교,경기,경기도 평택시 신한1길 ,B,공식·이름일치(주소 다름) · 주소변환과 0.2km,36.99356942,127.1044176634
7692192,신현초등학교,초등학교,경기,경기도 광주시 오포읍 신현로12번길,B,공식·이름일치(주소 다름),37.3568190575,127.1473060538
7531111,아름학교,특수학교,경기,경기도 수원시 영통구 광교로 32,O,OSM 같은이름(유일),37.2851158,127.0397197
7530506,안양상업고등학교,평생학교(고)-3년6학기,경기,경기도 안양시 만안구 냉천로 38,D,도로 수준(근사) — 건물번호를 못 찾아 도로 위치,37.3974568,126.9193494
7530870,안양상업고등학교(2년제),평생학교(고)-2년6학기,경기,경기도 안양시 만안구 냉천로 38,D,도로 수준(근사) — 건물번호를 못 찾아 도로 위치,37.3974568,126.9193494
7530635,안양해솔학교,특수학교,경기,경기도 안양시 만안구 호암로30번길 61,O,OSM 같은이름(유일) · 주소변환과 0.1km,37.4346991,126.9131666
7692030,양벌초등학교,초등학교,경기,경기도 광주시 양벌동 290-20,B,공식·이름일치(주소 다름),37.3794627836,127.2561851407
local-f9be03feedaa,양주2고(개교예정),고등학교,경기,경기도 양주시 고덕로 15,G,주소변환(Nominatim),37.8020807,127.0749238
7531326,양주도담학교,특수학교,경기,경기도 양주시 옥정서로5길 121,O,OSM 같은이름(유일) · 주소변환과 0.2km,37.8338715,127.0810453
7530434,에바다학교,특수학교,경기,경기도 평택시 진위면 하북4길 129-23,O,OSM 같은이름(유일) · 주소변환과 0.0km,37.1128545,127.0665518
7530278,여주자영농업고등학교,고등학교,경기,경기도 여주시 세종대왕면 농도원1길 76,B,공식·이름일치(주소 다름),37.2960284243,127.6211937022
7541035,영신중학교,중학교,경기,경기도 수원시 권선구 삼천병마로 1566-30,B,공식·이름일치(주소 다름) · 주소변환과 0.4km,37.2419091277,126.9669823443
7679087,오산초등학교,초등학교,경기,경기도 오산시 고을1길 27,G,학교이름 검색(Nominatim),37.1447167,127.0500355
7531605,오포고등학교,고등학교,경기,경기도 광주시 태성3로 35,G,주소변환(Nominatim),37.3748519,127.2291224
7692237,오포중학교,중학교,경기,경기도 광주시 오포로 877,G,주소변환(Nominatim),37.358025,127.2173325
7602154,옥정호수초등학교,초등학교,경기, 경기도 양주시 옥정동 1044,B,공식·이름일치(주소 다름) · 주소변환과 1.2km,37.82329418,127.0999516
7530996,용인강남학교,특수학교,경기,경기도 용인시 기흥구 강남동로140번길 1-7,O,OSM 같은이름(유일),37.2774214,127.1352686
7531392,용인다움학교,특수학교,경기,경기도 용인시 처인구 백옥대로1191번길 162,O,OSM 같은이름(유일),37.2509899,127.1998226
7751410,용인초당초등학교,초등학교,경기,경기도 용인시 기흥구 동백중앙로 78,G,주소변환(Nominatim),37.2674857,127.1567241
7621082,용정초등학교,초등학교,경기,경기도 고양시 덕양구 은빛로17번길 ,B,공식·이름일치(주소 다름) · 주소변환과 0.1km,37.6385487471,126.829704657
7531600,용죽고등학교,고등학교,경기,경기도 평택시 용죽2로 100,O,OSM 같은이름(유일) · 주소변환과 0.4km,36.9965079,127.1259357
7681242,운정중앙중학교,중학교,경기,경기도 파주시 물향기1로 140,G,주소변환(Nominatim),37.7123865,126.7266683
7681240,운정중앙초등학교,초등학교,경기,경기도 파주시 물향기1로 141,B,공식·이름일치(주소 다름) · 주소변환과 1.0km,37.72139193,126.7273512
7541141,원일초등학교,초등학교,경기,경기도 수원시 영통구 중부대로448번길 84번지,O,OSM 같은이름(유일),37.3324554,126.8037485
7551331,위례해솔초등학교,초등학교,경기,경기도 성남시 수정구 남위례로 131,G,학교이름 검색(Nominatim),37.4609724,127.1399547
7530202,율곡고등학교,고등학교,경기,경기도 파주시 법원읍 사임당로 905,B,공식·이름일치(주소 다름) · 주소변환과 3.9km 어긋남(이전 여부 확인),37.849383396,126.8811345
7531396,의왕정음학교,특수학교,경기,경기도 의왕시 벌모루길 74,G,주소변환(Nominatim),37.3948168,126.9921023
7541330,이의초등학교,초등학교,경기,경기도 수원시 영통구 법조로 150,B,공식·이름일치(주소 다름),37.293076714,127.0756898013
7530436,인덕학교,특수학교,경기,경기도 광주시 사기막길95번길 59,G,주소변환(Nominatim),37.4123809,127.2295633
7530987,자운학교,특수학교,경기,경기도 파주시 교하로 220,O,OSM 같은이름(유일) · 주소변환과 2.3km,37.7189831,126.7423932
7530437,자혜학교,특수학교,경기,경기도 수원시 권선구 수봉로 47,D,도로 수준(근사) — 건물번호를 못 찾아 도로 위치,37.2646887,126.9768742
7701025,전곡초등학교적동분교장(폐교),초등학교,경기,경기도 연천군 전곡읍 첫마을길 17,G,주소변환(Nominatim),37.9479009,126.9775177
7761010,죽산중학교,중학교,경기,경기도 안성시 죽산면 죽산향교길 54-40,B,공식·이름일치(주소 다름) · 주소변환과 0.1km,37.0820284872,127.4248873171
7531295,중앙예닮학교,각종학교(고),경기,경기도 용인시 수지구 포은대로 91-19,G,주소변환(Nominatim),37.2986875,127.0615164
7531606,진덕고등학교,고등학교,경기,경기도 용인시 처인구 고림로186번길 93,X,못 찾음,,
7531276,진영고등학교,평생학교(고)-3년6학기,경기,경기도 부천시 호현로387번길 41,O,OSM 이름 변형(지역명·분교장 표기 차이) · 주소변환과 0.1km,37.4719712,126.7901768
7530871,진영고등학교(2년제),평생학교(고)-2년6학기,경기,경기도 부천시 호현로 387번길 41,D,"도로 수준(근사, Photon) — 건물을 못 찾아 도로 위치",37.4723636,126.7910932
7581039,진영중학교,평생학교(중)-2년6학기,경기,경기도 부천시 은성로2번길 60,G,주소변환(Nominatim),37.4738084,126.7910935
7781106,진영초등학교,평생학교(초)-4년12학기,경기,경기도 시흥시 포도원로 39,G,주소변환(Nominatim),37.4354374,126.7868004
local-632c2aeb1e60,진접1중(202803신설예정),중학교,경기,경기도 남양주시 경춘로 520,G,주소변환(Nominatim),37.6083772,127.1622697
local-2022ab15ea76,진접1초(202803신설예정),초등학교,경기,경기도 남양주시 경춘로 520,G,주소변환(Nominatim),37.6083772,127.1622697
7530510,창인학교,특수학교,경기,경기도 양평군 단월면 백동길 92,D,"도로 수준(근사, Photon) — 건물을 못 찾아 도로 위치",37.5381301,127.6865517
7530130,퇴계원고등학교,고등학교,경기,경기도 남양주시 퇴계원읍 퇴계원로 ,B,공식·이름일치(주소 다름) · 주소변환과 1.6km,37.6603944,127.1450751088
7621293,티엘비유글로벌학교(중),각종학교(중),경기,경기도 고양시 덕양구 내유길 231,D,도로 수준(근사) — 건물번호를 못 찾아 도로 위치,37.7192362,126.8531497
7621292,티엘비유글로벌학교(초),각종학교(초),경기,경기도 고양시 덕양구 내유길 231,D,도로 수준(근사) — 건물번호를 못 찾아 도로 위치,37.7192362,126.8531497
7631296,평안초등학교,초등학교,경기,경기도 평택시 진위면 삼남로 834,G,학교이름 검색(Nominatim),37.0556984,127.0913377
7530132,평택고등학교,고등학교,경기,경기도 평택시 평택2로 101,B,공식·이름일치(주소 다름) · 주소변환과 1.7km,36.98973504,127.1083222536
7531371,하늘꿈중고등학교,각종학교(고),경기,경기도 성남시 수정구 성남대로1518번길 11,G,주소변환(Nominatim),37.4656641,127.1277542
7551269,하늘꿈중고등학교(중),각종학교(중),경기,경기도 성남시 수정구 성남대로1518번길 11,G,주소변환(Nominatim),37.4656641,127.1277542
1342101,한국경진학교,특수학교,경기,경기도 고양시 일산동구 일산로 341,G,주소변환(Nominatim),37.6653018,126.7825544
1342100,한국선진학교,특수학교,경기,경기도 안산시 상록구 이호로 113,O,OSM 같은이름(유일),37.2878171,126.8692078
7531048,한길학교,특수학교,경기,경기도 안성시 고삼면 행복길 25,O,OSM 같은이름(유일),37.0844862,127.2645044
7530440,한사랑학교,특수학교,경기,경기도 광주시 초월읍 산수로554번길 59-12,X,못 찾음,,
7530540,한우리학교,특수학교,경기,경기도 화성시 정남면 관항길 243,D,도로 수준(근사) — 건물번호를 못 찾아 도로 위치,37.1799265,126.9643207
7692238,한홀중학교,중학교,경기,경기도 하남시 조정대로 115,O,OSM 같은이름(유일) · 주소변환과 0.0km,37.5539857,127.1914665
7530511,해원학교,특수학교,경기,경기도 화성시 장안면 은골길30번길 43,O,OSM 같은이름(유일),37.0904764,126.8369914
7531010,향일고등학교,고등학교,경기,경기도 화성시 향남읍 행정중앙2로 28 향일고등학교,B,공식·이름일치(주소 다름),37.129286242,126.9178965945
7741046,호법초등학교,초등학교,경기,경기도 이천시 호법면 이섭대천로 537,B,공식·이름일치(주소 다름) · 주소변환과 0.5km,37.2245282676,127.4264713305
7531601,호연고등학교,고등학교,경기,경기도 화성시 동탄구 동탄대로1길 56,O,OSM 같은이름(유일),37.1616535,127.0992834
7530442,홀트학교,특수학교,경기,경기도 고양시 일산서구 탄현로 42,O,OSM 같은이름(유일) · 주소변환과 0.0km,37.6966678,126.7715044
7531253,화성나래학교,특수학교,경기,경기도 화성시 동탄대로10길 11,O,OSM 같은이름(유일) · 주소변환과 0.3km,37.1761761,127.1066679
7679097,화성장안초등학교석포분교장,초등학교,경기,경기도 화성시 장안면 버들로 1201-9,D,"도로 수준(근사, Photon) — 건물을 못 찾아 도로 위치",37.079315,126.8096764
7531000,화요일아침예술학교,각종학교(고),경기,경기도 연천군 전곡읍 양원로268번길 106-125,X,못 찾음,,
7569051,화창초등학교,초등학교,경기,경기도 안양시 만안구 양화로 217,B,공식·이름일치(주소 다름),37.4121265288,126.9035094425
7602160,회암중학교,중학교,경기,경기도 양주시 옥정서로5길 27-19,O,OSM 같은이름(유일) · 주소변환과 0.0km,37.8341669,127.0871849
local-92030aae0f08,회천4중(개교예정),중학교,경기,경기도 양주시 고덕로 15,G,주소변환(Nominatim),37.8020807,127.0749238
7602161,회천새봄초등학교,초등학교,경기,경기도 양주시 회천로 377,G,주소변환(Nominatim),37.8303846,127.0588512
7530541,희망학교,특수학교,경기,경기도 의정부시 진등로11번길 9-2,G,주소변환(Nominatim),37.7590396,127.0319762
7801212,강릉오성학교,특수학교,강원,강원특별자치도 강릉시 송정길 43,O,OSM 같은이름(유일) · 주소변환과 0.2km,37.7788511,128.9314318
7801098,강릉제일고등학교부설방송통신고등학교,방송통신고등학교,강원,강원도 강릉시 화부산로8번길 37,H,본교(강릉제일고등학교) 좌표,37.7601326156,128.8897642
7801213,강원명진학교,특수학교,강원,강원특별자치도 춘천시 충열로 60,G,주소변환(Nominatim),37.9172919,127.7404574
7801232,강원온라인학교,각종학교(고),강원,강원특별자치도 원주시 지정면 송정로 2-1,G,주소변환(Nominatim),37.3881416,127.8601598
7812112,남춘천중학교부설방송통신중학교,방송통신중학교,강원,강원도 춘천시 충혼길 51,H,본교(남춘천중학교) 좌표,37.860536112,127.7210883772
7882055,내면중학교,중학교,강원,강원특별자치도 홍천군 내면 구룡령로 5176,B,공식·이름일치(주소 다름) · 주소변환과 12.1km 어긋남(이전 여부 확인),37.7664659982,128.3877386038
7882028,노천초등학교,각종학교(초),강원,강원도 홍천군 영귀미면 공작산로 1220,G,주소변환(Nominatim),37.6724047,128.0222474
7801220,동해해솔학교,특수학교,강원,강원특별자치도 동해시 부곡5길 14,G,학교이름 검색(Nominatim),37.538078,129.1102335
7892020,둔내초등학교,초등학교,강원,강원특별자치도 횡성군 둔내면 둔내로 47,B,공식·이름일치(주소 다름) · 주소변환과 0.5km,37.513426778,128.2179228649
7801129,묵호고등학교부설방송통신고등학교,방송통신고등학교,강원,강원도 동해시 승지로 37,H,본교(묵호고등학교) 좌표,37.53776167,129.0957467188
7801219,봉대가온학교,특수학교,강원,강원특별자치도 원주시 봉대길 33,O,OSM 같은이름(유일) · 주소변환과 0.0km,37.3319768,127.9938025
7801149,설악고등학교부설방송통신고등학교,방송통신고등학교,강원,강원도 속초시 청대로 219,H,본교(설악고등학교) 좌표,38.1852130608,128.573333823
7801214,속초청해학교,특수학교,강원,강원특별자치도 속초시 동해대로4511번길 32,O,OSM 같은이름(유일) · 주소변환과 0.5km,38.219314,128.5604902
7822111,신평초등학교,초등학교,강원,강원특별자치도 원주시 지정면,B,공식·이름일치(주소 다름) · 주소변환과 4.6km 어긋남(이전 여부 확인),37.3849121433,127.8923524
7952027,용하중학교,중학교,강원,강원특별자치도 양구군 국토정중앙면 정중앙로 658번길 ,B,공식·이름일치(주소 다름),38.111393899,128.0391744995
7801165,원주고등학교부설방송통신고등학교,방송통신고등학교,강원,강원도 원주시 치악로 1765,H,본교(원주고등학교) 좌표,37.3400783269,127.9558179917
7822152,원주중학교부설방송통신중학교,방송통신중학교,강원,강원도 원주시 치악로 1724,H,본교(원주중학교) 좌표,37.3375842385,127.9591067432
7801215,원주청원학교,특수학교,강원,강원특별자치도 원주시 원문로137번길 34,O,OSM 같은이름(유일) · 주소변환과 0.0km,37.3542118,127.9294953
7822141,육민관중학교,중학교,강원,강원특별자치도 원주시 흥업면 남원로 111,B,공식·이름일치(주소 다름) · 주소변환과 1.2km,37.3093635675,127.9184855026
7801216,춘천계성학교,특수학교,강원,강원특별자치도 춘천시 후만로24번길 45,O,OSM 같은이름(유일) · 주소변환과 0.4km,37.8712371,127.7517728
7801217,춘천동원학교,특수학교,강원,강원특별자치도 춘천시 신북읍 상천1길,O,OSM 같은이름(유일),37.9316633,127.7885222
7801189,춘천여자고등학교부설방송통신고등학교,방송통신고등학교,강원,강원도 춘천시 동면 만천양지길 95,H,본교(춘천여자고등학교) 좌표,37.8884898904,127.7635403168
7801218,태백라온학교,특수학교,강원,강원특별자치도 태백시 금천길 179,G,주소변환(Nominatim),37.1058779,129.0015692
7852027,태백중학교,중학교,강원,강원특별자치도 태백시 장성로 265,B,공식·이름일치(주소 다름) · 주소변환과 0.4km,37.1038632744,129.0220119246
7801210,학력인정 한국YMCA원주고등학교,평생학교(고)-3년6학기,강원,강원도 원주시 서원대로 234,G,주소변환(Nominatim),37.3410523,127.9356903
7801211,학력인정 한국YMCA원주고등학교(야간),평생학교(고)-2년6학기,강원,강원도 원주시 서원대로 234,G,주소변환(Nominatim),37.3410523,127.9356903
7822153,학력인정 한국YMCA원주중학교(야간),평생학교(중)-2년6학기,강원,강원도 원주시 서원대로 234,G,주소변환(Nominatim),37.3410523,127.9356903
7882066,해밀학교,각종학교(중),강원,강원특별자치도 홍천군 남면 남노일로 720-8,G,주소변환(Nominatim),37.6494881,127.7720302
local-89736afea6dd,(가칭)오송2고등학교,고등학교,충북,충청북도 청주시 흥덕구 오송읍 오송생명12로 102-24,G,주소변환(Nominatim),36.6232609,127.3169497
local-89ef13b2867f,(가칭)지북초등학교,초등학교,충북,충청북도 청주시 상당구 남일면 단재로 466-9,G,주소변환(Nominatim),36.6069038,127.5005579
local-2508aff6d8a2,(가칭)혁신중학교,중학교,충북,충청북도 진천군 덕산읍 여안로 8,D,"도로 수준(근사, Photon) — 건물을 못 찾아 도로 위치",36.9102997,127.5310845
local-f9b128c569f8,(가칭)혁신초등학교,초등학교,충북,충청북도 진천군 덕산읍 여안로 8,D,"도로 수준(근사, Photon) — 건물을 못 찾아 도로 위치",36.9102997,127.5310845
8000279,글로벌선진학교,각종학교(고),충북,충청북도 음성군 원남면 원중로 406-9,G,주소변환(Nominatim),36.8758739,127.6487276
8000197,꽃동네학교,특수학교,충북,충청북도 음성군 맹동면 원중로1119번길 42,X,못 찾음,,
8011343,다다예술학교,각종학교(중),충북,충청북도 청주시 상당구 낭성면 단재로 1794,G,학교이름 검색(Nominatim),36.5920723,127.611302
8000552,다다예술학교(고),각종학교(고),충북,충청북도 청주시 상당구 낭성면 단재로 1794,D,"도로 수준(근사, Photon) — 건물을 못 찾아 도로 위치",36.5881448,127.6060984
8000550,단재고등학교,각종학교(고),충북,충청북도 청주시 상당구 가덕면 계산은행로 12,G,주소변환(Nominatim),36.5625673,127.5595315
8000532,목도나루학교,각종학교(고),충북,충청북도 괴산군 불정면 한불로청덕1길 50-15,X,못 찾음,,
8051006,보은여자중학교,중학교,충북,충청북도 보은군 보은읍 보은로,B,공식·이름일치(주소 다름) · 주소변환과 0.6km,36.4947201267,127.7161032825
8000155,숭덕학교,특수학교,충북,충청북도 충주시 충원대로 490,G,주소변환 — OSM 같은이름은 7.5km 떨어져 버림,37.0374049,127.9272573
8000520,은여울고등학교,각종학교(고),충북,충청북도 진천군 문백면 농다리로 536-43,G,주소변환(Nominatim),36.7826115,127.4564775
8081050,은여울중학교,각종학교(중),충북,충청북도 진천군 문백면 농다리로 536-45,G,주소변환(Nominatim),36.7826115,127.4564775
8000533,이은학교,특수학교,충북,충청북도 청주시 청원구 1순환로 62,G,주소변환(Nominatim),36.661804,127.5082412
8061024,증약초등학교대정분교장,초등학교,충북,충청북도 옥천군 군북면 방아실길 3-2,O,OSM 같은이름(유일),36.3893935,127.5385666
8000385,청암학교,특수학교,충북,충청북도 제천시 의병대로45길 58,X,못 찾음,,
8000157,청주맹학교,특수학교,충북,충청북도 청주시 상당구 영운로 122-1,O,OSM 같은이름(유일) · 주소변환과 0.5km,36.6261898,127.4964825
8000158,청주성신학교,특수학교,충북,충청북도 청주시 흥덕구 서부로 837-42,O,OSM 같은이름(유일) · 주소변환과 1.7km,36.5980513,127.3989287
8000159,청주혜원학교,특수학교,충북,충청북도 청주시 상당구 중고개로248번길 25,O,OSM 같은이름(유일) · 주소변환과 0.1km,36.6264308,127.5112243
8000160,청주혜화학교,특수학교,충북,충청북도 청주시 서원구 남이면 구암길 52-7,O,OSM 같은이름(유일),36.5920664,127.4099763
8000161,충주성모학교,특수학교,충북,충청북도 충주시 방아길 48-9,G,주소변환(Nominatim),36.9478807,127.9376425
8000164,충주성심학교,특수학교,충북,충청북도 충주시 봉현로 261,G,주소변환(Nominatim),36.9772316,127.9170075
8000378,충주혜성학교,특수학교,충북,충청북도 충주시 노은면 감노로 1057,G,주소변환(Nominatim),37.0452815,127.7608304
8092016,칠성중학교,중학교,충북,충청북도 괴산군 칠성면 사평길 28,B,공식·이름일치(주소 다름),36.78567499,127.8623911
8092037,칠성초등학교,초등학교,충북,충청북도 괴산군 칠성면 사평길 28,B,공식·이름일치(주소 다름),36.78564178,127.8623577
8000215,학력인정 예일미용고등학교,평생학교(고)-2년6학기,충북,충청북도 청주시 상당구 교동로3번길 103,G,주소변환(Nominatim),36.6382535,127.4906939
7003851,한국교원대학교부설고등학교,고등학교,충북,충청북도 청주시 흥덕구 강내면 태성탑연로,B,공식·이름일치(주소 다름) · 주소변환과 0.8km,36.6056651998,127.3573246773
8000375,한국폴리텍다솜고등학교,각종학교(고),충북,충청북도 제천시 원강저로 94,O,OSM 같은이름(유일) · 주소변환과 0.6km,37.1118777,128.2194222
8140174,공주정명학교,특수학교,충남,충청남도 공주시 장척로 116-14,O,OSM 같은이름(유일) · 주소변환과 0.0km,36.4852608,127.1789673
C036093,국립공주대학교사범대학부설특수학교,특수학교,충남,충청남도 공주시 우금티로 753,G,주소변환(Nominatim),36.451684,127.1338515
8140343,금산하이텍고등학교,고등학교,충남,충청남도 금산군 진산면 대둔산로,B,공식·이름일치(주소 다름) · 주소변환과 0.8km,36.1423491877,127.3738609293
8140199,나사렛새꿈학교,특수학교,충남,충청남도 천안시 서북구 월봉로 48,G,주소변환(Nominatim),36.7965657,127.119535
8222008,논산여자중학교,중학교,충남,충청남도 논산시 중앙로 347,B,공식·이름일치(주소 다름) · 주소변환과 1.3km,36.1951858954,127.0916518664
8140464,당진꿈나래학교,특수학교,충남,충청남도 당진시 합덕읍 면천로 1590,G,주소변환(Nominatim),36.812626,126.7653363
8261081,대동초등학교,초등학교,충남,,X,못 찾음,,
8181025,동방초등학교,초등학교,충남,충청남도 아산시 배방읍 휴대안길 10,O,OSM 이름 변형(지역명·분교장 표기 차이),36.7793123,127.1142754
8140503,드림중고등학교,각종학교(고),충남,충청남도 천안시 동남구 충절로 535-31,G,주소변환(Nominatim),36.777287,127.1802353
local-55b37fb44d19,드림중고등학교(중),각종학교(중),충남,충청남도 천안시 동남구 충절로 459,G,주소변환(Nominatim),36.76961,127.277888
8140176,보령정심학교,특수학교,충남,충청남도 보령시 주교면 보령북로 404,D,"도로 수준(근사, Photon) — 건물을 못 찾아 도로 위치",36.3565273,126.5876343
8241005,서면중학교,중학교,충남,충청남도 서천군 서면 서인로777번길,B,공식·이름일치(주소 다름),36.1534886186,126.5497377338
8140198,서산성봉학교,특수학교,충남,충청남도 서산시 성연면 명천1길 181-16,G,학교이름 검색(Nominatim),36.8339299,126.5002725
8291031,서정초등학교,초등학교,충남,충청남도 당진시 신평면 거산3거리길 ,B,공식·이름일치(주소 다름) · 주소변환과 0.3km,36.88036049,126.7553747
8181112,석곡초등학교,초등학교,충남,,X,못 찾음,,
8140266,설화고등학교,고등학교,충남,충청남도 아산시 배방읍 용연로 ,B,공식·이름일치(주소 다름),36.7880329335,127.0922408714
8140388,성광온누리학교,특수학교,충남,충청남도 논산시 성동면 병촌길 89,O,OSM 같은이름(유일),36.192358,127.012113
8291034,송산초등학교,초등학교,충남,,B,공식·이름일치(주소 다름),36.93193222,126.6791646
8151056,신계초등학교,초등학교,충남,충청남도 천안시 동남구 목천읍 천정1길 243,B,공식·이름일치(주소 다름),36.76851662,127.2021965343
8181033,신광초등학교,초등학교,충남,충청남도 아산시 서부북로 933-10,B,공식·이름일치(주소 다름) · 주소변환과 0.2km,36.78920487,126.969444
8261079,신리초등학교,초등학교,충남,충청남도 홍성군 홍북읍 의향로 133,B,공식·이름일치(주소 다름) · 주소변환과 34.4km 어긋남(이전 여부 확인),36.7866289187,127.0238741087
8181174,아산갈산중학교,중학교,충남,충청남도 아산시 탕정면 이순신대로 512,B,공식·이름일치(주소 다름) · 주소변환과 0.4km,36.79541831,127.0597607568
8140257,아산성심학교,특수학교,충남,충청남도 아산시 선장면 아산만로 368,O,OSM 같은이름(유일) · 주소변환과 1.7km,36.7762888,126.8632468
8181186,아산윤슬중학교,중학교,충남,충청남도 아산시 탕정면 매곡천길 143,D,"도로 수준(근사, Photon) — 건물을 못 찾아 도로 위치",36.7867254,127.0737107
8181185,아산윤슬초등학교,초등학교,충남,충청남도 아산시 탕정면 선문로254번길 98,D,"도로 수준(근사, Photon) — 건물을 못 찾아 도로 위치",36.8113597,127.0961904
8140512,아산한여울학교,특수학교,충남,충청남도 아산시 배방읍 휴대안길 81-3,D,"도로 수준(근사, Photon) — 건물을 못 찾아 도로 위치",36.7771776,127.116099
8140361,여해학교,각종학교(중),충남,충청남도 아산시 염치읍 현충사길 93,G,학교이름 검색(Nominatim),36.806851,127.0258046
8222010,연무중학교,중학교,충남,충청남도 논산시 연무읍 연무로 160,B,공식·이름일치(주소 다름) · 주소변환과 0.7km,36.1312663963,127.0937494842
8140465,예산꿈빛학교,특수학교,충남,충청남도 예산군 봉산면 하평1길 38,O,OSM 같은이름(유일),36.7170578,126.6834261
8181113,월천초등학교,초등학교,충남,,X,못 찾음,,
8181183,이순신초등학교,초등학교,충남,충청남도 아산시 배방읍 동방로 130,B,공식·이름일치(주소 다름),36.7816471206,127.0994876053
8181013,인주중학교,중학교,충남,충청남도 아산시 인주면 영인산로 ,B,공식·이름일치(주소 다름) · 주소변환과 1.0km,36.867281922,126.8933977281
8261083,주촌중학교,중학교,충남,,X,못 찾음,,
8261080,주촌초등학교,초등학교,충남,,X,못 찾음,,
8140458,천안늘해랑학교,특수학교,충남,충청남도 천안시 동남구 병천면 유관순길 86,D,"도로 수준(근사, Photon) — 건물을 못 찾아 도로 위치",36.7501787,127.3145919
8140175,천안인애학교,특수학교,충남,충청남도 천안시 서북구 성거읍 봉주로 229,G,주소변환(Nominatim),36.8782202,127.1629385
8151084,천안중앙초등학교,초등학교,충남,충청남도 천안시 동남구 영성로 73,O,OSM 같은이름(유일) · 주소변환과 0.0km,36.8051167,127.149113
8140457,충남다사랑학교,각종학교(고),충남,충청남도 아산시 둔포면 아산밸리동로 247,O,OSM 같은이름(유일) · 주소변환과 0.0km,36.916471,127.0671306
8140497,충남온라인학교,각종학교(고),충남,충청남도 예산군 봉산면 하평1길 44,X,못 찾음,,
8140169,풀무농업고등기술학교,고등기술학교,충남,충청남도 홍성군 홍동면 광금남로699번길 22-33,O,OSM 같은이름(유일),36.5643644,126.6889594
8140509,한국미래문화고등학교,고등학교,충남,충청남도 서천군 서천읍 화금서길 55,G,주소변환(Nominatim),36.0799733,126.7007246
8140163,홍성고등학교부설방송통신고등학교,방송통신고등학교,충남,충청남도 홍성군 홍북면 홍학로 49,H,본교(홍성고등학교) 좌표,36.65004305,126.6726490532
8261041,홍주초등학교,초등학교,충남,충청남도 홍성군 홍북읍 신대로 63,B,공식·이름일치(주소 다름) · 주소변환과 1.4km,36.65195297,126.6765242
8342079,군산내흥초등학교,초등학교,전북,전북특별자치도 군산시 패총로 38,B,공식·이름일치(주소 다름) · 주소변환과 0.3km,35.9946714706,126.7558460438
8321226,군산명화학교,특수학교,전북,전북특별자치도 군산시 상나운1길 37,O,OSM 같은이름(유일) · 주소변환과 0.2km,35.9657844,126.6905302
8321125,남성고등학교,고등학교,전북,전북특별자치도 익산시 동서로35길 41-4,B,공식·이름일치(주소 다름) · 주소변환과 0.2km,35.956359436,126.9659967138
8321224,다솜학교,특수학교,전북,전북특별자치도 정읍시 정읍남로 1146,G,주소변환(Nominatim),35.5577709,126.843801
8341089,대야초등학교광산분교장,초등학교,전북,전라북도 군산시 대야면 번영로 1421,G,주소변환(Nominatim),35.9346623,126.8687426
8321274,덕유샘학교,특수학교,전북,전북특별자치도 장수군 계북면 장무로 1326,G,주소변환(Nominatim),35.7931691,127.6207239
8321227,동암차돌학교,특수학교,전북,전북특별자치도 전주시 완산구 천잠로 275,G,주소변환(Nominatim),35.8288051,127.0962021
8372049,사매초등학교,초등학교,전북,전북특별자치도 남원시 사매면 오신2길 7번지,B,공식·이름일치(주소 다름),35.4995326331,127.3604016211
8321228,전북맹아학교,특수학교,전북,전북특별자치도 익산시 서동로46길 41,X,못 찾음,,
8321232,전북온라인학교,각종학교(고),전북,전북특별자치도 김제시 남북2길 25-1,G,주소변환(Nominatim),35.7915275,126.8972058
8321230,전북푸른학교,특수학교,전북,전북특별자치도 완주군 고산면 대아저수로 157-11,D,"도로 수준(근사, Photon) — 건물을 못 찾아 도로 위치",35.9659761,127.2844753
8321229,전북혜화학교,특수학교,전북,전북특별자치도 익산시 덕기길 77,X,못 찾음,,
8321222,전주선화학교,특수학교,전북,전북특별자치도 전주시 완산구 효자로 39,O,OSM 같은이름(유일) · 주소변환과 0.0km,35.8202598,127.0901499
8332175,전주완산서초등학교,초등학교,전북,전북특별자치도 전주시 완산구 안행로 129,B,공식·이름일치(주소 다름) · 주소변환과 0.4km,35.8067646025,127.1336242279
8321221,전주유화학교,특수학교,전북,전북특별자치도 전주시 덕진구 모래내6길 26-16,G,주소변환(Nominatim),35.8344201,127.1454164
8321223,전주은화학교,특수학교,전북,전북특별자치도 전주시 완산구 효자로 28-20,O,OSM 이름 변형(지역명·분교장 표기 차이) · 주소변환과 0.4km,35.8191827,127.0864654
8332238,진북고등공민학교,고등공민학교,전북,전북특별자치도교육청전주시 덕진구 숲정이3길 35,D,"도로 수준(근사, Photon) — 건물을 못 찾아 도로 위치",35.8301163,127.1321264
8321241,학력인정군산평화고등학교,평생학교(고)-2년6학기,전북,전북특별자치도 군산시 오룡로 9,G,주소변환(Nominatim),35.9782474,126.7100688
8342150,학력인정군산평화중학교,평생학교(중)-2년6학기,전북,전북특별자치도 군산시 오룡로 9,G,주소변환(Nominatim),35.9782474,126.7100688
8321243,학력인정남일고등학교,평생학교(고)-2년6학기,전북,전북특별자치도 정읍시 백산감산로 706,X,못 찾음,,
8362100,학력인정남일중학교,평생학교(중)-2년6학기,전북,전북특별자치도 정읍시 감곡면 백산감산로 706,X,못 찾음,,
8362099,학력인정남일초등학교,평생학교(초)-4년12학기,전북,전북특별자치도 정읍시 감곡면 백산감산로 706,X,못 찾음,,
8321217,학력인정인화고등학교,평생학교(고)-2년6학기,전북,전북특별자치도 임실군 오수면 오산2길 19,X,못 찾음,,
8432045,학력인정인화중학교,평생학교(중)-2년6학기,전북,전북특별자치도 임실군 오수면 오산2길 19,X,못 찾음,,
8432035,학력인정인화초등학교,평생학교(초)-4년12학기,전북,전북특별자치도 임실군 오수면 오산2길 19,X,못 찾음,,
8321242,학력인정전북특별자치도립여성고등학교,평생학교(고)-3년6학기,전북,전북특별자치도 전주시 덕진구 송천중앙로 70,G,주소변환(Nominatim),35.8505663,127.1197684
8332241,학력인정전북특별자치도립여성중학교,평생학교(중)-3년6학기,전북,전북특별자치도 전주시 덕진구 송천중앙로 70,G,주소변환(Nominatim),35.8505663,127.1197684
8321225,한울학교,특수학교,전북,전북특별자치도 남원시 이백면 이백로 315,O,OSM 같은이름(유일) · 주소변환과 2.1km,35.4254018,127.4416667
8512033,경호초등학교,초등학교,전남,전남광주통합특별시 여수시 대경도3길 48,B,공식·이름일치(주소 다름) · 주소변환과 0.4km,34.7169713512,127.7279316181
8552010,광양다압중학교,중학교,전남,전남광주통합특별시 광양시 다압면 섬진강매화로 ,B,공식·이름일치(주소 다름) · 주소변환과 3.7km 어긋남(이전 여부 확인),35.0905422522,127.7033166809
7140318,광양햇살학교,특수학교,전남,전남광주통합특별시 광양시 옥룡면 옥동길 14,X,못 찾음,,
8702013,금일중학교생일분교장,중학교,전남,전남광주통합특별시 완도군 생일면 생일로 613번길,B,공식·이름일치(주소 다름),34.33520257,126.9948871
7140317,나주이화학교,특수학교,전남,전남광주통합특별시 나주시 산포면 세남로 1354,O,OSM 같은이름(유일),35.0108899,126.8235341
8702035,노화중앙초등학교,초등학교,전남,전남광주통합특별시 완도군 노화읍 이목25번길 49-13,X,못 찾음,,
8592021,녹동초등학교시산분교장,초등학교,전남,전남광주통합특별시 고흥군 도양읍 시산석금길 30,X,못 찾음,,
7140258,덕수학교,특수학교,전남,전남광주통합특별시 강진군 성전면 예향로 181-13,O,OSM 같은이름(유일) · 주소변환과 1.7km,34.7075503,126.707265
8512141,돌산초등학교월호분교장,초등학교,전남,전남광주통합특별시 여수시 화정면 월호큰길 54,D,"도로 수준(근사, Photon) — 건물을 못 찾아 도로 위치",34.5759132,127.7222676
8502027,목포유달초등학교달리분교장,초등학교,전남,전남광주통합특별시 목포시 달리길157번길 35,G,주소변환(Nominatim),34.7763379,126.3180089
7140257,목포인성학교,특수학교,전남,전남광주통합특별시 목포시 영산로692번길 12-7,O,OSM 같은이름(유일),34.8276346,126.4248074
7140275,목포제일정보고등학교,평생학교(고)-3년6학기,전남,전남광주통합특별시 목포시 산정로 104,G,주소변환(Nominatim),34.8098167,126.3882653
7140156,목포제일정보중학교,평생학교(중)-3년6학기,전남,전남광주통합특별시 목포시 산정로 104,G,주소변환(Nominatim),34.8098167,126.3882653
8502008,목포청호중학교,중학교,전남,전남광주통합특별시 목포시 연산백련로31번길 ,B,공식·이름일치(주소 다름),34.8173657219,126.3899932107
8662058,무안희망중학교,중학교,전남,전남광주통합특별시 무안군 일로읍 오룡중앙남로 63,B,공식·이름일치(주소 다름),34.79488938,126.4830001
7140259,소림학교,특수학교,전남,전남광주통합특별시 영암군 삼호읍 저두길 65-7,O,OSM 같은이름(유일),34.7385088,126.460285
7140310,솔가람고등학교,각종학교(고),전남,전남광주통합특별시 담양군 봉산면 송강정로 170,D,"도로 수준(근사, Photon) — 건물을 못 찾아 도로 위치",35.2530385,126.9336388
7140256,순천선혜학교,특수학교,전남,전남광주통합특별시 순천시 비봉길 100,O,OSM 같은이름(유일),34.9649584,127.5192033
8692021,약수초등학교,초등학교,전남,전남광주통합특별시 장성군 북하면 백양로,B,공식·이름일치(주소 다름) · 주소변환과 0.1km,35.40826513,126.8814243
8642022,어란진초등학교어불분교장,초등학교,전남,전남광주통합특별시 해남군 송지면 어불길 50-7,O,OSM 같은이름(유일),34.3376866,126.4723275
7140255,여수여명학교,특수학교,전남,전남광주통합특별시 여수시 소라면 화양로 1965,D,"도로 수준(근사, Photon) — 건물을 못 찾아 도로 위치",34.6737494,127.622762
8652010,영암서호중학교,중학교,전남,전남광주통합특별시 영암군 서호면 서호로 332,B,공식·이름일치(주소 다름) · 주소변환과 0.5km,34.75622826,126.5845393
8712017,오산초등학교금호도분교장,초등학교,전남,전남광주통합특별시 진도군 고군면 금호도길 47,X,못 찾음,,
8512127,웅천초등학교,초등학교,전남,전남광주통합특별시 여수시 ,B,공식·이름일치(주소 다름) · 주소변환과 1.4km,34.7499559644,127.6743149475
7140313,월광기독학교,각종학교(고),전남,전남광주통합특별시 함평군 대동면 함장로 1750-37,G,주소변환(Nominatim),35.0604957,126.54397
local-a6d8cd1c7815,월광기독학교(중),각종학교(중),전남,전라남도 함평군 대동면 함장로 1750-37,D,"도로 수준(근사, Photon) — 건물을 못 찾아 도로 위치",35.0704084,126.5477341
8512055,율촌초등학교상봉분교장,초등학교,전남,전남광주통합특별시 여수시 율촌면 상봉1길 7,O,OSM 이름 변형(지역명·분교장 표기 차이),34.8225818,127.5552029
7140260,은광학교,특수학교,전남,전남광주통합특별시 영암군 삼호읍 신호정길 43-17,X,못 찾음,,
8552082,이음학교,각종학교(중),전남,전남광주통합특별시 광양시 광양읍 제철로 59,D,"도로 수준(근사, Photon) — 건물을 못 찾아 도로 위치",34.9491233,127.6083001
8622008,장흥안양중학교,중학교,전남,전남광주통합특별시 장흥군 안양면 운정2길,B,공식·이름일치(주소 다름),34.65304098,126.973885
8622006,장흥용산중학교,중학교,전남,전남광주통합특별시 장흥군 용산면 장흥대로 2445,B,공식·이름일치(주소 다름) · 주소변환과 0.4km,34.61668729,126.9139463
8622005,장흥장평중학교,중학교,전남,전남광주통합특별시 장흥군 장평면 장평중앙길,B,공식·이름일치(주소 다름),34.77411141,126.9734838
7140315,전남미래국제고등학교,각종학교(고),전남,전남광주통합특별시 강진군 강진읍 금릉2길 24,X,못 찾음,,
7140312,전남미래자동차고등학교,고등학교,전남,전남광주통합특별시 장흥군 장흥읍 행원강변길,B,공식·이름일치(주소 다름) · 주소변환과 0.7km,34.68789365,126.9009493
8712024,조도초등학교관사분교장,초등학교,전남,전남광주통합특별시 진도군 조도면 관사도길 12,O,OSM 같은이름(유일) · 주소변환과 0.0km,34.3093411,125.9756804
8712025,조도초등학교대마분교장,초등학교,전남,전남광주통합특별시 진도군 조도면 대마도길 26,O,OSM 같은이름(유일) · 주소변환과 0.0km,34.271299,125.9941142
8602026,조성초등학교,초등학교,전남,전남광주통합특별시 보성군 조성면 조성2길 4-7 ,B,공식·이름일치(주소 다름),34.8102265401,127.2486623515
8722017,증도초등학교소악분교장,초등학교,전남,전남광주통합특별시 신안군 증도면 소악길 87,O,OSM 이름 변형(지역명·분교장 표기 차이),34.9235836,126.1959899
8702030,청산초등학교,초등학교,전남,전남광주통합특별시 완도군 청산면 청산로 1579-74,B,공식·이름일치(주소 다름) · 주소변환과 0.5km,34.1829054025,126.8599051662
8702031,청산초등학교모도분교장,초등학교,전남,전남광주통합특별시 완도군 청산면 대모도12번길 20-1,B,공식·이름일치(주소 다름),34.2007406685,126.7536425374
7140274,학력인정목포제일정보고등학교,평생학교(고)-2년6학기,전남,전남광주통합특별시 목포시 산정로 104,G,주소변환(Nominatim),34.8098167,126.3882653
7140155,학력인정목포제일정보중학교,평생학교(중)-2년6학기,전남,전남광주통합특별시 목포시 산정로 104,G,주소변환(Nominatim),34.8098167,126.3882653
7140302,학력인정홍지고등학교,평생학교(고)-2년6학기,전남,전남광주통합특별시 보성군 벌교읍 녹색로 5071,G,주소변환(Nominatim),34.8367646,127.3310457
7140157,학력인정홍지중학교,평생학교(중)-2년6학기,전남,전남광주통합특별시 보성군 벌교읍 녹색로 5071,G,주소변환(Nominatim),34.8367646,127.3310457
7140261,함평영화학교,특수학교,전남,전남광주통합특별시 함평군 함평읍 한나리길 10-25,X,못 찾음,,
8642010,현산중학교,중학교,전남,전남광주통합특별시 해남군 현산면 탑동리길 ,B,공식·이름일치(주소 다름),34.4585056719,126.5577406582
8642018,현산초등학교,초등학교,전남,전남광주통합특별시 해남군 현산면 현산북평로,B,공식·이름일치(주소 다름),34.45943692,126.5535613
8722026,흑산초등학교영산분교장,초등학교,전남,전남광주통합특별시 신안군 흑산면 영산길 19-18,O,OSM 같은이름(유일) · 주소변환과 0.0km,34.6516857,125.4681049
8722025,흑산초등학교장도분교장,초등학교,전남,전남광주통합특별시 신안군 흑산면 장도길 49-1,G,주소변환(Nominatim),34.6786839,125.3782532
8722027,흑산초등학교하태분교장,초등학교,전남,전남광주통합특별시 신안군 흑산면 장굴길 43-2,G,"주소변환(Photon, 도로명·번호 일치)",34.3910178,125.2988657
8722029,흑산초등학교흑산동분교장,초등학교,전남,전남광주통합특별시 신안군 흑산면 김이수길 29-2,B,공식·이름일치(주소 다름) · 주소변환과 0.0km,34.73144241,125.4647307
local-27d5d08ac1aa,(가칭)호명중학교,중학교,경북,경상북도 예천군 예천읍 중앙로 40-5,G,주소변환(Nominatim),36.6554832,128.4545242
8750667,경북기계금속고등학교,고등학교,경북,경상북도 경산시 자인면,B,공식·이름일치(주소 다름) · 주소변환과 0.2km,35.8198905494,128.8217723053
8750358,경북영광학교,특수학교,경북,경상북도 영천시 북안면 신평탑골길 4,X,못 찾음,,
8750818,경북온라인학교,각종학교(고),경북,경상북도 경산시 남산면 하대2길 32-7,X,못 찾음,,
8750646,경산자인학교,특수학교,경북,경상북도 경산시 자인면 원효로156길 ,O,OSM 같은이름(유일),35.8074368,128.8171496
8851060,경산초등학교,초등학교,경북,경상북도 경산시 경안로 84 경산초등학교,B,공식·이름일치(주소 다름),35.8153508341,128.7398902
8750356,경희학교,특수학교,경북,경상북도 경주시 초당길15번길 15,O,OSM 같은이름(유일) · 주소변환과 0.0km,35.8472093,129.2311182
8750362,구미혜당학교,특수학교,경북,경상북도 구미시 선산대로 129-1,G,주소변환 — OSM 같은이름은 4.3km 떨어져 버림,36.1804367,128.3494301
8750642,글로벌선진학교문경캠퍼스,각종학교(고),경북,경상북도 문경시 영순면 영순로 366,O,OSM 같은이름(유일) · 주소변환과 1.2km,36.576522,128.244003
8750643,글로벌선진학교문경캠퍼스(중),각종학교(중),경북,경상북도 문경시 영순면 영순로 366,G,주소변환(Nominatim),36.5749286,128.2574103
8801140,금오중학교,중학교,경북,경상북도 구미시 왕산로,B,공식·이름일치(주소 다름) · 주소변환과 0.7km,36.0852838228,128.3703888981
8781058,김천초등학교,초등학교,경북,경상북도 김천시 남산공원3길 11-3,B,공식·이름일치(주소 다름),36.1181609509,128.1206130001
8821075,나무와중학교,각종학교(중),경북,경상북도 영천시 대창면 금창로 1095-60,D,도로 수준(근사) — 건물번호를 못 찾아 도로 위치,35.8887456,128.8892468
8761117,달전초등학교,초등학교,경북,경상북도 포항시 북구 흥해읍 이인로101번길 27-10,O,OSM 같은이름(유일) · 주소변환과 0.0km,36.0699133,129.3363531
8750733,대경문화예술고등학교,각종학교(고),경북,경상북도 경산시 자인면 단북1길 65,G,주소변환(Nominatim),35.8351207,128.8165215
8750761,링컨중고등학교,각종학교(고),경북,경상북도 김천시 대덕면 관기3길 129-505,X,못 찾음,,
8821074,산자연중학교,각종학교(중),경북,경상북도 영천시 화북면 오공길 189,X,못 찾음,,
8750357,상희학교,특수학교,경북,경상북도 상주시 상서문1길 99,O,OSM 같은이름(유일),36.412101,128.1571378
8750637,석적고등학교,고등학교,경북,경상북도 칠곡군 석적읍 동중리 1길 65-20,B,공식·이름일치(주소 다름),36.08165963,128.4184574689
8750360,안동영명학교,특수학교,경북,경상북도 안동시 북후면 산약길 12,X,못 찾음,,
8750359,안동진명학교,특수학교,경북,경상북도 안동시 평화7길 33,O,OSM 같은이름(유일) · 주소변환과 0.2km,36.5684508,128.7153467
8851074,와촌초등학교,초등학교,경북,경상북도 경산시 와촌면 금송로,B,공식·이름일치(주소 다름) · 주소변환과 2.0km,35.9364481603,128.8349214649
8761261,초곡초등학교,초등학교,경북,경상북도 포항시 북구 흥해읍 초곡지구로 ,B,공식·이름일치(주소 다름) · 주소변환과 0.6km,36.0974895395,129.3332757801
8750361,포항명도학교,특수학교,경북,경상북도 포항시 북구 소티재로 133,O,OSM 같은이름(유일) · 주소변환과 0.0km,36.0627664,129.3513322
8761158,포항영흥초등학교,초등학교,경북,경상북도 포항시 북구 중앙로 212,B,공식·이름일치(주소 다름) · 주소변환과 0.7km,36.0309666233,129.3680916292
8761275,포항해오름중학교,중학교,경북,경상북도 포항시 남구 오천읍 하원로26번길 20-11,B,공식·이름일치(주소 다름) · 주소변환과 0.0km,35.97310434,129.4073954386
8750634,학력인정경북미용예술고등학교,평생학교(고)-3년6학기,경북,경상북도 김천시 어모면 은림로 50-36,D,"도로 수준(근사, Photon) — 건물을 못 찾아 도로 위치",36.1904852,128.1386513
8750610,한동글로벌학교,특수학교,경북,경상북도 포항시 북구 흥해읍 한동로 558,G,주소변환(Nominatim),36.103127,129.3886111
local-bfe1791bf1ae,한동글로벌학교(중),각종학교(중),경북,경상북도 포항시 북구 흥해읍 한동로 558,G,주소변환(Nominatim),36.103127,129.3886111
local-efc128eb66ba,한동글로벌학교(초),각종학교(초),경북,경상북도 포항시 북구 흥해읍 한동로 558,G,주소변환(Nominatim),36.103127,129.3886111
8761168,효자초등학교,초등학교,경북,경상북도 포항시 남구 효성로 30,B,공식·이름일치(주소 다름) · 주소변환과 0.2km,36.0056676281,129.3375141627
9051008,가좌초등학교,초등학교,경남,경상남도 진주시 내동로 348번길,B,공식·이름일치(주소 다름),35.1495778422,128.1033319905
9111148,거제상문중학교,중학교,경남,경상남도 거제시 상동5길 75-25,B,공식·이름일치(주소 다름) · 주소변환과 0.3km,34.86279386,128.6347465301
9010202,거제애광학교,특수학교,경남,경상남도 거제시 거제대로 3063,O,OSM 같은이름(유일) · 주소변환과 0.0km,34.8667645,128.7213477
9010572,거창나래학교,특수학교,경남,경상남도 거창군 마리면 송림길 52,O,OSM 같은이름(유일),35.7007392,127.8515491
9010659,거창연극고등학교,각종학교(고),경남,경상남도 거창군 위천면 모동길 11-15,O,OSM 같은이름(유일) · 주소변환과 0.0km,35.755863,127.834384
9010539,경남고성음악고등학교,각종학교(고),경남,경상남도 고성군 하일면 공룡로 987,G,주소변환(Nominatim),34.9435707,128.196148
9010533,경남꿈키움중학교,각종학교(중),경남,경상남도 진주시 이반성면 길성길 1-80,O,OSM 같은이름(유일) · 주소변환과 1.1km,35.1534658,128.3259687
9010194,경남전자고등학교,고등기술학교,경남,경상남도 창원시 마산합포구 노산북6길 63,G,주소변환(Nominatim),35.2143689,128.5727355
9010200,경남혜림학교,특수학교,경남,경상남도 창원시 마산회원구 합성북2길 48,G,주소변환(Nominatim),35.2439357,128.5808283
C020714,경상국립대학교사범대학부설고등학교,고등학교,경남,경상남도 진주시 가좌길29번길,B,공식·이름일치(주소 다름) · 주소변환과 0.1km,35.1589968042,128.0965347745
9010388,공군항공과학고등학교,고등학교,경남,경상남도 진주시 금산면 송백로 46,G,주소변환(Nominatim),35.1919349,128.1362682
9091243,김해구산중학교,중학교,경남,경상남도 김해시 구산로5번길 31,G,주소변환 — OSM 같은이름은 30.9km 떨어져 버림,35.2549008,128.8695206
9010696,김해금곡고등학교,각종학교(고),경남,경상남도 김해시 한림면 금곡로182번길 43,G,주소변환 — OSM 같은이름은 21.0km 떨어져 버림,35.3434892,128.816012
9010536,김해은혜학교,특수학교,경남,경상남도 김해시 화목로 180,X,못 찾음,,
9171006,남명초등학교,초등학교,경남,경상남도 남해군 남면 남서대로 748,B,공식·이름일치(주소 다름) · 주소변환과 0.4km,34.7726465071,127.8900291768
9010672,남해보물섬고등학교,각종학교(고),경남,경상남도 남해군 창선면 서부로 1058-18,G,주소변환(Nominatim),34.8392448,127.9828208
9010044,대곡고등학교,고등학교,경남,경상남도 진주시 대곡면 남강로2438번길 39,G,주소변환 — OSM 같은이름은 69.0km 떨어져 버림,35.2611129,128.1660044
9091026,대동초등학교,초등학교,경남,경상남도 김해시 대동면 대동로 287,B,공식·이름일치(주소 다름) · 주소변환과 2.0km,35.2434729594,128.9802738
9010695,밀양아리솔학교,특수학교,경남,경상남도 밀양시 초동면 성만남전로 25,O,OSM 같은이름(유일) · 주소변환과 0.0km,35.408787,128.6956547
9010538,밀양영화고등학교,각종학교(고),경남,경상남도 밀양시 상남면 평촌중앙로 61-6,G,주소변환(Nominatim),35.4102878,128.7753533
9022504,북면중학교,중학교,경남,경상남도 창원시 의창구 북면 동전로110번길 26,B,공식·이름일치(주소 다름),35.30537723,128.5986797
9091238,신문초등학교,초등학교,경남,경상남도 김해시 신문1로 10,O,OSM 같은이름(유일),35.1886252,128.8279436
9010434,양산희망학교,특수학교,경남,경상남도 양산시 상북면 충렬로 993-25,G,주소변환 — OSM 같은이름은 4.0km 떨어져 버림,35.3931334,129.0489889
9010691,의령은광학교,특수학교,경남,경상남도 의령군 가례면 홍의로 236,D,"도로 수준(근사, Photon) — 건물을 못 찾아 도로 위치",35.3338912,128.2205393
9091242,주동초등학교,초등학교,경남,경상남도 김해시 주촌면 고모로134번길 54-49,O,OSM 같은이름(유일),35.24494,128.8365756
9051137,진주중학교부설방송통신중학교,방송통신중학교,경남,경상남도 진주시 의곡길15번길 1,H,본교(진주중학교) 좌표,35.1995329007,128.0805137107
9010201,진주혜광학교,특수학교,경남,경상남도 진주시 문산읍 월아산로1048번길 36,O,OSM 이름 변형(지역명·분교장 표기 차이) · 주소변환과 0.1km,35.1640758,128.1685369
9010503,창원동백학교,특수학교,경남,경상남도 창원시 마산합포구 구산면 반동길 370,D,"도로 수준(근사, Photon) — 건물을 못 찾아 도로 위치",35.0837699,128.5835454
9010569,창원예술학교,각종학교(고),경남,경상남도 창원시 마산회원구 구암북12길 24,G,주소변환(Nominatim),35.2564181,128.5983732
9010397,창원천광학교,특수학교,경남,경상남도 창원시 성산구 원이대로878번길 20,O,OSM 같은이름(유일),35.2106765,128.692796
9051122,초전초등학교,초등학교,경남,경상남도 진주시 초전북로,B,공식·이름일치(주소 다름) · 주소변환과 0.3km,35.20787261,128.1144687679
9071082,충무고등공민학교,고등공민학교,경남,경상남도 통영시 서문로 21,G,"주소변환(Photon, 도로명·번호 일치)",34.8882492,128.6184808
9010348,통영잠포학교,특수학교,경남,경상남도 통영시 도산면 도산일주로 1705,G,주소변환(Nominatim),34.9083872,128.3328446
9010387,학력인정 경남미용고등학교(2년제),평생학교(고)-2년6학기,경남,경상남도 창원시 마산회원구 봉암북6길 13,G,주소변환(Nominatim),35.2228138,128.59811
9010337,학력인정 경남미용고등학교(3년제),평생학교(고)-3년6학기,경남,경상남도 창원시 마산회원구 봉암북6길 13,G,주소변환(Nominatim),35.2228138,128.59811
9091086,활천중학교,중학교,경남,경상남도 김해시 분성로 707,B,공식·이름일치(주소 다름) · 주소변환과 6.5km 어긋남(이전 여부 확인),35.2356857878,128.9239732539
9299125,대정초등학교마라분교장,초등학교,제주,제주특별자치도 서귀포시 대정읍 마라로 58,G,주소변환(Nominatim),33.1191908,126.2667764
9290085,서귀포온성학교,특수학교,제주,제주특별자치도 서귀포시 516로 447-10,O,OSM 같은이름(유일) · 주소변환과 2.4km,33.291679,126.5930581
9290084,제주영송학교,특수학교,제주,제주특별자치도 제주시 애월읍 광령중길 126-3,X,못 찾음,,
9290083,제주영지학교,특수학교,제주,제주특별자치도 제주시 간월동로3길 15,O,OSM 같은이름(유일) · 주소변환과 0.1km,33.4884465,126.5423446
9290204,제주온라인학교,각종학교(고),제주,제주특별자치도 제주시 1100로 3213-3,G,주소변환(Nominatim),33.47279,126.485552
9296100,한림초등학교비양분교장,초등학교,제주,제주특별자치도 제주시 한림읍 비양도길 270,O,OSM 같은이름(유일),33.4071238,126.2313017
local-421a8596f2c7,AIDT고등학교,고등학교,재외,대구광역시 동구 동내로 64,G,주소변환(Nominatim),35.8772315,128.73536
local-1521f24e5bb3,AIDT중학교,중학교,재외,대구광역시 동구 동내로 64,G,주소변환(Nominatim),35.8772315,128.73536
local-5b6e6e055f3a,AIDT초등학교,초등학교,재외,대구광역시 동구 동내로 64,G,주소변환(Nominatim),35.8772315,128.73536
